ancestry	gene_symbol	source_file	url	expected_size_bytes	sha256	md5	synapse_id	synapse_parent_id	pipeline_batch_id	raw_lifecycle	raw_cleanup_at	raw_cleanup_reason
EUR	A1BG	A1BG_P04217_OID30771_v1_Inflammation_II.tar	https://www.synapse.org/Synapse:syn52363617	549263360		7b95f2f49ac892cd5c44c74c26ca364f	syn52363617	syn51365303				
EUR	AAMDC	AAMDC_Q9H7C9_OID30236_v1_Cardiometabolic_II.tar	https://www.synapse.org/Synapse:syn52362400	546283520		fa62996083cdc234b410b2d9dc122853	syn52362400	syn51365303				
EUR	AARSD1	AARSD1_Q9BTE6_OID21311_v1_Oncology.tar	https://www.synapse.org/Synapse:syn51471562	547655680		1a26d41319c0600b701965991d448897	syn51471562	syn51365303				
EUR	ABCA2	ABCA2_Q9BZC7_OID30146_v1_Cardiometabolic_II.tar	https://www.synapse.org/Synapse:syn52361344	545064960		42087d55c16d91fcaac23f1ca7baa05f	syn52361344	syn51365303				
EUR	ABHD14B	ABHD14B_Q96IU4_OID20921_v1_Neurology.tar	https://www.synapse.org/Synapse:syn51470065	546938880		dd509a46acaee136457450f562107703	syn51470065	syn51365303				
EUR	ABL1	ABL1_P00519_OID21280_v1_Oncology.tar	https://www.synapse.org/Synapse:syn51468700	547502080		911335c34c6ca1a8a06cd632f44e79da	syn51468700	syn51365303				
EUR	ABO	ABO_P16442_OID30675_v1_Inflammation_II.tar	https://www.synapse.org/Synapse:syn52363597	550615040		2feed3e0a9c00fb1e6c60f7ac0c96497	syn52363597	syn51365303				
EUR	ABRAXAS2	ABRAXAS2_Q15018_OID30130_v1_Cardiometabolic_II.tar	https://www.synapse.org/Synapse:syn52363381	545064960		ac37a7655cc0fa22944a50605007e205	syn52363381	syn51365303				
EUR	ACAA1	ACAA1_P09110_OID21269_v1_Oncology.tar	https://www.synapse.org/Synapse:syn51471196	545177600		5684dcc9a7d7d4592c07e1c560597c40	syn51471196	syn51365303				
EUR	ACADM	ACADM_P11310_OID31277_v1_Oncology_II.tar	https://www.synapse.org/Synapse:syn52361761	546805760		b5d3a057df948b07da9c08081f2d7c73	syn52361761	syn51365303				
EUR	ACADSB	ACADSB_P45954_OID30356_v1_Cardiometabolic_II.tar	https://www.synapse.org/Synapse:syn52361324	548864000		a026cdc671331537e7b11518af872afd	syn52361324	syn51365303				
EUR	ACAN	ACAN_P16112_OID20159_v1_Cardiometabolic.tar	https://www.synapse.org/Synapse:syn51469712	547368960		2a3f76a84aa8d92d6668e3028d17e0b1	syn51469712	syn51365303				
EUR	ACE2	ACE2_Q9BYF1_OID20105_v1_Cardiometabolic.tar	https://www.synapse.org/Synapse:syn51470344	546252800		dd833e177c2e51f883bc2a75349e6681	syn51470344	syn51365303				
EUR	ACE	ACE_P12821_OID30696_v1_Inflammation_II.tar	https://www.synapse.org/Synapse:syn52361489	549191680		0ce95c9b5df0dc66b56328c9c240108b	syn52361489	syn51365303				
EUR	ACHE	ACHE_P22303_OID30585_v1_Inflammation_II.tar	https://www.synapse.org/Synapse:syn52363069	546549760		aa4d9ee61d0bf6e7dfe5a9b08257dc9e	syn52363069	syn51365303				
EUR	ACOT13	ACOT13_Q9NPJ3_OID31522_v1_Oncology_II.tar	https://www.synapse.org/Synapse:syn52362654	548311040		5b9f73506facbb0a9d1bb87b57b82494	syn52362654	syn51365303				
EUR	ACOX1	ACOX1_Q15067_OID20124_v1_Cardiometabolic.tar	https://www.synapse.org/Synapse:syn51468701	547942400		b9b62862c58e024293460052f697b388	syn51468701	syn51365303				
EUR	ACP1	ACP1_P24666_OID30524_v1_Inflammation_II.tar	https://www.synapse.org/Synapse:syn52362464	545689600		ecd587e822cad3cea2011ee115978507	syn52362464	syn51365303				
EUR	ACP5	ACP5_P13686_OID20314_v1_Cardiometabolic.tar	https://www.synapse.org/Synapse:syn51470860	549089280		3ef115672a6455eedd86da7b9b435891	syn51470860	syn51365303				
EUR	ACP6	ACP6_Q9NPH0_OID21432_v1_Oncology.tar	https://www.synapse.org/Synapse:syn51470643	550256640		e3f6308f1fc3d35d441319d8c6e8d746	syn51470643	syn51365303				
EUR	ACRBP	ACRBP_Q8NEB7_OID31385_v1_Oncology_II.tar	https://www.synapse.org/Synapse:syn52363610	548249600		a374c9106f7559274142546e316026f4	syn52363610	syn51365303				
EUR	ACRV1	ACRV1_P26436_OID30513_v1_Inflammation_II.tar	https://www.synapse.org/Synapse:syn52361862	547194880		71da9d8b44e63778d70c5f50a5876e85	syn52361862	syn51365303				
EUR	ACSL1	ACSL1_P33121_OID30080_v1_Cardiometabolic_II.tar	https://www.synapse.org/Synapse:syn52361929	545013760		2b7194139b766064a168ed387c604d51	syn52361929	syn51365303				
EUR	ACTA2	ACTA2_P62736_OID20079_v1_Cardiometabolic.tar	https://www.synapse.org/Synapse:syn51469126	546222080		ad164ebe5a531e04bcabb0acbae97ad7	syn51469126	syn51365303				
EUR	ACTN2	ACTN2_P35609_OID30192_v1_Cardiometabolic_II.tar	https://www.synapse.org/Synapse:syn52363424	545126400		ee49ac5f45d1b40a09b883969c2526a4	syn52363424	syn51365303				
EUR	ACTN4	ACTN4_O43707_OID20435_v1_Inflammation.tar	https://www.synapse.org/Synapse:syn51468905	545853440		6eef5575fce5b1c43a51b9260c9f87a6	syn51468905	syn51365303				
EUR	ACVRL1	ACVRL1_P37023_OID20999_v1_Neurology.tar	https://www.synapse.org/Synapse:syn51468763	547133440		0722e58db32bccef18717f1dd082a816	syn51468763	syn51365303				
EUR	ACY1	ACY1_Q03154_OID20137_v1_Cardiometabolic.tar	https://www.synapse.org/Synapse:syn51470131	548208640		616780230d8ca885043d9ce7cb46e615	syn51470131	syn51365303				
EUR	ACY3	ACY3_Q96HD9_OID30086_v1_Cardiometabolic_II.tar	https://www.synapse.org/Synapse:syn52361652	545208320		2298712fe0b7e53a52a05cf21b49783e	syn52361652	syn51365303				
EUR	ACYP1	ACYP1_P07311_OID30642_v1_Inflammation_II.tar	https://www.synapse.org/Synapse:syn52361955	545904640		5489b85ad2544e9456f51452a8e3cfff	syn52361955	syn51365303				
EUR	ADA2	ADA2_Q9NZK5_OID20394_v1_Cardiometabolic.tar	https://www.synapse.org/Synapse:syn51469366	547164160		a4080f51fd26beca2d19be465537eede	syn51469366	syn51365303				
EUR	ADAM12	ADAM12_O43184_OID30491_v1_Inflammation_II.tar	https://www.synapse.org/Synapse:syn52361300	545515520		feb6aacfd956b80ad709f52e92ff9c24	syn52361300	syn51365303				
EUR	ADAM15	ADAM15_Q13444_OID20109_v1_Cardiometabolic.tar	https://www.synapse.org/Synapse:syn51470500	546693120		9e7db381aac82db60f1a1deccf19cb50	syn51470500	syn51365303				
EUR	ADAM22	ADAM22_Q9P0K1_OID21001_v1_Neurology.tar	https://www.synapse.org/Synapse:syn51470175	547553280		ab38a0e3c40946af2b669632c48a7a0e	syn51470175	syn51365303				
EUR	ADAM23	ADAM23_O75077_OID20651_v1_Inflammation.tar	https://www.synapse.org/Synapse:syn51470197	549918720		5bec8dfad8f4016e93defb2ca9f538e9	syn51470197	syn51365303				
EUR	ADAM8	ADAM8_P78325_OID21039_v1_Neurology.tar	https://www.synapse.org/Synapse:syn51470522	548843520		a319cb489ef51ef539900fcccd054ea2	syn51470522	syn51365303				
EUR	ADAM9	ADAM9_Q13443_OID31488_v1_Oncology_II.tar	https://www.synapse.org/Synapse:syn52361982	548392960		b8a3c099d5e3f3dd1e34dcce76fbe034	syn52361982	syn51365303				
EUR	ADAMTS13	ADAMTS13_Q76LX8_OID20249_v1_Cardiometabolic.tar	https://www.synapse.org/Synapse:syn51468611	549539840		2b9ecb607eb06a17c6be633515d1c43d	syn51468611	syn51365303				
EUR	ADAMTS15	ADAMTS15_Q8TE58_OID21275_v1_Oncology.tar	https://www.synapse.org/Synapse:syn51468665	547379200		d16f2e47695695fff1cfea6bc2658299	syn51468665	syn51365303				
EUR	ADAMTS16	ADAMTS16_Q8TE57_OID20089_v1_Cardiometabolic.tar	https://www.synapse.org/Synapse:syn51469537	546088960		c1bea89762c4c05d98b8c229f7206e4d	syn51469537	syn51365303				
EUR	ADAMTS1	ADAMTS1_Q9UHI8_OID30528_v1_Inflammation_II.tar	https://www.synapse.org/Synapse:syn52363242	545484800		6847bfe08fe64a8985fd43acd7929f74	syn52363242	syn51365303				
EUR	ADAMTS4	ADAMTS4_O75173_OID30471_v1_Inflammation_II.tar	https://www.synapse.org/Synapse:syn52362436	545556480		a1ca483e8cee5377025a2b60e1cb0603	syn52362436	syn51365303				
EUR	ADAMTS8	ADAMTS8_Q9UP79_OID21502_v1_Oncology.tar	https://www.synapse.org/Synapse:syn51471347	548833280		728060672070423de8a64fc3737f52b3	syn51471347	syn51365303				
EUR	ADAMTSL2	ADAMTSL2_Q86TH1_OID30370_v1_Cardiometabolic_II.tar	https://www.synapse.org/Synapse:syn52362101	548802560		a271fdf1a3142740e4fb5539a27d851b	syn52362101	syn51365303				
EUR	ADAMTSL4	ADAMTSL4_Q6UY14_OID30275_v1_Cardiometabolic_II.tar	https://www.synapse.org/Synapse:syn52363103	545914880		e83ed9dbf51cd50b82df4c2278c35d18	syn52363103	syn51365303				
EUR	ADAMTSL5	ADAMTSL5_Q6ZMM2_OID30355_v1_Cardiometabolic_II.tar	https://www.synapse.org/Synapse:syn52361277	548997120		4b8f007f728823abb375ad5416c25c64	syn52361277	syn51365303				
EUR	ADA	ADA_P00813_OID20645_v1_Inflammation.tar	https://www.synapse.org/Synapse:syn51470111	549826560		babf30cc11bdfb689c3df6a7d24d5c29	syn51470111	syn51365303				
EUR	ADCYAP1R1	ADCYAP1R1_P41586_OID21188_v1_Oncology.tar	https://www.synapse.org/Synapse:syn51471394	545136640		e63e0b056d4bfc2dd74c9b77abcf1143	syn51471394	syn51365303				
EUR	ADD1	ADD1_P35611_OID30655_v1_Inflammation_II.tar	https://www.synapse.org/Synapse:syn52363487	546385920		8d44f8950f907bacbba9226f14d20cf2	syn52363487	syn51365303				
EUR	ADGRB3	ADGRB3_O60242_OID20974_v1_Neurology.tar	https://www.synapse.org/Synapse:syn51470778	548331520		4e93d1d545e1410a8a8c728e469f5c20	syn51470778	syn51365303				
EUR	ADGRD1	ADGRD1_Q6QNK2_OID30588_v1_Inflammation_II.tar	https://www.synapse.org/Synapse:syn52363168	547010560		bbdc734ed3f859fe42aea0e65452fa02	syn52363168	syn51365303				
EUR	ADGRE1	ADGRE1_Q14246_OID31483_v1_Oncology_II.tar	https://www.synapse.org/Synapse:syn52361743	548474880		d082b42d1edbf6601122b72c31ce8554	syn52361743	syn51365303				
EUR	ADGRE2	ADGRE2_Q9UHX3_OID20755_v1_Inflammation.tar	https://www.synapse.org/Synapse:syn51469551	548771840		820493989a0d7621709f7f880ad12d4c	syn51469551	syn51365303				
EUR	ADGRE5	ADGRE5_P48960_OID20260_v1_Cardiometabolic.tar	https://www.synapse.org/Synapse:syn51468421	548945920		5987ac6d2ce271beba218c48ff4dd43e	syn51468421	syn51365303				
EUR	ADGRF5	ADGRF5_Q8IZF2_OID30349_v1_Cardiometabolic_II.tar	https://www.synapse.org/Synapse:syn52363153	549017600		72133b91791cef6b98dbdefd49639926	syn52363153	syn51365303				
EUR	ADGRG1	ADGRG1_Q9Y653_OID21294_v1_Oncology.tar	https://www.synapse.org/Synapse:syn51469563	547655680		bd7e90e103aa7b5d47c1bb02ea47ec93	syn51469563	syn51365303				
EUR	ADGRG2	ADGRG2_Q8IZP9_OID20189_v1_Cardiometabolic.tar	https://www.synapse.org/Synapse:syn51471240	548382720		240ecdbb5552182c11967ad528b4b0ae	syn51471240	syn51365303				
EUR	ADGRV1	ADGRV1_Q8WXG9_OID30877_v1_Neurology_II.tar	https://www.synapse.org/Synapse:syn52363377	545034240		6de3cee63fe58a594b4cca2dd57085aa	syn52363377	syn51365303				
EUR	ADH1B	ADH1B_P00325_OID30612_v1_Inflammation_II.tar	https://www.synapse.org/Synapse:syn52362389	546314240		be07a276abb35ceddce8105b3f2bad77	syn52362389	syn51365303				
EUR	ADH4	ADH4_P08319_OID20117_v1_Cardiometabolic.tar	https://www.synapse.org/Synapse:syn51471289	545925120		178aa1e1b9340a45fc07589c921aaa79	syn51471289	syn51365303				
EUR	ADIPOQ	ADIPOQ_Q15848_OID30748_v1_Inflammation_II.tar	https://www.synapse.org/Synapse:syn52362649	549785600		49c28c72714849cbcaad8a257630f972	syn52362649	syn51365303				
EUR	ADM	ADM_P35318_OID21467_v1_Oncology.tar	https://www.synapse.org/Synapse:syn51468664	549160960		ea621955a243960953f682c4d1393948	syn51468664	syn51365303				
EUR	ADRA2A	ADRA2A_P08913_OID30067_v1_Cardiometabolic_II.tar	https://www.synapse.org/Synapse:syn52361689	545013760		0142622a09b3ec1e5534dda0f484b988	syn52361689	syn51365303				
EUR	AFAP1	AFAP1_Q8N556_OID30569_v1_Inflammation_II.tar	https://www.synapse.org/Synapse:syn52363491	547491840		9f64378bc38fa3fa38da028d2c501652	syn52363491	syn51365303				
EUR	AFM	AFM_P43652_OID30741_v1_Inflammation_II.tar	https://www.synapse.org/Synapse:syn52361876	549048320		4e35ce792ed43c48afaef45e02532eab	syn52361876	syn51365303				
EUR	AFP	AFP_P02771_OID20978_v1_Neurology.tar	https://www.synapse.org/Synapse:syn51470299	547010560		e4510e175967f2244d64e22e33a3d698	syn51470299	syn51365303				
EUR	AGBL2	AGBL2_Q5U5Z8_OID30793_v1_Neurology_II.tar	https://www.synapse.org/Synapse:syn52361900	544983040		a82590644b4ecb43b1ec6d4bb530a8c3	syn52361900	syn51365303				
EUR	AGER	AGER_Q15109_OID20756_v1_Inflammation.tar	https://www.synapse.org/Synapse:syn51468798	547665920		4bdea69e379c77c0bbfc97f37afa2b84	syn51468798	syn51365303				
EUR	AGR2	AGR2_O95994_OID20896_v1_Neurology.tar	https://www.synapse.org/Synapse:syn51471222	544675840		d57bc40e9c2a7008149ffd89b90237e2	syn51471222	syn51365303				
EUR	AGR3	AGR3_Q8TD06_OID21243_v1_Oncology.tar	https://www.synapse.org/Synapse:syn51469645	544942080		f0a91b4c461203a8e8e75114bc1e75f4	syn51469645	syn51365303				
EUR	AGRN	AGRN_O00468_OID20786_v1_Inflammation.tar	https://www.synapse.org/Synapse:syn51468633				syn51468633	syn51365303				
EUR	AGRP	AGRP_O00253_OID20658_v1_Inflammation.tar	https://www.synapse.org/Synapse:syn51471023				syn51471023	syn51365303				
EUR	AGT	AGT_P01019_OID30709_v1_Inflammation_II.tar	https://www.synapse.org/Synapse:syn52363066				syn52363066	syn51365303				
EUR	AGXT	AGXT_P21549_OID20139_v1_Cardiometabolic.tar	https://www.synapse.org/Synapse:syn51468930	548116480		4ff6bc413892e382f7d26585a6e605a6	syn51468930	syn51365303				
EUR	AHCY	AHCY_P23526_OID20199_v1_Cardiometabolic.tar	https://www.synapse.org/Synapse:syn51470240	548136960		d7ab9490090b676e640c41d3261b0740	syn51470240	syn51365303				
EUR	AHNAK2	AHNAK2_Q8IVF2_OID30244_v1_Cardiometabolic_II.tar	https://www.synapse.org/Synapse:syn52362498				syn52362498	syn51365303				
EUR	AHNAK	AHNAK_Q09666_OID30260_v1_Cardiometabolic_II.tar	https://www.synapse.org/Synapse:syn52361593				syn52361593	syn51365303				
EUR	AHSA1	AHSA1_O95433_OID31379_v1_Oncology_II.tar	https://www.synapse.org/Synapse:syn52363193				syn52363193	syn51365303				
EUR	AHSG	AHSG_P02765_OID30706_v1_Inflammation_II.tar	https://www.synapse.org/Synapse:syn52362467	549591040		8f427ed1b95e8002e53e87c913e6768d	syn52362467	syn51365303				
EUR	AHSP	AHSP_Q9NZD4_OID21078_v1_Neurology.tar	https://www.synapse.org/Synapse:syn51468414				syn51468414	syn51365303				
EUR	AIDA	AIDA_Q96BJ3_OID30956_v1_Neurology_II.tar	https://www.synapse.org/Synapse:syn52363638				syn52363638	syn51365303				
EUR	AIF1L	AIF1L_Q9BQI0_OID30204_v1_Cardiometabolic_II.tar	https://www.synapse.org/Synapse:syn52362849	545812480		d5673fc17e92219f03acaf38676c9569	syn52362849	syn51365303				
EUR	AIF1	AIF1_P55008_OID21234_v1_Oncology.tar	https://www.synapse.org/Synapse:syn51470791	545198080		6a53606dba2bd74bf372b980ceea2b40	syn51470791	syn51365303				
EUR	AIFM1	AIFM1_O95831_OID21287_v1_Oncology.tar	https://www.synapse.org/Synapse:syn51469999				syn51469999	syn51365303				
EUR	AK1	AK1_P00568_OID20122_v1_Cardiometabolic.tar	https://www.synapse.org/Synapse:syn51471062				syn51471062	syn51365303				
EUR	AK2	AK2_P54819_OID31142_v1_Neurology_II.tar	https://www.synapse.org/Synapse:syn52362653				syn52362653	syn51365303				
EUR	AKAP12	AKAP12_Q02952_OID30571_v1_Inflammation_II.tar	https://www.synapse.org/Synapse:syn52363603				syn52363603	syn51365303				
EUR	AKR1B10	AKR1B10_O60218_OID30955_v1_Neurology_II.tar	https://www.synapse.org/Synapse:syn52362243				syn52362243	syn51365303				
EUR	AKR1B1	AKR1B1_P15121_OID21244_v1_Oncology.tar	https://www.synapse.org/Synapse:syn51468721				syn51468721	syn51365303				
EUR	AKR1C4	AKR1C4_P17516_OID20062_v1_Cardiometabolic.tar	https://www.synapse.org/Synapse:syn51469028				syn51469028	syn51365303				
EUR	AKR7L	AKR7L_Q8NHP1_OID30488_v1_Inflammation_II.tar	https://www.synapse.org/Synapse:syn52361709				syn52361709	syn51365303				
EUR	AKT1S1	AKT1S1_Q96B36_OID20895_v1_Neurology.tar	https://www.synapse.org/Synapse:syn51469116				syn51469116	syn51365303				
EUR	AKT2	AKT2_P31751_OID31052_v1_Neurology_II.tar	https://www.synapse.org/Synapse:syn52362530				syn52362530	syn51365303				
EUR	AKT3	AKT3_Q9Y243_OID21197_v1_Oncology.tar	https://www.synapse.org/Synapse:syn51470944				syn51470944	syn51365303				
EUR	ALCAM	ALCAM_Q13740_OID20273_v1_Cardiometabolic.tar	https://www.synapse.org/Synapse:syn51471198				syn51471198	syn51365303				
EUR	ALDH1A1	ALDH1A1_P00352_OID21128_v1_Neurology.tar	https://www.synapse.org/Synapse:syn51471350				syn51471350	syn51365303				
EUR	ALDH2	ALDH2_P05091_OID31380_v1_Oncology_II.tar	https://www.synapse.org/Synapse:syn52362974				syn52362974	syn51365303				
EUR	ALDH3A1	ALDH3A1_P30838_OID20512_v1_Inflammation.tar	https://www.synapse.org/Synapse:syn51469607				syn51469607	syn51365303				
EUR	ALDH5A1	ALDH5A1_P51649_OID31047_v1_Neurology_II.tar	https://www.synapse.org/Synapse:syn52362255				syn52362255	syn51365303				
EUR	ALMS1	ALMS1_Q8TCU4_OID31275_v1_Oncology_II.tar	https://www.synapse.org/Synapse:syn52361439				syn52361439	syn51365303				
EUR	ALPI	ALPI_P09923_OID30497_v1_Inflammation_II.tar	https://www.synapse.org/Synapse:syn52363660	546385920		7b10e3db9b36ece918492c85bfa65767	syn52363660	syn51365303				
EUR	ALPP	ALPP_P05187_OID21383_v1_Oncology.tar	https://www.synapse.org/Synapse:syn51469883				syn51469883	syn51365303				
EUR	AMBN	AMBN_Q9NP70_OID20437_v1_Inflammation.tar	https://www.synapse.org/Synapse:syn51468672				syn51468672	syn51365303				
EUR	AMBP	AMBP_P02760_OID21413_v1_Oncology.tar	https://www.synapse.org/Synapse:syn51470188	548925440		899bdfc63e7c02d8b257cf6ab164f5c0	syn51470188	syn51365303				
EUR	AMDHD2	AMDHD2_Q9Y303_OID30366_v1_Cardiometabolic_II.tar	https://www.synapse.org/Synapse:syn52363653				syn52363653	syn51365303				
EUR	AMFR	AMFR_Q9UKV5_OID20806_v1_Neurology.tar	https://www.synapse.org/Synapse:syn51470371				syn51470371	syn51365303				
EUR	AMIGO1	AMIGO1_Q86WK6_OID30881_v1_Neurology_II.tar	https://www.synapse.org/Synapse:syn52363360				syn52363360	syn51365303				
EUR	AMIGO2	AMIGO2_Q86SJ2_OID21370_v1_Oncology.tar	https://www.synapse.org/Synapse:syn51469111	547471360		9e5f05291eec9b842566d5fe806f162e	syn51469111	syn51365303				
EUR	AMN	AMN_Q9BXJ7_OID20492_v1_Inflammation.tar	https://www.synapse.org/Synapse:syn51468810				syn51468810	syn51365303				
EUR	AMOTL2	AMOTL2_Q9Y2J4_OID31351_v1_Oncology_II.tar	https://www.synapse.org/Synapse:syn52361343				syn52361343	syn51365303				
EUR	AMOT	AMOT_Q4VCS5_OID30572_v1_Inflammation_II.tar	https://www.synapse.org/Synapse:syn52362029				syn52362029	syn51365303				
EUR	AMPD3	AMPD3_Q01432_OID31139_v1_Neurology_II.tar	https://www.synapse.org/Synapse:syn52361861				syn52361861	syn51365303				
EUR	AMY1A	AMY1A_AMY1B_AMY1C_P0DUB6_P0DTE7_P0DTE8_OID30707_v1_Inflammation_II.tar	https://www.synapse.org/Synapse:syn52361338	541644800		f1e59b40a7b2e0de4338083a8ef46878	syn52361338	syn51365303				
EUR	AMY2A	AMY2A_P04746_OID20333_v1_Cardiometabolic.tar	https://www.synapse.org/Synapse:syn51469158				syn51469158	syn51365303				
EUR	AMY2B	AMY2B_P19961_OID20340_v1_Cardiometabolic.tar	https://www.synapse.org/Synapse:syn51471025				syn51471025	syn51365303				
EUR	ANGPT1	ANGPT1_Q15389_OID20740_v1_Inflammation.tar	https://www.synapse.org/Synapse:syn51471320				syn51471320	syn51365303				
EUR	ANGPT2	ANGPT2_O15123_OID21463_v1_Oncology.tar	https://www.synapse.org/Synapse:syn51468418	548945920		764d24445d0f4200bf8021221c64b871	syn51468418	syn51365303				
EUR	ANGPTL1	ANGPTL1_O95841_OID20211_v1_Cardiometabolic.tar	https://www.synapse.org/Synapse:syn51470490	546222080		4e407ecb0d5ae103f54e6fc2334a29dc	syn51470490	syn51365303				
EUR	ANGPTL2	ANGPTL2_Q9UKU9_OID20726_v1_Inflammation.tar	https://www.synapse.org/Synapse:syn51469585				syn51469585	syn51365303				
EUR	ANGPTL3	ANGPTL3_Q9Y5C1_OID20407_v1_Cardiometabolic.tar	https://www.synapse.org/Synapse:syn51468817	548392960		d60c7fabf05eae10969d92adb62e098b	syn51468817	syn51365303				
EUR	ANGPTL4	ANGPTL4_Q9BY76_OID20703_v1_Inflammation.tar	https://www.synapse.org/Synapse:syn51468799				syn51468799	syn51365303				
EUR	ANGPTL7	ANGPTL7_O43827_OID21412_v1_Oncology.tar	https://www.synapse.org/Synapse:syn51470124				syn51470124	syn51365303				
EUR	ANG	ANG_P03950_OID20403_v1_Cardiometabolic.tar	https://www.synapse.org/Synapse:syn51469012	548096000		4a48206fccc34fb44c95a201c868cd8d	syn51469012	syn51365303				
EUR	ANK2	ANK2_Q01484_OID30161_v1_Cardiometabolic_II.tar	https://www.synapse.org/Synapse:syn52361757				syn52361757	syn51365303				
EUR	ANKMY2	ANKMY2_Q8IV38_OID30518_v1_Inflammation_II.tar	https://www.synapse.org/Synapse:syn52362204				syn52362204	syn51365303				
EUR	ANKRA2	ANKRA2_Q9H9E1_OID31173_v1_Oncology_II.tar	https://www.synapse.org/Synapse:syn52362006				syn52362006	syn51365303				
EUR	ANKRD54	ANKRD54_Q6NXT1_OID21162_v1_Oncology.tar	https://www.synapse.org/Synapse:syn51468845				syn51468845	syn51365303				
EUR	ANP32C	ANP32C_O43423_OID30203_v1_Cardiometabolic_II.tar	https://www.synapse.org/Synapse:syn52361331	545689600		02da829754a6bdafe1d06583a54a5788	syn52361331	syn51365303				
EUR	ANPEP	ANPEP_P15144_OID20350_v1_Cardiometabolic.tar	https://www.synapse.org/Synapse:syn51470939	548495360		39f8356123c0f6be00c0665c857181d8	syn51470939	syn51365303				
EUR	ANXA10	ANXA10_Q9UJ72_OID20886_v1_Neurology.tar	https://www.synapse.org/Synapse:syn51471452				syn51471452	syn51365303				
EUR	ANXA11	ANXA11_P50995_OID20583_v1_Inflammation.tar	https://www.synapse.org/Synapse:syn51471227				syn51471227	syn51365303				
EUR	ANXA1	ANXA1_P04083_OID30617_v1_Inflammation_II.tar	https://www.synapse.org/Synapse:syn52362680				syn52362680	syn51365303				
EUR	ANXA2	ANXA2_P07355_OID30263_v1_Cardiometabolic_II.tar	https://www.synapse.org/Synapse:syn52362565				syn52362565	syn51365303				
EUR	ANXA3	ANXA3_P12429_OID21036_v1_Neurology.tar	https://www.synapse.org/Synapse:syn51469713	548720640		95494174731a926aacba943d1cd1de3c	syn51469713	syn51365303				
EUR	ANXA4	ANXA4_P09525_OID20123_v1_Cardiometabolic.tar	https://www.synapse.org/Synapse:syn51470805	547389440		25b73ae25dc02e96c7d3bfbb8815a93f	syn51470805	syn51365303				
EUR	ANXA5	ANXA5_P08758_OID20810_v1_Neurology.tar	https://www.synapse.org/Synapse:syn51470480				syn51470480	syn51365303				
EUR	AOC1	AOC1_P19801_OID20452_v1_Inflammation.tar	https://www.synapse.org/Synapse:syn51470391				syn51470391	syn51365303				
EUR	AOC3	AOC3_Q16853_OID20389_v1_Cardiometabolic.tar	https://www.synapse.org/Synapse:syn51470284				syn51470284	syn51365303				
EUR	AP1G2	AP1G2_O75843_OID31348_v1_Oncology_II.tar	https://www.synapse.org/Synapse:syn52361914				syn52361914	syn51365303				
EUR	AP2B1	AP2B1_P63010_OID30949_v1_Neurology_II.tar	https://www.synapse.org/Synapse:syn52362636				syn52362636	syn51365303				
EUR	AP3B1	AP3B1_O00203_OID31478_v1_Oncology_II.tar	https://www.synapse.org/Synapse:syn52362134				syn52362134	syn51365303				
EUR	AP3S2	AP3S2_P59780_OID31117_v1_Neurology_II.tar	https://www.synapse.org/Synapse:syn52363498	548536320		73f5cb217ef1eaf68233985a9a5ca350	syn52363498	syn51365303				
EUR	APBB1IP	APBB1IP_Q7Z5R6_OID21359_v1_Oncology.tar	https://www.synapse.org/Synapse:syn51470275				syn51470275	syn51365303				
EUR	APCS	APCS_P02743_OID30778_v1_Inflammation_II.tar	https://www.synapse.org/Synapse:syn52361407				syn52361407	syn51365303				
EUR	APEX1	APEX1_P27695_OID21434_v1_Oncology.tar	https://www.synapse.org/Synapse:syn51468408	548771840		8206583242de8c346041f4ba9282d47f	syn51468408	syn51365303				
EUR	APLP1	APLP1_P51693_OID20164_v1_Cardiometabolic.tar	https://www.synapse.org/Synapse:syn51468816				syn51468816	syn51365303				
EUR	APOA1	APOA1_P02647_OID30769_v1_Inflammation_II.tar	https://www.synapse.org/Synapse:syn52362862	549253120		93edf0408b422bf940fb13adcdfdcb39	syn52362862	syn51365303				
EUR	APOA2	APOA2_P02652_OID30686_v1_Inflammation_II.tar	https://www.synapse.org/Synapse:syn52363402	549099520		c2f1388427ffcb284974f3a4dc7adaed	syn52363402	syn51365303				
EUR	APOA4	APOA4_P06727_OID30733_v1_Inflammation_II.tar	https://www.synapse.org/Synapse:syn52361547	548997120		cdf7762ff03632829059216477a5a0a8	syn52361547	syn51365303				
EUR	APOBR	APOBR_Q0VD83_OID30246_v1_Cardiometabolic_II.tar	https://www.synapse.org/Synapse:syn52361839				syn52361839	syn51365303				
EUR	APOB	APOB_P04114_OID30673_v1_Inflammation_II.tar	https://www.synapse.org/Synapse:syn52361466				syn52361466	syn51365303				
EUR	APOC1	APOC1_P02654_OID30749_v1_Inflammation_II.tar	https://www.synapse.org/Synapse:syn52361316	549058560		1960f12af25b4a982e90a3b59340241c	syn52361316	syn51365303				
EUR	APOD	APOD_P05090_OID30746_v1_Inflammation_II.tar	https://www.synapse.org/Synapse:syn52361501				syn52361501	syn51365303				
EUR	APOE	APOE_P02649_OID30727_v1_Inflammation_II.tar	https://www.synapse.org/Synapse:syn52362532	549847040		ff51c57bf975ff73df65c591db557343	syn52362532	syn51365303				
EUR	APOF	APOF_Q13790_OID30701_v1_Inflammation_II.tar	https://www.synapse.org/Synapse:syn52361579	549079040		0216e03986d76ed73b9b88e9fad31d19	syn52361579	syn51365303				
EUR	APOH	APOH_P02749_OID21072_v1_Neurology.tar	https://www.synapse.org/Synapse:syn51471179				syn51471179	syn51365303				
EUR	APOL1	APOL1_O14791_OID30708_v1_Inflammation_II.tar	https://www.synapse.org/Synapse:syn52361624	549447680		ffb5da74f495fb721228789b846b29c5	syn52361624	syn51365303				
EUR	APOM	APOM_O95445_OID20374_v1_Cardiometabolic.tar	https://www.synapse.org/Synapse:syn51471413	548280320		588f35decc07590eb62df3864bbf5688	syn51471413	syn51365303				
EUR	APPL2	APPL2_Q8NEU8_OID30590_v1_Inflammation_II.tar	https://www.synapse.org/Synapse:syn52363464	546252800		51c75efb76b6f7e20fb45bacf20c9b37	syn52363464	syn51365303				
EUR	APP	APP_P05067_OID21070_v1_Neurology.tar	https://www.synapse.org/Synapse:syn51470248	547962880		644ac4c32327a6c00755ba4b4656f7b7	syn51470248	syn51365303				
EUR	APRT	APRT_P07741_OID20927_v1_Neurology.tar	https://www.synapse.org/Synapse:syn51471236	547143680		a34db3d99704798b5b0b9284314db632	syn51471236	syn51365303				
EUR	ARAF	ARAF_P10398_OID31260_v1_Oncology_II.tar	https://www.synapse.org/Synapse:syn52361543				syn52361543	syn51365303				
EUR	AREG	AREG_P15514_OID21357_v1_Oncology.tar	https://www.synapse.org/Synapse:syn51469051				syn51469051	syn51365303				
EUR	ARF6	ARF6_P62330_OID31523_v1_Oncology_II.tar	https://www.synapse.org/Synapse:syn52362092	548362240		33fb612cf8b6c25f083832e6b06e693c	syn52362092	syn51365303				
EUR	ARFIP1	ARFIP1_P53367_OID31024_v1_Neurology_II.tar	https://www.synapse.org/Synapse:syn52362940	548608000		5974afbac6b18d24779660a1f3b484e8	syn52362940	syn51365303				
EUR	ARG1	ARG1_P05089_OID21445_v1_Oncology.tar	https://www.synapse.org/Synapse:syn51471288				syn51471288	syn51365303				
EUR	ARG2	ARG2_P78540_OID31339_v1_Oncology_II.tar	https://www.synapse.org/Synapse:syn52362140				syn52362140	syn51365303				
EUR	ARHGAP1	ARHGAP1_Q07960_OID21202_v1_Oncology.tar	https://www.synapse.org/Synapse:syn51470491				syn51470491	syn51365303				
EUR	ARHGAP25	ARHGAP25_P42331_OID21255_v1_Oncology.tar	https://www.synapse.org/Synapse:syn51470917				syn51470917	syn51365303				
EUR	ARHGAP30	ARHGAP30_Q7Z6I6_OID31336_v1_Oncology_II.tar	https://www.synapse.org/Synapse:syn52361644				syn52361644	syn51365303				
EUR	ARHGAP45	ARHGAP45_Q92619_OID30653_v1_Inflammation_II.tar	https://www.synapse.org/Synapse:syn52363652				syn52363652	syn51365303				
EUR	ARHGAP5	ARHGAP5_Q13017_OID31190_v1_Oncology_II.tar	https://www.synapse.org/Synapse:syn52361437				syn52361437	syn51365303				
EUR	ARHGEF10	ARHGEF10_O15013_OID30994_v1_Neurology_II.tar	https://www.synapse.org/Synapse:syn52361967				syn52361967	syn51365303				
EUR	ARHGEF12	ARHGEF12_Q9NZN5_OID20554_v1_Inflammation.tar	https://www.synapse.org/Synapse:syn51470728				syn51470728	syn51365303				
EUR	ARHGEF1	ARHGEF1_Q92888_OID31133_v1_Neurology_II.tar	https://www.synapse.org/Synapse:syn52362720	548495360		d2a0adcaf7c68b9f3ecbb9fb3b9d13f8	syn52362720	syn51365303				
EUR	ARHGEF5	ARHGEF5_Q12774_OID30871_v1_Neurology_II.tar	https://www.synapse.org/Synapse:syn52361728				syn52361728	syn51365303				
EUR	ARID3A	ARID3A_Q99856_OID30861_v1_Neurology_II.tar	https://www.synapse.org/Synapse:syn52362943				syn52362943	syn51365303				
EUR	ARID4B	ARID4B_Q4LE39_OID20803_v1_Neurology.tar	https://www.synapse.org/Synapse:syn51470780				syn51470780	syn51365303				
EUR	ARL13B	ARL13B_Q3SXY8_OID30166_v1_Cardiometabolic_II.tar	https://www.synapse.org/Synapse:syn52361813				syn52361813	syn51365303				
EUR	ARL2BP	ARL2BP_Q9Y2Y0_OID30121_v1_Cardiometabolic_II.tar	https://www.synapse.org/Synapse:syn52363385				syn52363385	syn51365303				
EUR	ARMCX2	ARMCX2_Q7L311_OID30792_v1_Neurology_II.tar	https://www.synapse.org/Synapse:syn52362502				syn52362502	syn51365303				
EUR	ARNTL	ARNTL_O00327_OID30168_v1_Cardiometabolic_II.tar	https://www.synapse.org/Synapse:syn52361684				syn52361684	syn51365303				
EUR	ARNT	ARNT_P27540_OID20432_v1_Inflammation.tar	https://www.synapse.org/Synapse:syn51469848				syn51469848	syn51365303				
EUR	ARSA	ARSA_P15289_OID21138_v1_Neurology.tar	https://www.synapse.org/Synapse:syn51469598	548628480		01337ee034dabed7140eb6e83273793a	syn51469598	syn51365303				
EUR	ARSB	ARSB_P15848_OID21331_v1_Oncology.tar	https://www.synapse.org/Synapse:syn51469841	547522560		17e108aa2335ce5ad21eed3f24c2d291	syn51469841	syn51365303				
EUR	ART3	ART3_Q13508_OID20346_v1_Cardiometabolic.tar	https://www.synapse.org/Synapse:syn51471285				syn51471285	syn51365303				
EUR	ART5	ART5_Q96L15_OID30828_v1_Neurology_II.tar	https://www.synapse.org/Synapse:syn52361647	545003520		e286f3818290c29526b058485caab16e	syn52361647	syn51365303				
EUR	ARTN	ARTN_Q5T4W7_OID20446_v1_Inflammation.tar	https://www.synapse.org/Synapse:syn51469409				syn51469409	syn51365303				
EUR	ASAH1	ASAH1_Q13510_OID30415_v1_Cardiometabolic_II.tar	https://www.synapse.org/Synapse:syn52361517	547973120		fd028fec38726fee9a5713c0044d96af	syn52361517	syn51365303				
EUR	ASAH2	ASAH2_Q9NR71_OID20996_v1_Neurology.tar	https://www.synapse.org/Synapse:syn51469010	547635200		579a52968fbb758d9a330635b1a983d1	syn51469010	syn51365303				
EUR	ASGR1	ASGR1_P07306_OID20990_v1_Neurology.tar	https://www.synapse.org/Synapse:syn51469594	547143680		5b85ef061135562fd636701448442278	syn51469594	syn51365303				
EUR	ASGR2	ASGR2_P07307_OID30679_v1_Inflammation_II.tar	https://www.synapse.org/Synapse:syn52362449	549120000		63d27522ccd3ceb1c123a65d4f8b03ef	syn52362449	syn51365303				
EUR	ASPN	ASPN_Q9BXN1_OID30315_v1_Cardiometabolic_II.tar	https://www.synapse.org/Synapse:syn52363204				syn52363204	syn51365303				
EUR	ASPSCR1	ASPSCR1_Q9BZE9_OID31055_v1_Neurology_II.tar	https://www.synapse.org/Synapse:syn52361863	548689920		03ada3276eefd09e7d0d0c7fa4b989c1	syn52361863	syn51365303				
EUR	ASRGL1	ASRGL1_Q7L266_OID30283_v1_Cardiometabolic_II.tar	https://www.synapse.org/Synapse:syn52361880				syn52361880	syn51365303				
EUR	ASS1	ASS1_P00966_OID30170_v1_Cardiometabolic_II.tar	https://www.synapse.org/Synapse:syn52362030	545218560		189874043a85a0953060d57d69967279	syn52362030	syn51365303				
EUR	ATF2	ATF2_P15336_OID20798_v1_Neurology.tar	https://www.synapse.org/Synapse:syn51468746				syn51468746	syn51365303				
EUR	ATF4	ATF4_P18848_OID31162_v1_Oncology_II.tar	https://www.synapse.org/Synapse:syn52361810				syn52361810	syn51365303				
EUR	ATG16L1	ATG16L1_Q676U5_OID31466_v1_Oncology_II.tar	https://www.synapse.org/Synapse:syn52361443				syn52361443	syn51365303				
EUR	ATG4A	ATG4A_Q8WYN0_OID21246_v1_Oncology.tar	https://www.synapse.org/Synapse:syn51469849				syn51469849	syn51365303				
EUR	ATOX1	ATOX1_O00244_OID21476_v1_Oncology.tar	https://www.synapse.org/Synapse:syn51471192	548423680		08362ace082bc4e0b37d4cb2f5baffc2	syn51471192	syn51365303				
EUR	ATP1B1	ATP1B1_P05026_OID30124_v1_Cardiometabolic_II.tar	https://www.synapse.org/Synapse:syn52361457				syn52361457	syn51365303				
EUR	ATP1B2	ATP1B2_P14415_OID30118_v1_Cardiometabolic_II.tar	https://www.synapse.org/Synapse:syn52361591				syn52361591	syn51365303				
EUR	ATP1B3	ATP1B3_P54709_OID30065_v1_Cardiometabolic_II.tar	https://www.synapse.org/Synapse:syn52361947				syn52361947	syn51365303				
EUR	ATP1B4	ATP1B4_Q9UN42_OID31230_v1_Oncology_II.tar	https://www.synapse.org/Synapse:syn52361801				syn52361801	syn51365303				
EUR	ATP2B4	ATP2B4_P23634_OID30062_v1_Cardiometabolic_II.tar	https://www.synapse.org/Synapse:syn52362686				syn52362686	syn51365303				
EUR	ATP5F1D	ATP5F1D_P30049_OID30079_v1_Cardiometabolic_II.tar	https://www.synapse.org/Synapse:syn52362948				syn52362948	syn51365303				
EUR	ATP5IF1	ATP5IF1_Q9UII2_OID20760_v1_Inflammation.tar	https://www.synapse.org/Synapse:syn51470140				syn51470140	syn51365303				
EUR	ATP5PO	ATP5PO_P48047_OID20811_v1_Neurology.tar	https://www.synapse.org/Synapse:syn51468673				syn51468673	syn51365303				
EUR	ATP6AP2	ATP6AP2_O75787_OID21178_v1_Oncology.tar	https://www.synapse.org/Synapse:syn51471339				syn51471339	syn51365303				
EUR	ATP6V1D	ATP6V1D_Q9Y5K8_OID21341_v1_Oncology.tar	https://www.synapse.org/Synapse:syn51470359				syn51470359	syn51365303				
EUR	ATP6V1F	ATP6V1F_Q16864_OID20843_v1_Neurology.tar	https://www.synapse.org/Synapse:syn51471430				syn51471430	syn51365303				
EUR	ATP6V1G1	ATP6V1G1_O75348_OID30242_v1_Cardiometabolic_II.tar	https://www.synapse.org/Synapse:syn52362719				syn52362719	syn51365303				
EUR	ATP6V1G2	ATP6V1G2_O95670_OID30167_v1_Cardiometabolic_II.tar	https://www.synapse.org/Synapse:syn52363493				syn52363493	syn51365303				
EUR	ATRAID	ATRAID_Q6UW56_OID31451_v1_Oncology_II.tar	https://www.synapse.org/Synapse:syn52362503				syn52362503	syn51365303				
EUR	ATRN	ATRN_O75882-2_OID30735_v1_Inflammation_II.tar	https://www.synapse.org/Synapse:syn52363489				syn52363489	syn51365303				
EUR	ATXN10	ATXN10_Q9UBB4_OID20865_v1_Neurology.tar	https://www.synapse.org/Synapse:syn51470230				syn51470230	syn51365303				
EUR	ATXN2L	ATXN2L_Q8WWM7_OID30980_v1_Neurology_II.tar	https://www.synapse.org/Synapse:syn52363537				syn52363537	syn51365303				
EUR	ATXN2	ATXN2_Q99700_OID30850_v1_Neurology_II.tar	https://www.synapse.org/Synapse:syn52362430				syn52362430	syn51365303				
EUR	ATXN3	ATXN3_P54252_OID31149_v1_Neurology_II.tar	https://www.synapse.org/Synapse:syn52361988				syn52361988	syn51365303				
EUR	AXIN1	AXIN1_O15169_OID20582_v1_Inflammation.tar	https://www.synapse.org/Synapse:syn51470372				syn51470372	syn51365303				
EUR	AXL	AXL_P30530_OID20363_v1_Cardiometabolic.tar	https://www.synapse.org/Synapse:syn51470342				syn51470342	syn51365303				
EUR	AZI2	AZI2_Q9H6S1_OID31056_v1_Neurology_II.tar	https://www.synapse.org/Synapse:syn52363011	548669440		c79de13ed634587e4e04ff95dca3afb4	syn52363011	syn51365303				
EUR	AZU1	AZU1_P20160_OID20309_v1_Cardiometabolic.tar	https://www.synapse.org/Synapse:syn51471433				syn51471433	syn51365303				
EUR	B2M	B2M_P61769_OID30725_v1_Inflammation_II.tar	https://www.synapse.org/Synapse:syn52362971				syn52362971	syn51365303				
EUR	B3GAT3	B3GAT3_O94766_OID30165_v1_Cardiometabolic_II.tar	https://www.synapse.org/Synapse:syn52362582				syn52362582	syn51365303				
EUR	B3GNT7	B3GNT7_Q8NFL0_OID30281_v1_Cardiometabolic_II.tar	https://www.synapse.org/Synapse:syn52362302				syn52362302	syn51365303				
EUR	B4GALT1	B4GALT1_P15291_OID20780_v1_Inflammation.tar	https://www.synapse.org/Synapse:syn51470389				syn51470389	syn51365303				
EUR	B4GAT1	B4GAT1_O43505_OID21127_v1_Neurology.tar	https://www.synapse.org/Synapse:syn51469592	548147200		740f0fb67cd832aaa2fac649da71f41c	syn51469592	syn51365303				
EUR	BABAM1	BABAM1_Q9NWV8_OID30466_v1_Inflammation_II.tar	https://www.synapse.org/Synapse:syn52361913				syn52361913	syn51365303				
EUR	BACH1	BACH1_O14867_OID20505_v1_Inflammation.tar	https://www.synapse.org/Synapse:syn51469172				syn51469172	syn51365303				
EUR	BAG3	BAG3_O95817_OID20972_v1_Neurology.tar	https://www.synapse.org/Synapse:syn51469603	546775040		5cf3733eebbe97191a9b4b9ea5c80089	syn51469603	syn51365303				
EUR	BAG4	BAG4_O95429_OID30474_v1_Inflammation_II.tar	https://www.synapse.org/Synapse:syn52362393				syn52362393	syn51365303				
EUR	BAG6	BAG6_P46379_OID20114_v1_Cardiometabolic.tar	https://www.synapse.org/Synapse:syn51471463	545781760		f574a961bf65fb6fe8cb61cc1116b560	syn51471463	syn51365303				
EUR	BAIAP2	BAIAP2_Q9UQB8_OID21250_v1_Oncology.tar	https://www.synapse.org/Synapse:syn51471142				syn51471142	syn51365303				
EUR	BAMBI	BAMBI_Q13145_OID21267_v1_Oncology.tar	https://www.synapse.org/Synapse:syn51468786				syn51468786	syn51365303				
EUR	BANK1	BANK1_Q8NDB2_OID20594_v1_Inflammation.tar	https://www.synapse.org/Synapse:syn51468990	547973120		260225d93dc023dde0909431a57ee627	syn51468990	syn51365303				
EUR	BAP18	BAP18_Q8IXM2_OID31150_v1_Neurology_II.tar	https://www.synapse.org/Synapse:syn52361977				syn52361977	syn51365303				
EUR	BATF	BATF_Q16520_OID30896_v1_Neurology_II.tar	https://www.synapse.org/Synapse:syn52362463				syn52362463	syn51365303				
EUR	BAX	BAX_Q07812_OID20856_v1_Neurology.tar	https://www.synapse.org/Synapse:syn51470918				syn51470918	syn51365303				
EUR	BCAM	BCAM_P50895_OID21076_v1_Neurology.tar	https://www.synapse.org/Synapse:syn51471291	548208640		c7b99ec91a6de8a1333e49254a27d9e7	syn51471291	syn51365303				
EUR	BCAN	BCAN_Q96GW7_OID20998_v1_Neurology.tar	https://www.synapse.org/Synapse:syn51471201	547184640		5f874ba9c84047f02cea5268bba01379	syn51471201	syn51365303				
EUR	BCAT1	BCAT1_P54687_OID30312_v1_Cardiometabolic_II.tar	https://www.synapse.org/Synapse:syn52362131				syn52362131	syn51365303				
EUR	BCAT2	BCAT2_O15382_OID30844_v1_Neurology_II.tar	https://www.synapse.org/Synapse:syn52362755				syn52362755	syn51365303				
EUR	BCHE	BCHE_P06276_OID30717_v1_Inflammation_II.tar	https://www.synapse.org/Synapse:syn52362721				syn52362721	syn51365303				
EUR	BCL2L11	BCL2L11_O43521-2_OID20513_v1_Inflammation.tar	https://www.synapse.org/Synapse:syn51470273				syn51470273	syn51365303				
EUR	BCL2L15	BCL2L15_Q5TBC7_OID30498_v1_Inflammation_II.tar	https://www.synapse.org/Synapse:syn52362681				syn52362681	syn51365303				
EUR	BCL2L1	BCL2L1_Q07817_OID31152_v1_Neurology_II.tar	https://www.synapse.org/Synapse:syn52362783	548505600		f258b05ecb8a27fc56014be6d19a847c	syn52362783	syn51365303				
EUR	BCL2	BCL2_P10415_OID31454_v1_Oncology_II.tar	https://www.synapse.org/Synapse:syn52362865	548362240		461e2dc515206c676ade58d6c0171ef2	syn52362865	syn51365303				
EUR	BCL7A	BCL7A_Q4VC05_OID31218_v1_Oncology_II.tar	https://www.synapse.org/Synapse:syn52362485				syn52362485	syn51365303				
EUR	BCL7B	BCL7B_Q9BQE9_OID31421_v1_Oncology_II.tar	https://www.synapse.org/Synapse:syn52363036				syn52363036	syn51365303				
EUR	BCR	BCR_P11274_OID20558_v1_Inflammation.tar	https://www.synapse.org/Synapse:syn51469058	547891200		50740f6d1fc8be74bbb479d76ccfc9cf	syn51469058	syn51365303				
EUR	BDNF	BDNF_P23560_OID30373_v1_Cardiometabolic_II.tar	https://www.synapse.org/Synapse:syn52362065	548833280		d51c83cee64992b721b6eb0d28199613	syn52362065	syn51365303				
EUR	BECN1	BECN1_Q14457_OID30220_v1_Cardiometabolic_II.tar	https://www.synapse.org/Synapse:syn52361970				syn52361970	syn51365303				
EUR	BEX3	BEX3_Q00994_OID31202_v1_Oncology_II.tar	https://www.synapse.org/Synapse:syn52361260				syn52361260	syn51365303				
EUR	BGLAP	BGLAP_P02818_OID30389_v1_Cardiometabolic_II.tar	https://www.synapse.org/Synapse:syn52362521				syn52362521	syn51365303				
EUR	BGN	BGN_P21810_OID21198_v1_Oncology.tar	https://www.synapse.org/Synapse:syn51471385	545024000		fc4c48dc8a89630578a38d8a7ddadba9	syn51471385	syn51365303				
EUR	BHLHE40	BHLHE40_O14503_OID30873_v1_Neurology_II.tar	https://www.synapse.org/Synapse:syn52363582				syn52363582	syn51365303				
EUR	BHMT2	BHMT2_Q9H2M3_OID30051_v1_Cardiometabolic_II.tar	https://www.synapse.org/Synapse:syn52362462				syn52362462	syn51365303				
EUR	BID	BID_P55957_OID20517_v1_Inflammation.tar	https://www.synapse.org/Synapse:syn51469617	547891200		86a1e9e4d5d163357d0f8ee72c54a233	syn51469617	syn51365303				
EUR	BIN2	BIN2_Q9UBW5_OID21067_v1_Neurology.tar	https://www.synapse.org/Synapse:syn51470232				syn51470232	syn51365303				
EUR	BIRC2	BIRC2_Q13490_OID21217_v1_Oncology.tar	https://www.synapse.org/Synapse:syn51471445				syn51471445	syn51365303				
EUR	BLMH	BLMH_Q13867_OID20336_v1_Cardiometabolic.tar	https://www.synapse.org/Synapse:syn51469032				syn51469032	syn51365303				
EUR	BLNK	BLNK_Q8WV28_OID30541_v1_Inflammation_II.tar	https://www.synapse.org/Synapse:syn52362578				syn52362578	syn51365303				
EUR	BLOC1S2	BLOC1S2_Q6QNY1_OID30856_v1_Neurology_II.tar	https://www.synapse.org/Synapse:syn52361269				syn52361269	syn51365303				
EUR	BLOC1S3	BLOC1S3_Q6QNY0_OID31106_v1_Neurology_II.tar	https://www.synapse.org/Synapse:syn52361352				syn52361352	syn51365303				
EUR	BLVRB	BLVRB_P30043_OID21141_v1_Neurology.tar	https://www.synapse.org/Synapse:syn51469870	548136960		d0dca71391a0da9ddc1428a6e5040467	syn51469870	syn51365303				
EUR	BMP10	BMP10_O95393_OID30575_v1_Inflammation_II.tar	https://www.synapse.org/Synapse:syn52361835	546641920		a29658c4bfa7840bd0345d0346722fab	syn52361835	syn51365303				
EUR	BMP4	BMP4_P12644_OID20994_v1_Neurology.tar	https://www.synapse.org/Synapse:syn51471070				syn51471070	syn51365303				
EUR	BMP6	BMP6_P22004_OID20111_v1_Cardiometabolic.tar	https://www.synapse.org/Synapse:syn51468606				syn51468606	syn51365303				
EUR	BMPER	BMPER_Q8N8U9_OID30615_v1_Inflammation_II.tar	https://www.synapse.org/Synapse:syn52361928	546242560		0cb6c031537904334c8b30c69c45b9fb	syn52361928	syn51365303				
EUR	BNIP2	BNIP2_Q12982_OID30292_v1_Cardiometabolic_II.tar	https://www.synapse.org/Synapse:syn52362229				syn52362229	syn51365303				
EUR	BNIP3L	BNIP3L_O60238_OID30525_v1_Inflammation_II.tar	https://www.synapse.org/Synapse:syn52362866				syn52362866	syn51365303				
EUR	BOC	BOC_Q9BWV1_OID20116_v1_Cardiometabolic.tar	https://www.synapse.org/Synapse:syn51468772	545761280		af0ed5f2dc738a97d5bcad1161c162f5	syn51468772	syn51365303				
EUR	BOLA1	BOLA1_Q9Y3E2_OID30837_v1_Neurology_II.tar	https://www.synapse.org/Synapse:syn52361865				syn52361865	syn51365303				
EUR	BOLA2	BOLA2_BOLA2B_Q9H3K6_OID30267_v1_Cardiometabolic_II.tar	https://www.synapse.org/Synapse:syn52361691	545843200		5ef523edb246e8fc6422c96ab28a4629	syn52361691	syn51365303				
EUR	BPIFA2	BPIFA2_Q96DR5_OID30279_v1_Cardiometabolic_II.tar	https://www.synapse.org/Synapse:syn52362807				syn52362807	syn51365303				
EUR	BPIFB1	BPIFB1_Q8TDL5_OID20308_v1_Cardiometabolic.tar	https://www.synapse.org/Synapse:syn51468865	547932160		0907472824e025a0e670fffe8f85200e	syn51468865	syn51365303				
EUR	BPIFB2	BPIFB2_Q8N4F0_OID30311_v1_Cardiometabolic_II.tar	https://www.synapse.org/Synapse:syn52362951				syn52362951	syn51365303				
EUR	BRAP	BRAP_Q7Z569_OID31506_v1_Oncology_II.tar	https://www.synapse.org/Synapse:syn52362339	547317760		86eed2d3ce03e2271ec5629a9047702f	syn52362339	syn51365303				
EUR	BRD1	BRD1_O95696_OID31259_v1_Oncology_II.tar	https://www.synapse.org/Synapse:syn52363522				syn52363522	syn51365303				
EUR	BRD2	BRD2_P25440_OID30826_v1_Neurology_II.tar	https://www.synapse.org/Synapse:syn52361478				syn52361478	syn51365303				
EUR	BRD3	BRD3_Q15059_OID30093_v1_Cardiometabolic_II.tar	https://www.synapse.org/Synapse:syn52363663				syn52363663	syn51365303				
EUR	BRDT	BRDT_Q58F21_OID30179_v1_Cardiometabolic_II.tar	https://www.synapse.org/Synapse:syn52361467	545054720		7459c4514c965f6c5a998a381d2ea517	syn52361467	syn51365303				
EUR	BRK1	BRK1_Q8WUW1_OID20883_v1_Neurology.tar	https://www.synapse.org/Synapse:syn51469936				syn51469936	syn51365303				
EUR	BRME1	BRME1_Q0VDD7_OID30847_v1_Neurology_II.tar	https://www.synapse.org/Synapse:syn52361790				syn52361790	syn51365303				
EUR	BRSK2	BRSK2_Q8IWQ3_OID31042_v1_Neurology_II.tar	https://www.synapse.org/Synapse:syn52362724				syn52362724	syn51365303				
EUR	BSG	BSG_P35613_OID20626_v1_Inflammation.tar	https://www.synapse.org/Synapse:syn51471145				syn51471145	syn51365303				
EUR	BSND	BSND_Q8WZ55_OID31184_v1_Oncology_II.tar	https://www.synapse.org/Synapse:syn52361365				syn52361365	syn51365303				
EUR	BST1	BST1_Q10588_OID21051_v1_Neurology.tar	https://www.synapse.org/Synapse:syn51471040	550502400		cf1e790d68a3b5ad3a24a55af3d4a173	syn51471040	syn51365303				
EUR	BST2	BST2_Q10589_OID21029_v1_Neurology.tar	https://www.synapse.org/Synapse:syn51470980	548956160		183594fc32cb8c486cc816ff93b575d5	syn51470980	syn51365303				
EUR	BTC	BTC_P35070_OID21199_v1_Oncology.tar	https://www.synapse.org/Synapse:syn51471323				syn51471323	syn51365303				
EUR	BTD	BTD_P43251_OID30754_v1_Inflammation_II.tar	https://www.synapse.org/Synapse:syn52362517	549662720		9a32a4303462aecb40f9681f1cf85089	syn52362517	syn51365303				
EUR	BTLA	BTLA_Q7Z6A9_OID31237_v1_Oncology_II.tar	https://www.synapse.org/Synapse:syn52362987				syn52362987	syn51365303				
EUR	BTN1A1	BTN1A1_Q13410_OID31363_v1_Oncology_II.tar	https://www.synapse.org/Synapse:syn52362950				syn52362950	syn51365303				
EUR	BTN2A1	BTN2A1_Q7KYR7_OID20713_v1_Inflammation.tar	https://www.synapse.org/Synapse:syn51471278				syn51471278	syn51365303				
EUR	BTN3A2	BTN3A2_P78410_OID20540_v1_Inflammation.tar	https://www.synapse.org/Synapse:syn51471154	548505600		5582df2959937bfa82a6a242b04ab9a8	syn51471154	syn51365303				
EUR	BTNL10	BTNL10_A8MVZ5_OID31196_v1_Oncology_II.tar	https://www.synapse.org/Synapse:syn52361298				syn52361298	syn51365303				
EUR	C19ORF12	C19orf12_Q9NSK7_OID20804_v1_Neurology.tar	https://www.synapse.org/Synapse:syn51468710				syn51468710	syn51365303				
EUR	C1GALT1C1	C1GALT1C1_Q96EU7_OID30180_v1_Cardiometabolic_II.tar	https://www.synapse.org/Synapse:syn52362471				syn52362471	syn51365303				
EUR	C1QA	C1QA_P02745_OID20654_v1_Inflammation.tar	https://www.synapse.org/Synapse:syn51471371	548976640		220604ddcdb11f67a8ca1b34cc672437	syn51471371	syn51365303				
EUR	C1QBP	C1QBP_Q07021_OID31007_v1_Neurology_II.tar	https://www.synapse.org/Synapse:syn52363521				syn52363521	syn51365303				
EUR	C1QL2	C1QL2_Q7Z5L3_OID30515_v1_Inflammation_II.tar	https://www.synapse.org/Synapse:syn52361445				syn52361445	syn51365303				
EUR	C1QTNF1	C1QTNF1_Q9BXJ1_OID20367_v1_Cardiometabolic.tar	https://www.synapse.org/Synapse:syn51470510				syn51470510	syn51365303				
EUR	C1QTNF5	C1QTNF5_Q9BXJ0_OID30618_v1_Inflammation_II.tar	https://www.synapse.org/Synapse:syn52361853	546355200		dadc9f74fa0aa4534b29cd27784f5f00	syn52361853	syn51365303				
EUR	C1QTNF6	C1QTNF6_Q9BXI9_OID31049_v1_Neurology_II.tar	https://www.synapse.org/Synapse:syn52361491				syn52361491	syn51365303				
EUR	C1QTNF9	C1QTNF9_P0C862_OID30620_v1_Inflammation_II.tar	https://www.synapse.org/Synapse:syn52361515	547225600		7f6e43844751074eb6a3da290c2f7435	syn52361515	syn51365303				
EUR	C1RL	C1RL_Q9NZP8_OID30721_v1_Inflammation_II.tar	https://www.synapse.org/Synapse:syn52361656				syn52361656	syn51365303				
EUR	C1R	C1R_P00736_OID30753_v1_Inflammation_II.tar	https://www.synapse.org/Synapse:syn52362314	549109760		0be2d333c251a52b2b1b5c2b4872d44e	syn52362314	syn51365303				
EUR	C1S	C1S_P09871_OID30731_v1_Inflammation_II.tar	https://www.synapse.org/Synapse:syn52362466				syn52362466	syn51365303				
EUR	C2CD2L	C2CD2L_O14523_OID20864_v1_Neurology.tar	https://www.synapse.org/Synapse:syn51470991				syn51470991	syn51365303				
EUR	C2	C2_P06681_OID20410_v1_Cardiometabolic.tar	https://www.synapse.org/Synapse:syn51469688				syn51469688	syn51365303				
EUR	C2ORF69	C2orf69_Q8N8R5_OID30883_v1_Neurology_II.tar	https://www.synapse.org/Synapse:syn52362857				syn52362857	syn51365303				
EUR	C3	C3_P01024_OID30776_v1_Inflammation_II.tar	https://www.synapse.org/Synapse:syn52362034				syn52362034	syn51365303				
EUR	C4BPB	C4BPB_P20851_OID21481_v1_Oncology.tar	https://www.synapse.org/Synapse:syn51469005	548648960		dff450d83a881ca923200d767dfbee08	syn51469005	syn51365303				
EUR	C5	C5_P01031_OID30744_v1_Inflammation_II.tar	https://www.synapse.org/Synapse:syn52362176				syn52362176	syn51365303				
EUR	C7	C7_P10643_OID30766_v1_Inflammation_II.tar	https://www.synapse.org/Synapse:syn52362935	546785280		e84d5c9c7130c6094d03017aaff3c75e	syn52362935	syn51365303				
EUR	C7ORF50	C7orf50_Q9BRJ6_OID31095_v1_Neurology_II.tar	https://www.synapse.org/Synapse:syn52363472				syn52363472	syn51365303				
EUR	C8B	C8B_P07358_OID30719_v1_Inflammation_II.tar	https://www.synapse.org/Synapse:syn52362188				syn52362188	syn51365303				
EUR	C9	C9_P02748_OID30698_v1_Inflammation_II.tar	https://www.synapse.org/Synapse:syn52362552				syn52362552	syn51365303				
EUR	C9ORF40	C9orf40_Q8IXQ3_OID31489_v1_Oncology_II.tar	https://www.synapse.org/Synapse:syn52362945				syn52362945	syn51365303				
EUR	CA11	CA11_O75493_OID21195_v1_Oncology.tar	https://www.synapse.org/Synapse:syn51470323				syn51470323	syn51365303				
EUR	CA12	CA12_O43570_OID21344_v1_Oncology.tar	https://www.synapse.org/Synapse:syn51470219				syn51470219	syn51365303				
EUR	CA13	CA13_Q8N1Q1_OID20225_v1_Cardiometabolic.tar	https://www.synapse.org/Synapse:syn51468412				syn51468412	syn51365303				
EUR	CA14	CA14_Q9ULX7_OID21401_v1_Oncology.tar	https://www.synapse.org/Synapse:syn51471249	549160960		e6c43722a3e46f37be739f9598d5eb15	syn51471249	syn51365303				
EUR	CA1	CA1_P00915_OID20409_v1_Cardiometabolic.tar	https://www.synapse.org/Synapse:syn51470291	545259520		ed25a98c68218f1e1cc3c866a3c18908	syn51470291	syn51365303				
EUR	CA2	CA2_P00918_OID21149_v1_Neurology.tar	https://www.synapse.org/Synapse:syn51469898				syn51469898	syn51365303				
EUR	CA3	CA3_P07451_OID20271_v1_Cardiometabolic.tar	https://www.synapse.org/Synapse:syn51468475	549335040		7dd0efd8ef0e1eaf2e68ea9082e34b1a	syn51468475	syn51365303				
EUR	CA4	CA4_P22748_OID20241_v1_Cardiometabolic.tar	https://www.synapse.org/Synapse:syn51468788	549427200		42bd327ab1e8e7ed4695a96e7d04ab36	syn51468788	syn51365303				
EUR	CA5A	CA5A_P35218_OID20075_v1_Cardiometabolic.tar	https://www.synapse.org/Synapse:syn51469169				syn51469169	syn51365303				
EUR	CA6	CA6_P23280_OID21096_v1_Neurology.tar	https://www.synapse.org/Synapse:syn51471356	548321280		7ad933cc4764bfb131d88bcf95508483	syn51471356	syn51365303				
EUR	CA7	CA7_P43166_OID31265_v1_Oncology_II.tar	https://www.synapse.org/Synapse:syn52361341				syn52361341	syn51365303				
EUR	CA8	CA8_P35219_OID30482_v1_Inflammation_II.tar	https://www.synapse.org/Synapse:syn52362651	545392640		6ad58e395eebf8bb140677bdf49442cb	syn52362651	syn51365303				
EUR	CA9	CA9_Q16790_OID21417_v1_Oncology.tar	https://www.synapse.org/Synapse:syn51468694	548956160		d72b276efb570979bf12ee2c4910512c	syn51468694	syn51365303				
EUR	CABP2	CABP2_Q9NPB3_OID30916_v1_Neurology_II.tar	https://www.synapse.org/Synapse:syn52361832				syn52361832	syn51365303				
EUR	CACNA1C	CACNA1C_Q13936_OID30840_v1_Neurology_II.tar	https://www.synapse.org/Synapse:syn52363476				syn52363476	syn51365303				
EUR	CACNA1H	CACNA1H_O95180_OID30064_v1_Cardiometabolic_II.tar	https://www.synapse.org/Synapse:syn52362830				syn52362830	syn51365303				
EUR	CACNB1	CACNB1_Q02641_OID30820_v1_Neurology_II.tar	https://www.synapse.org/Synapse:syn52362782				syn52362782	syn51365303				
EUR	CACNB3	CACNB3_P54284_OID31039_v1_Neurology_II.tar	https://www.synapse.org/Synapse:syn52363592				syn52363592	syn51365303				
EUR	CACYBP	CACYBP_Q9HB71_OID30649_v1_Inflammation_II.tar	https://www.synapse.org/Synapse:syn52362347				syn52362347	syn51365303				
EUR	CADPS	CADPS_Q9ULU8_OID30915_v1_Neurology_II.tar	https://www.synapse.org/Synapse:syn52363213				syn52363213	syn51365303				
EUR	CALB1	CALB1_P05937_OID21306_v1_Oncology.tar	https://www.synapse.org/Synapse:syn51468413				syn51468413	syn51365303				
EUR	CALB2	CALB2_P22676_OID20801_v1_Neurology.tar	https://www.synapse.org/Synapse:syn51469591				syn51469591	syn51365303				
EUR	CALCA	CALCA_P01258_OID20983_v1_Neurology.tar	https://www.synapse.org/Synapse:syn51470097				syn51470097	syn51365303				
EUR	CALCB	CALCB_P10092_OID31100_v1_Neurology_II.tar	https://www.synapse.org/Synapse:syn52361354				syn52361354	syn51365303				
EUR	CALCOCO1	CALCOCO1_Q9P1Z2_OID21387_v1_Oncology.tar	https://www.synapse.org/Synapse:syn51470747	548618240		8bccf8717006f7cfd6d2733fc4c4991c	syn51470747	syn51365303				
EUR	CALCOCO2	CALCOCO2_Q13137_OID30249_v1_Cardiometabolic_II.tar	https://www.synapse.org/Synapse:syn52362621				syn52362621	syn51365303				
EUR	CALY	CALY_Q9NYX4_OID30144_v1_Cardiometabolic_II.tar	https://www.synapse.org/Synapse:syn52361540				syn52361540	syn51365303				
EUR	CAMKK1	CAMKK1_Q8N5S9_OID21182_v1_Oncology.tar	https://www.synapse.org/Synapse:syn51470753				syn51470753	syn51365303				
EUR	CAMLG	CAMLG_P49069_OID30952_v1_Neurology_II.tar	https://www.synapse.org/Synapse:syn52363119				syn52363119	syn51365303				
EUR	CAMSAP1	CAMSAP1_Q5T5Y3_OID31070_v1_Neurology_II.tar	https://www.synapse.org/Synapse:syn52362274	548669440		a96de09b935cd2ae0da2d4028451f1e7	syn52362274	syn51365303				
EUR	CANT1	CANT1_Q8WVQ1_OID20181_v1_Cardiometabolic.tar	https://www.synapse.org/Synapse:syn51468657				syn51468657	syn51365303				
EUR	CAPG	CAPG_P40121_OID21431_v1_Oncology.tar	https://www.synapse.org/Synapse:syn51469268	548014080		e696304f2d26fffff34c4646f0e4204d	syn51469268	syn51365303				
EUR	CAPN3	CAPN3_P20807_OID31384_v1_Oncology_II.tar	https://www.synapse.org/Synapse:syn52361534				syn52361534	syn51365303				
EUR	CAPS	CAPS_Q13938_OID31126_v1_Neurology_II.tar	https://www.synapse.org/Synapse:syn52362639				syn52362639	syn51365303				
EUR	CARHSP1	CARHSP1_Q9Y2V2_OID20859_v1_Neurology.tar	https://www.synapse.org/Synapse:syn51469327				syn51469327	syn51365303				
EUR	CASC3	CASC3_O15234_OID30921_v1_Neurology_II.tar	https://www.synapse.org/Synapse:syn52362997	545607680		580636d40909378a9cbb0cade64e35c9	syn52362997	syn51365303				
EUR	CASP10	CASP10_Q92851_OID20893_v1_Neurology.tar	https://www.synapse.org/Synapse:syn51469344				syn51469344	syn51365303				
EUR	CASP1	CASP1_P29466_OID20854_v1_Neurology.tar	https://www.synapse.org/Synapse:syn51470810	545382400		64aab78b2e41fd91de1dfdec8b9d8f1a	syn51470810	syn51365303				
EUR	CASP2	CASP2_P42575_OID20555_v1_Inflammation.tar	https://www.synapse.org/Synapse:syn51471295				syn51471295	syn51365303				
EUR	CASP3	CASP3_P42574_OID20305_v1_Cardiometabolic.tar	https://www.synapse.org/Synapse:syn51470489	549365760		5fbb2eb957d9f8b49b060b9ea44ccc98	syn51470489	syn51365303				
EUR	CASP4	CASP4_P49662_OID31276_v1_Oncology_II.tar	https://www.synapse.org/Synapse:syn52363542				syn52363542	syn51365303				
EUR	CASP7	CASP7_P55210_OID31135_v1_Neurology_II.tar	https://www.synapse.org/Synapse:syn52362781				syn52362781	syn51365303				
EUR	CASP8	CASP8_Q14790_OID21414_v1_Oncology.tar	https://www.synapse.org/Synapse:syn51468787				syn51468787	syn51365303				
EUR	CASP9	CASP9_P55211_OID30530_v1_Inflammation_II.tar	https://www.synapse.org/Synapse:syn52362026	545423360		0702d2c84a7a71b8b965d1cdcd901f41	syn52362026	syn51365303				
EUR	CASQ2	CASQ2_O14958_OID30063_v1_Cardiometabolic_II.tar	https://www.synapse.org/Synapse:syn52362112				syn52362112	syn51365303				
EUR	CAT	CAT_P04040_OID30712_v1_Inflammation_II.tar	https://www.synapse.org/Synapse:syn52361254	547440640		b893a007f1a87b6854ff9b4acc17551d	syn52361254	syn51365303				
EUR	CBLIF	CBLIF_P27352_OID20179_v1_Cardiometabolic.tar	https://www.synapse.org/Synapse:syn51470926	548014080		f3bcb26447d84ac3fc95f446d077d978	syn51470926	syn51365303				
EUR	CBLN1	CBLN1_P23435_OID30851_v1_Neurology_II.tar	https://www.synapse.org/Synapse:syn52361680				syn52361680	syn51365303				
EUR	CBLN4	CBLN4_Q9NTU7_OID21386_v1_Oncology.tar	https://www.synapse.org/Synapse:syn51469466	549007360		451d701588f2cb1e96f45e7f58da86c3	syn51469466	syn51365303				
EUR	CBS	CBS_P35520_OID30200_v1_Cardiometabolic_II.tar	https://www.synapse.org/Synapse:syn52362571	545771520		ea6b1a1f5599dc86d0fda7dd2c6651f4	syn52362571	syn51365303				
EUR	CBX2	CBX2_Q14781_OID30177_v1_Cardiometabolic_II.tar	https://www.synapse.org/Synapse:syn52361960				syn52361960	syn51365303				
EUR	CC2D1A	CC2D1A_Q6P1N0_OID20958_v1_Neurology.tar	https://www.synapse.org/Synapse:syn51468517				syn51468517	syn51365303				
EUR	CCAR2	CCAR2_Q8N163_OID31077_v1_Neurology_II.tar	https://www.synapse.org/Synapse:syn52363501				syn52363501	syn51365303				
EUR	CCDC134	CCDC134_Q9H6E4_OID31413_v1_Oncology_II.tar	https://www.synapse.org/Synapse:syn52361544				syn52361544	syn51365303				
EUR	CCDC28A	CCDC28A_Q8IWP9_OID30973_v1_Neurology_II.tar	https://www.synapse.org/Synapse:syn52362474				syn52362474	syn51365303				
EUR	CCDC50	CCDC50_Q8IVM0_OID31001_v1_Neurology_II.tar	https://www.synapse.org/Synapse:syn52361604	548597760		b001831f1d8484e229ba78184473b863	syn52361604	syn51365303				
EUR	CCDC80	CCDC80_Q76M96_OID20226_v1_Cardiometabolic.tar	https://www.synapse.org/Synapse:syn51471204				syn51471204	syn51365303				
EUR	CCER2	CCER2_I3L3R5_OID30221_v1_Cardiometabolic_II.tar	https://www.synapse.org/Synapse:syn52361493	545884160		e19fcf617cca31506e633b9b2f4a0a1e	syn52361493	syn51365303				
EUR	CCL11	CCL11_P51671_OID20668_v1_Inflammation.tar	https://www.synapse.org/Synapse:syn51468864	549478400		0957415c26cfe2645e4194dffceb804d	syn51468864	syn51365303				
EUR	CCL13	CCL13_Q99616_OID20655_v1_Inflammation.tar	https://www.synapse.org/Synapse:syn51470390	549130240		afb24c8f7aa2dc0fa550ab4bd863f703	syn51470390	syn51365303				
EUR	CCL14	CCL14_Q16627_OID20401_v1_Cardiometabolic.tar	https://www.synapse.org/Synapse:syn51469233	547696640		974a94a2495511deb36725ce539d2e76	syn51469233	syn51365303				
EUR	CCL15	CCL15_Q16663_OID20328_v1_Cardiometabolic.tar	https://www.synapse.org/Synapse:syn51470271				syn51470271	syn51365303				
EUR	CCL16	CCL16_O15467_OID20334_v1_Cardiometabolic.tar	https://www.synapse.org/Synapse:syn51469581	550307840		de7f38646308b44c23bd11656681a566	syn51469581	syn51365303				
EUR	CCL17	CCL17_Q92583_OID20745_v1_Inflammation.tar	https://www.synapse.org/Synapse:syn51468607				syn51468607	syn51365303				
EUR	CCL18	CCL18_P55774_OID20395_v1_Cardiometabolic.tar	https://www.synapse.org/Synapse:syn51470901				syn51470901	syn51365303				
EUR	CCL19	CCL19_Q99731_OID21030_v1_Neurology.tar	https://www.synapse.org/Synapse:syn51469963				syn51469963	syn51365303				
EUR	CCL20	CCL20_P78556_OID20671_v1_Inflammation.tar	https://www.synapse.org/Synapse:syn51470739				syn51470739	syn51365303				
EUR	CCL21	CCL21_O00585_OID20686_v1_Inflammation.tar	https://www.synapse.org/Synapse:syn51468776	548556800		fe4ef7fb381fc9f36d6f69683c38611e	syn51468776	syn51365303				
EUR	CCL22	CCL22_O00626_OID20765_v1_Inflammation.tar	https://www.synapse.org/Synapse:syn51469155	546867200		062ebd337f18591ca49b9e3ef39d0074	syn51469155	syn51365303				
EUR	CCL23	CCL23_P55773_OID20693_v1_Inflammation.tar	https://www.synapse.org/Synapse:syn51471075				syn51471075	syn51365303				
EUR	CCL24	CCL24_O00175_OID20772_v1_Inflammation.tar	https://www.synapse.org/Synapse:syn51469503				syn51469503	syn51365303				
EUR	CCL25	CCL25_O15444_OID20674_v1_Inflammation.tar	https://www.synapse.org/Synapse:syn51469552				syn51469552	syn51365303				
EUR	CCL26	CCL26_Q9Y258_OID20546_v1_Inflammation.tar	https://www.synapse.org/Synapse:syn51469378				syn51469378	syn51365303				
EUR	CCL27	CCL27_Q9Y4X3_OID20121_v1_Cardiometabolic.tar	https://www.synapse.org/Synapse:syn51468720				syn51468720	syn51365303				
EUR	CCL28	CCL28_Q9NRJ3_OID20569_v1_Inflammation.tar	https://www.synapse.org/Synapse:syn51469412	547584000		17b120ce08dcde406ceceb35509848f4	syn51469412	syn51365303				
EUR	CCL2	CCL2_P13500_OID21004_v1_Neurology.tar	https://www.synapse.org/Synapse:syn51469435	547112960		73cbaff02a525b636574620db45c9b1e	syn51469435	syn51365303				
EUR	CCL3	CCL3_P10147_OID20610_v1_Inflammation.tar	https://www.synapse.org/Synapse:syn51470436				syn51470436	syn51365303				
EUR	CCL4	CCL4_P13236_OID20695_v1_Inflammation.tar	https://www.synapse.org/Synapse:syn51468729	548495360		da406013f0fade48e82361827ded1572	syn51468729	syn51365303				
EUR	CCL5	CCL5_P13501_OID20412_v1_Cardiometabolic.tar	https://www.synapse.org/Synapse:syn51470183	548444160		45936041610b1fc135fb8ec04c571ee3	syn51470183	syn51365303				
EUR	CCL7	CCL7_P80098_OID20523_v1_Inflammation.tar	https://www.synapse.org/Synapse:syn51470007				syn51470007	syn51365303				
EUR	CCL8	CCL8_P80075_OID21466_v1_Oncology.tar	https://www.synapse.org/Synapse:syn51470942	549580800		54c4029e52d22d3a58329c1c92028364	syn51470942	syn51365303				
EUR	CCN1	CCN1_O00622_OID21368_v1_Oncology.tar	https://www.synapse.org/Synapse:syn51469250				syn51469250	syn51365303				
EUR	CCN2	CCN2_P29279_OID20709_v1_Inflammation.tar	https://www.synapse.org/Synapse:syn51469197	547921920		921eeec8f4fd98b0198fb090adb6e574	syn51469197	syn51365303				
EUR	CCN3	CCN3_P48745_OID20299_v1_Cardiometabolic.tar	https://www.synapse.org/Synapse:syn51470499				syn51470499	syn51365303				
EUR	CCN4	CCN4_O95388_OID21444_v1_Oncology.tar	https://www.synapse.org/Synapse:syn51470375	549376000		17cd6f7a07f56ece720da9dd8a583c40	syn51470375	syn51365303				
EUR	CCN5	CCN5_O76076_OID21068_v1_Neurology.tar	https://www.synapse.org/Synapse:syn51469648				syn51469648	syn51365303				
EUR	CCND2	CCND2_P30279_OID31316_v1_Oncology_II.tar	https://www.synapse.org/Synapse:syn52362084				syn52362084	syn51365303				
EUR	CCNE1	CCNE1_P24864_OID30456_v1_Inflammation_II.tar	https://www.synapse.org/Synapse:syn52362845				syn52362845	syn51365303				
EUR	CCS	CCS_O14618_OID20973_v1_Neurology.tar	https://www.synapse.org/Synapse:syn51469601				syn51469601	syn51365303				
EUR	CCT5	CCT5_P48643_OID21200_v1_Oncology.tar	https://www.synapse.org/Synapse:syn51468644	545280000		df36183f4427c4fe22034a6439d5a7fd	syn51468644	syn51365303				
EUR	CD101	CD101_Q93033_OID31480_v1_Oncology_II.tar	https://www.synapse.org/Synapse:syn52361697	549416960		e5304e8a89ad3c935223203557f2f4a2	syn52361697	syn51365303				
EUR	CD109	CD109_Q6YHK3_OID21108_v1_Neurology.tar	https://www.synapse.org/Synapse:syn51470814	549089280		5f152deadf5539b837ac8332d5f7949e	syn51470814	syn51365303				
EUR	CD14	CD14_P08571_OID20378_v1_Cardiometabolic.tar	https://www.synapse.org/Synapse:syn51469533				syn51469533	syn51365303				
EUR	CD160	CD160_O95971_OID20647_v1_Inflammation.tar	https://www.synapse.org/Synapse:syn51470787	549345280		8d489fd049c553c4d1fae2f3841dc8c4	syn51470787	syn51365303				
EUR	CD163	CD163_Q86VB7_OID20360_v1_Cardiometabolic.tar	https://www.synapse.org/Synapse:syn51470836				syn51470836	syn51365303				
EUR	CD164L2	CD164L2_Q6UWJ8_OID30922_v1_Neurology_II.tar	https://www.synapse.org/Synapse:syn52361522				syn52361522	syn51365303				
EUR	CD164	CD164_Q04900_OID21080_v1_Neurology.tar	https://www.synapse.org/Synapse:syn51468939				syn51468939	syn51365303				
EUR	CD177	CD177_Q8N6Q3_OID21119_v1_Neurology.tar	https://www.synapse.org/Synapse:syn51468703				syn51468703	syn51365303				
EUR	CD1C	CD1C_P29017_OID21483_v1_Oncology.tar	https://www.synapse.org/Synapse:syn51468688				syn51468688	syn51365303				
EUR	CD200R1	CD200R1_Q8TD46_OID20595_v1_Inflammation.tar	https://www.synapse.org/Synapse:syn51470470				syn51470470	syn51365303				
EUR	CD200	CD200_P41217_OID20603_v1_Inflammation.tar	https://www.synapse.org/Synapse:syn51470287	548034560		9b883fd2a174399cecd29f5c23c2b71a	syn51470287	syn51365303				
EUR	CD207	CD207_Q9UJ71_OID21298_v1_Oncology.tar	https://www.synapse.org/Synapse:syn51468892	545761280		ba6828a502f1ffb64b4e0f0dbe1bd476	syn51468892	syn51365303				
EUR	CD209	CD209_Q9NNX6_OID20262_v1_Cardiometabolic.tar	https://www.synapse.org/Synapse:syn51471349				syn51471349	syn51365303				
EUR	CD226	CD226_Q15762_OID30556_v1_Inflammation_II.tar	https://www.synapse.org/Synapse:syn52363420	545515520		7ef31977bad2ed7d9602221450092ff6	syn52363420	syn51365303				
EUR	CD22	CD22_P20273_OID20637_v1_Inflammation.tar	https://www.synapse.org/Synapse:syn51470228	549416960		3d51cb286e83e4d2d53b491bfb3ac187	syn51470228	syn51365303				
EUR	CD244	CD244_Q9BZW8_OID20628_v1_Inflammation.tar	https://www.synapse.org/Synapse:syn51470024	549345280		4bcfb5917a31c41929a7d45ae65e30d5	syn51470024	syn51365303				
EUR	CD248	CD248_Q9HCU0_OID30394_v1_Cardiometabolic_II.tar	https://www.synapse.org/Synapse:syn52361939				syn52361939	syn51365303				
EUR	CD274	CD274_Q9NZQ7_OID20966_v1_Neurology.tar	https://www.synapse.org/Synapse:syn51469132				syn51469132	syn51365303				
EUR	CD276	CD276_Q5ZPR3_OID20680_v1_Inflammation.tar	https://www.synapse.org/Synapse:syn51469216	548710400		a0f523672ddc74e553e85ee46a1377ec	syn51469216	syn51365303				
EUR	CD27	CD27_P26842_OID21527_v1_Oncology.tar	https://www.synapse.org/Synapse:syn51471421				syn51471421	syn51365303				
EUR	CD28	CD28_P10747_OID21265_v1_Oncology.tar	https://www.synapse.org/Synapse:syn51471416	545300480		abf29c7894ffc2cf259f20deaa026cb9	syn51471416	syn51365303				
EUR	CD2AP	CD2AP_Q9Y5K6_OID20177_v1_Cardiometabolic.tar	https://www.synapse.org/Synapse:syn51469680	548218880		424ace6367d52b496d87fc62428a6992	syn51469680	syn51365303				
EUR	CD2	CD2_P06729_OID30097_v1_Cardiometabolic_II.tar	https://www.synapse.org/Synapse:syn52363049				syn52363049	syn51365303				
EUR	CD300A	CD300A_Q9UGN4_OID30576_v1_Inflammation_II.tar	https://www.synapse.org/Synapse:syn52361869				syn52361869	syn51365303				
EUR	CD300C	CD300C_Q08708_OID21010_v1_Neurology.tar	https://www.synapse.org/Synapse:syn51469881				syn51469881	syn51365303				
EUR	CD300E	CD300E_Q496F6_OID21418_v1_Oncology.tar	https://www.synapse.org/Synapse:syn51470261				syn51470261	syn51365303				
EUR	CD300LF	CD300LF_Q8TDQ1_OID21469_v1_Oncology.tar	https://www.synapse.org/Synapse:syn51469934				syn51469934	syn51365303				
EUR	CD300LG	CD300LG_Q6UXG3_OID21130_v1_Neurology.tar	https://www.synapse.org/Synapse:syn51468780				syn51468780	syn51365303				
EUR	CD302	CD302_Q8IX05_OID21328_v1_Oncology.tar	https://www.synapse.org/Synapse:syn51469057	547686400		a97b627f0239d52df39df31ab5867f01	syn51469057	syn51365303				
EUR	CD33	CD33_P20138_OID21472_v1_Oncology.tar	https://www.synapse.org/Synapse:syn51471257				syn51471257	syn51365303				
EUR	CD34	CD34_P28906_OID21025_v1_Neurology.tar	https://www.synapse.org/Synapse:syn51470624				syn51470624	syn51365303				
EUR	CD36	CD36_P16671_OID30485_v1_Inflammation_II.tar	https://www.synapse.org/Synapse:syn52363446	545628160		e4eb224ccbeb9dbc9741639fa3da2dee	syn52363446	syn51365303				
EUR	CD38	CD38_P28907_OID21316_v1_Oncology.tar	https://www.synapse.org/Synapse:syn51470093				syn51470093	syn51365303				
EUR	CD3D	CD3D_P04234_OID30827_v1_Neurology_II.tar	https://www.synapse.org/Synapse:syn52361650				syn52361650	syn51365303				
EUR	CD3E	CD3E_P07766_OID31302_v1_Oncology_II.tar	https://www.synapse.org/Synapse:syn52362635				syn52362635	syn51365303				
EUR	CD3G	CD3G_P09693_OID30448_v1_Inflammation_II.tar	https://www.synapse.org/Synapse:syn52362553				syn52362553	syn51365303				
EUR	CD40LG	CD40LG_P29965_OID20616_v1_Inflammation.tar	https://www.synapse.org/Synapse:syn51469525	549160960		4cf363b659401400b861efddda13c5cd	syn51469525	syn51365303				
EUR	CD40	CD40_P25942_OID20724_v1_Inflammation.tar	https://www.synapse.org/Synapse:syn51469096				syn51469096	syn51365303				
EUR	CD46	CD46_P15529_OID20380_v1_Cardiometabolic.tar	https://www.synapse.org/Synapse:syn51470496				syn51470496	syn51365303				
EUR	CD48	CD48_P09326_OID20692_v1_Inflammation.tar	https://www.synapse.org/Synapse:syn51471140	548853760		d9e49fc657f30e7fa1ddd57ba14d3783	syn51471140	syn51365303				
EUR	CD4	CD4_P01730_OID20584_v1_Inflammation.tar	https://www.synapse.org/Synapse:syn51470975				syn51470975	syn51365303				
EUR	CD55	CD55_P08174_OID20377_v1_Cardiometabolic.tar	https://www.synapse.org/Synapse:syn51470988				syn51470988	syn51365303				
EUR	CD58	CD58_P19256_OID20716_v1_Inflammation.tar	https://www.synapse.org/Synapse:syn51471464				syn51471464	syn51365303				
EUR	CD59	CD59_P13987_OID20339_v1_Cardiometabolic.tar	https://www.synapse.org/Synapse:syn51471318				syn51471318	syn51365303				
EUR	CD5L	CD5L_O43866_OID30775_v1_Inflammation_II.tar	https://www.synapse.org/Synapse:syn52362953	548433920		d26634eeaff3bb988b5abb2112fc68ba	syn52362953	syn51365303				
EUR	CD5	CD5_P06127_OID21449_v1_Oncology.tar	https://www.synapse.org/Synapse:syn51468783				syn51468783	syn51365303				
EUR	CD63	CD63_P08962_OID20988_v1_Neurology.tar	https://www.synapse.org/Synapse:syn51468809	546836480		30296fa44fe00856383a3793391f7a1a	syn51468809	syn51365303				
EUR	CD69	CD69_Q07108_OID20206_v1_Cardiometabolic.tar	https://www.synapse.org/Synapse:syn51470750				syn51470750	syn51365303				
EUR	CD6	CD6_P30203_OID20649_v1_Inflammation.tar	https://www.synapse.org/Synapse:syn51469403	549857280		6ddb546fb0132522f0956d18124af0e4	syn51469403	syn51365303				
EUR	CD70	CD70_P32970_OID20599_v1_Inflammation.tar	https://www.synapse.org/Synapse:syn51469303				syn51469303	syn51365303				
EUR	CD72	CD72_P21854_OID30641_v1_Inflammation_II.tar	https://www.synapse.org/Synapse:syn52362336				syn52362336	syn51365303				
EUR	CD74	CD74_P04233_OID21040_v1_Neurology.tar	https://www.synapse.org/Synapse:syn51470179				syn51470179	syn51365303				
EUR	CD79B	CD79B_P40259_OID20635_v1_Inflammation.tar	https://www.synapse.org/Synapse:syn51470298	549314560		f4f2efd8651088436a12031520d983e7	syn51470298	syn51365303				
EUR	CD7	CD7_P09564_OID30543_v1_Inflammation_II.tar	https://www.synapse.org/Synapse:syn52362965				syn52362965	syn51365303				
EUR	CD80	CD80_P33681_OID30291_v1_Cardiometabolic_II.tar	https://www.synapse.org/Synapse:syn52361585	549242880		766d9143d58b181802f56656cb5ff011	syn52361585	syn51365303				
EUR	CD82	CD82_P27701_OID31256_v1_Oncology_II.tar	https://www.synapse.org/Synapse:syn52361358				syn52361358	syn51365303				
EUR	CD83	CD83_Q01151_OID20565_v1_Inflammation.tar	https://www.synapse.org/Synapse:syn51469560	547993600		0acfac7a39b6b0ee0163d3270257313b	syn51469560	syn51365303				
EUR	CD84	CD84_Q9UIB8_OID20607_v1_Inflammation.tar	https://www.synapse.org/Synapse:syn51468592				syn51468592	syn51365303				
EUR	CD86	CD86_P42081_OID31500_v1_Oncology_II.tar	https://www.synapse.org/Synapse:syn52362558				syn52362558	syn51365303				
EUR	CD8A	CD8A_P01732_OID21018_v1_Neurology.tar	https://www.synapse.org/Synapse:syn51471564				syn51471564	syn51365303				
EUR	CD93	CD93_Q9NPY3_OID20397_v1_Cardiometabolic.tar	https://www.synapse.org/Synapse:syn51471247				syn51471247	syn51365303				
EUR	CD99L2	CD99L2_Q8TCZ2_OID21122_v1_Neurology.tar	https://www.synapse.org/Synapse:syn51468614				syn51468614	syn51365303				
EUR	CD99	CD99_P14209_OID21110_v1_Neurology.tar	https://www.synapse.org/Synapse:syn51470732				syn51470732	syn51365303				
EUR	CDAN1	CDAN1_Q8IWY9_OID31076_v1_Neurology_II.tar	https://www.synapse.org/Synapse:syn52363386				syn52363386	syn51365303				
EUR	CDA	CDA_P32320_OID30345_v1_Cardiometabolic_II.tar	https://www.synapse.org/Synapse:syn52363461	549007360		c1aca894b6f89173fbb34dce4e0fa725	syn52363461	syn51365303				
EUR	CDC123	CDC123_O75794_OID31242_v1_Oncology_II.tar	https://www.synapse.org/Synapse:syn52362665				syn52362665	syn51365303				
EUR	CDC25A	CDC25A_P30304_OID31189_v1_Oncology_II.tar	https://www.synapse.org/Synapse:syn52362125				syn52362125	syn51365303				
EUR	CDC26	CDC26_Q8NHZ8_OID31508_v1_Oncology_II.tar	https://www.synapse.org/Synapse:syn52363648				syn52363648	syn51365303				
EUR	CDC27	CDC27_P30260_OID21238_v1_Oncology.tar	https://www.synapse.org/Synapse:syn51470018				syn51470018	syn51365303				
EUR	CDC37	CDC37_Q16543_OID21470_v1_Oncology.tar	https://www.synapse.org/Synapse:syn51470376				syn51470376	syn51365303				
EUR	CDC42BPB	CDC42BPB_Q9Y5S2_OID31485_v1_Oncology_II.tar	https://www.synapse.org/Synapse:syn52362736				syn52362736	syn51365303				
EUR	CDCP1	CDCP1_Q9H5V8_OID20940_v1_Neurology.tar	https://www.synapse.org/Synapse:syn51470892	547778560		47fb39de7698e26abdf354477c429a90	syn51470892	syn51365303				
EUR	CDH15	CDH15_P55291_OID21005_v1_Neurology.tar	https://www.synapse.org/Synapse:syn51471234				syn51471234	syn51365303				
EUR	CDH17	CDH17_Q12864_OID20134_v1_Cardiometabolic.tar	https://www.synapse.org/Synapse:syn51469102	548659200		fa7ec73d2a89a3032da814bd9e4ce4da	syn51469102	syn51365303				
EUR	CDH1	CDH1_P12830_OID20353_v1_Cardiometabolic.tar	https://www.synapse.org/Synapse:syn51470549				syn51470549	syn51365303				
EUR	CDH22	CDH22_Q9UJ99_OID31332_v1_Oncology_II.tar	https://www.synapse.org/Synapse:syn52361444				syn52361444	syn51365303				
EUR	CDH23	CDH23_Q9H251_OID31074_v1_Neurology_II.tar	https://www.synapse.org/Synapse:syn52361968	548474880		d87f20f9eee6a6750cc1dfba655d7515	syn52361968	syn51365303				
EUR	CDH2	CDH2_P19022_OID20170_v1_Cardiometabolic.tar	https://www.synapse.org/Synapse:syn51469536	548362240		f153751c76c0f679dcb326fe74931a28	syn51469536	syn51365303				
EUR	CDH3	CDH3_P22223_OID21008_v1_Neurology.tar	https://www.synapse.org/Synapse:syn51470815	548894720		524dda38a96ad532cc7c37cff6fe95c5	syn51470815	syn51365303				
EUR	CDH4	CDH4_P55283_OID30875_v1_Neurology_II.tar	https://www.synapse.org/Synapse:syn52363494				syn52363494	syn51365303				
EUR	CDH5	CDH5_P33151_OID20243_v1_Cardiometabolic.tar	https://www.synapse.org/Synapse:syn51469161				syn51469161	syn51365303				
EUR	CDH6	CDH6_P55285_OID20157_v1_Cardiometabolic.tar	https://www.synapse.org/Synapse:syn51469080				syn51469080	syn51365303				
EUR	CDHR1	CDHR1_Q96JP9_OID20808_v1_Neurology.tar	https://www.synapse.org/Synapse:syn51468565				syn51468565	syn51365303				
EUR	CDHR2	CDHR2_Q9BYE9_OID21282_v1_Oncology.tar	https://www.synapse.org/Synapse:syn51469726	548157440		98d5e44cb232ac532aa59f455473e211	syn51469726	syn51365303				
EUR	CDHR5	CDHR5_Q9HBB8_OID20193_v1_Cardiometabolic.tar	https://www.synapse.org/Synapse:syn51469532				syn51469532	syn51365303				
EUR	CDK1	CDK1_P06493_OID31164_v1_Oncology_II.tar	https://www.synapse.org/Synapse:syn52363259				syn52363259	syn51365303				
EUR	CDK5RAP3	CDK5RAP3_Q96JB5_OID30985_v1_Neurology_II.tar	https://www.synapse.org/Synapse:syn52363659	548587520		34932254fe3663a5651ddba6a956517a	syn52363659	syn51365303				
EUR	CDKL5	CDKL5_O76039_OID30796_v1_Neurology_II.tar	https://www.synapse.org/Synapse:syn52362544				syn52362544	syn51365303				
EUR	CDKN1A	CDKN1A_P38936_OID21319_v1_Oncology.tar	https://www.synapse.org/Synapse:syn51470779	547471360		c0441b17c56bd652a9dfe5d78c1ce38b	syn51470779	syn51365303				
EUR	CDKN2D	CDKN2D_P55273_OID21295_v1_Oncology.tar	https://www.synapse.org/Synapse:syn51469035				syn51469035	syn51365303				
EUR	CDNF	CDNF_Q49AH0_OID21318_v1_Oncology.tar	https://www.synapse.org/Synapse:syn51469545				syn51469545	syn51365303				
EUR	CDON	CDON_Q4KMG0_OID20754_v1_Inflammation.tar	https://www.synapse.org/Synapse:syn51471365	548198400		92f88ad69a081336803dd43027b68557	syn51471365	syn51365303				
EUR	CDSN	CDSN_Q15517_OID20667_v1_Inflammation.tar	https://www.synapse.org/Synapse:syn51470511	549642240		3bd49dcd9ff787c4a50937e1a306911a	syn51470511	syn51365303				
EUR	CEACAM16	CEACAM16_Q2WEN9_OID31495_v1_Oncology_II.tar	https://www.synapse.org/Synapse:syn52362828	548689920		e3b836c8a4d52a53d4e451895825e962	syn52362828	syn51365303				
EUR	CEACAM18	CEACAM18_A8MTB9_OID31251_v1_Oncology_II.tar	https://www.synapse.org/Synapse:syn52362579				syn52362579	syn51365303				
EUR	CEACAM19	CEACAM19_Q7Z692_OID31443_v1_Oncology_II.tar	https://www.synapse.org/Synapse:syn52361912	548433920		de2e38753798dfb4f2e3dee2f61a6cdc	syn52361912	syn51365303				
EUR	CEACAM1	CEACAM1_P13688_OID21528_v1_Oncology.tar	https://www.synapse.org/Synapse:syn51469374				syn51469374	syn51365303				
EUR	CEACAM20	CEACAM20_Q6UY09_OID31308_v1_Oncology_II.tar	https://www.synapse.org/Synapse:syn52363625				syn52363625	syn51365303				
EUR	CEACAM21	CEACAM21_Q3KPI0_OID20548_v1_Inflammation.tar	https://www.synapse.org/Synapse:syn51471326				syn51471326	syn51365303				
EUR	CEACAM3	CEACAM3_P40198_OID21245_v1_Oncology.tar	https://www.synapse.org/Synapse:syn51469907				syn51469907	syn51365303				
EUR	CEACAM5	CEACAM5_P06731_OID21171_v1_Oncology.tar	https://www.synapse.org/Synapse:syn51471186				syn51471186	syn51365303				
EUR	CEACAM6	CEACAM6_P40199_OID30362_v1_Cardiometabolic_II.tar	https://www.synapse.org/Synapse:syn52362933	548853760		783675586601ecad7267cd7982087670	syn52362933	syn51365303				
EUR	CEACAM8	CEACAM8_P31997_OID20102_v1_Cardiometabolic.tar	https://www.synapse.org/Synapse:syn51471297	545894400		8a8ba9ccb3ee59264ec809b13f86f382	syn51471297	syn51365303				
EUR	CEBPA	CEBPA_P49715_OID30458_v1_Inflammation_II.tar	https://www.synapse.org/Synapse:syn52362311				syn52362311	syn51365303				
EUR	CEBPB	CEBPB_P17676_OID20052_v1_Cardiometabolic.tar	https://www.synapse.org/Synapse:syn51468500				syn51468500	syn51365303				
EUR	CELA2A	CELA2A_P08217_OID30411_v1_Cardiometabolic_II.tar	https://www.synapse.org/Synapse:syn52363251	548853760		d4577c270ecdd180ccae7ecefc753585	syn52363251	syn51365303				
EUR	CELA3A	CELA3A_P09093_OID20298_v1_Cardiometabolic.tar	https://www.synapse.org/Synapse:syn51469590				syn51469590	syn51365303				
EUR	CELSR2	CELSR2_Q9HCU4_OID30593_v1_Inflammation_II.tar	https://www.synapse.org/Synapse:syn52363591				syn52363591	syn51365303				
EUR	CEMIP2	CEMIP2_Q9UHN6_OID30499_v1_Inflammation_II.tar	https://www.synapse.org/Synapse:syn52362267				syn52362267	syn51365303				
EUR	CEND1	CEND1_Q8N111_OID30821_v1_Neurology_II.tar	https://www.synapse.org/Synapse:syn52362966				syn52362966	syn51365303				
EUR	CENPF	CENPF_P49454_OID31329_v1_Oncology_II.tar	https://www.synapse.org/Synapse:syn52361256				syn52361256	syn51365303				
EUR	CENPJ	CENPJ_Q9HC77_OID31314_v1_Oncology_II.tar	https://www.synapse.org/Synapse:syn52361632				syn52361632	syn51365303				
EUR	CEP112	CEP112_Q8N8E3_OID30115_v1_Cardiometabolic_II.tar	https://www.synapse.org/Synapse:syn52361588				syn52361588	syn51365303				
EUR	CEP152	CEP152_O94986_OID31249_v1_Oncology_II.tar	https://www.synapse.org/Synapse:syn52361903	544440320		53acc5ac43d6b5cbec299e1fd5297d3e	syn52361903	syn51365303				
EUR	CEP164	CEP164_Q9UPV0_OID20441_v1_Inflammation.tar	https://www.synapse.org/Synapse:syn51469138				syn51469138	syn51365303				
EUR	CEP170	CEP170_Q5SW79_OID30240_v1_Cardiometabolic_II.tar	https://www.synapse.org/Synapse:syn52362374				syn52362374	syn51365303				
EUR	CEP20	CEP20_Q96NB1_OID21209_v1_Oncology.tar	https://www.synapse.org/Synapse:syn51469279				syn51469279	syn51365303				
EUR	CEP290	CEP290_O15078_OID31287_v1_Oncology_II.tar	https://www.synapse.org/Synapse:syn52363674				syn52363674	syn51365303				
EUR	CEP350	CEP350_Q5VT06_OID31247_v1_Oncology_II.tar	https://www.synapse.org/Synapse:syn52363034				syn52363034	syn51365303				
EUR	CEP43	CEP43_O95684_OID20084_v1_Cardiometabolic.tar	https://www.synapse.org/Synapse:syn51469520				syn51469520	syn51365303				
EUR	CEP85	CEP85_Q6P2H3_OID21241_v1_Oncology.tar	https://www.synapse.org/Synapse:syn51469062				syn51469062	syn51365303				
EUR	CERT	CERT_Q9Y5P4_OID20857_v1_Neurology.tar	https://www.synapse.org/Synapse:syn51471409				syn51471409	syn51365303				
EUR	CES1	CES1_P23141_OID20244_v1_Cardiometabolic.tar	https://www.synapse.org/Synapse:syn51468601	548669440		0b321416ed4a8c6f04ba6f5c2e095e9a	syn51468601	syn51365303				
EUR	CES2	CES2_O00748_OID21366_v1_Oncology.tar	https://www.synapse.org/Synapse:syn51468602				syn51468602	syn51365303				
EUR	CES3	CES3_Q6UWW8_OID21340_v1_Oncology.tar	https://www.synapse.org/Synapse:syn51471301				syn51471301	syn51365303				
EUR	CETN2	CETN2_P41208_OID20836_v1_Neurology.tar	https://www.synapse.org/Synapse:syn51469368				syn51469368	syn51365303				
EUR	CETN3	CETN3_O15182_OID31525_v1_Oncology_II.tar	https://www.synapse.org/Synapse:syn52362495				syn52362495	syn51365303				
EUR	CFB	CFB_P00751_OID30755_v1_Inflammation_II.tar	https://www.synapse.org/Synapse:syn52362825				syn52362825	syn51365303				
EUR	CFC1	CFC1_P0CG37_OID21261_v1_Oncology.tar	https://www.synapse.org/Synapse:syn51471202				syn51471202	syn51365303				
EUR	CFD	CFD_P00746_OID30738_v1_Inflammation_II.tar	https://www.synapse.org/Synapse:syn52363567	549150720		6e529d77f89772004f04628986f53064	syn52363567	syn51365303				
EUR	CFHR2	CFHR2_P36980_OID30720_v1_Inflammation_II.tar	https://www.synapse.org/Synapse:syn52363587				syn52363587	syn51365303				
EUR	CFHR4	CFHR4_Q92496_OID30758_v1_Inflammation_II.tar	https://www.synapse.org/Synapse:syn52363057	550430720		525ea6e3263bcb77ada5df2396f94b08	syn52363057	syn51365303				
EUR	CFHR5	CFHR5_Q9BXR6_OID30716_v1_Inflammation_II.tar	https://www.synapse.org/Synapse:syn52363133	547737600		fb77d6b149f88fe623007d198f887ae6	syn52363133	syn51365303				
EUR	CFH	CFH_P08603_OID30790_v1_Inflammation_II.tar	https://www.synapse.org/Synapse:syn52362207	542095360		ebd6dc644e774af6ed66e4fb3541d7c0	syn52362207	syn51365303				
EUR	CFI	CFI_P05156_OID30772_v1_Inflammation_II.tar	https://www.synapse.org/Synapse:syn52361281				syn52361281	syn51365303				
EUR	CFP	CFP_P27918_OID30784_v1_Inflammation_II.tar	https://www.synapse.org/Synapse:syn52361708				syn52361708	syn51365303				
EUR	CGA	CGA_P01215_OID21069_v1_Neurology.tar	https://www.synapse.org/Synapse:syn51469671				syn51469671	syn51365303				
EUR	CGB3	CGB3_CGB5_CGB8_P0DN86_OID30671_v1_Inflammation_II.tar	https://www.synapse.org/Synapse:syn52363419				syn52363419	syn51365303				
EUR	CGN	CGN_Q9P2M7_OID30894_v1_Neurology_II.tar	https://www.synapse.org/Synapse:syn52362390				syn52362390	syn51365303				
EUR	CGREF1	CGREF1_Q99674_OID20152_v1_Cardiometabolic.tar	https://www.synapse.org/Synapse:syn51468749				syn51468749	syn51365303				
EUR	CHAC2	CHAC2_Q8WUX2_OID21230_v1_Oncology.tar	https://www.synapse.org/Synapse:syn51468663				syn51468663	syn51365303				
EUR	CHAD	CHAD_O15335_OID30660_v1_Inflammation_II.tar	https://www.synapse.org/Synapse:syn52362149	546344960		4861491f5d7793b27c4b87b4894d6f7a	syn52362149	syn51365303				
EUR	CHCHD10	CHCHD10_Q8WYQ3_OID31116_v1_Neurology_II.tar	https://www.synapse.org/Synapse:syn52362004				syn52362004	syn51365303				
EUR	CHCHD6	CHCHD6_Q9BRQ6_OID31426_v1_Oncology_II.tar	https://www.synapse.org/Synapse:syn52362982				syn52362982	syn51365303				
EUR	CHEK2	CHEK2_O96017_OID20054_v1_Cardiometabolic.tar	https://www.synapse.org/Synapse:syn51469419				syn51469419	syn51365303				
EUR	CHGA	CHGA_P10645_OID30403_v1_Cardiometabolic_II.tar	https://www.synapse.org/Synapse:syn52361945	548904960		df836526096336f8bbb95bd4e84064fd	syn52361945	syn51365303				
EUR	CHGB	CHGB_P05060_OID21038_v1_Neurology.tar	https://www.synapse.org/Synapse:syn51469513				syn51469513	syn51365303				
EUR	CHI3L1	CHI3L1_P36222_OID20399_v1_Cardiometabolic.tar	https://www.synapse.org/Synapse:syn51468751				syn51468751	syn51365303				
EUR	CHIT1	CHIT1_Q13231_OID20312_v1_Cardiometabolic.tar	https://www.synapse.org/Synapse:syn51471134				syn51471134	syn51365303				
EUR	CHL1	CHL1_O00533_OID20366_v1_Cardiometabolic.tar	https://www.synapse.org/Synapse:syn51470972				syn51470972	syn51365303				
EUR	CHMP1A	CHMP1A_Q9HD42_OID20930_v1_Neurology.tar	https://www.synapse.org/Synapse:syn51468796				syn51468796	syn51365303				
EUR	CHMP6	CHMP6_Q96FZ7_OID30327_v1_Cardiometabolic_II.tar	https://www.synapse.org/Synapse:syn52363332				syn52363332	syn51365303				
EUR	CHM	CHM_P24386_OID30972_v1_Neurology_II.tar	https://www.synapse.org/Synapse:syn52361307				syn52361307	syn51365303				
EUR	CHP1	CHP1_Q99653_OID30869_v1_Neurology_II.tar	https://www.synapse.org/Synapse:syn52362111				syn52362111	syn51365303				
EUR	CHRDL1	CHRDL1_Q9BU40_OID20771_v1_Inflammation.tar	https://www.synapse.org/Synapse:syn51470987				syn51470987	syn51365303				
EUR	CHRDL2	CHRDL2_Q6WN34_OID20223_v1_Cardiometabolic.tar	https://www.synapse.org/Synapse:syn51468917	548218880		41b351bbe1bc42f7c914283921edabb4	syn51468917	syn51365303				
EUR	CHRM1	CHRM1_P11229_OID30930_v1_Neurology_II.tar	https://www.synapse.org/Synapse:syn52363038				syn52363038	syn51365303				
EUR	CIAPIN1	CIAPIN1_Q6FI81_OID21501_v1_Oncology.tar	https://www.synapse.org/Synapse:syn51471428	548444160		8dcd091f6d75f9b2306656229c78a29f	syn51471428	syn51365303				
EUR	CILP	CILP_O75339_OID30399_v1_Cardiometabolic_II.tar	https://www.synapse.org/Synapse:syn52362616				syn52362616	syn51365303				
EUR	CINP	CINP_Q9BW66_OID31328_v1_Oncology_II.tar	https://www.synapse.org/Synapse:syn52362962				syn52362962	syn51365303				
EUR	CIRBP	CIRBP_Q14011_OID31503_v1_Oncology_II.tar	https://www.synapse.org/Synapse:syn52363080				syn52363080	syn51365303				
EUR	CIT	CIT_O14578_OID30970_v1_Neurology_II.tar	https://www.synapse.org/Synapse:syn52361718				syn52361718	syn51365303				
EUR	CKAP4	CKAP4_Q07065_OID20617_v1_Inflammation.tar	https://www.synapse.org/Synapse:syn51470773				syn51470773	syn51365303				
EUR	CKB	CKB_P12277_OID30400_v1_Cardiometabolic_II.tar	https://www.synapse.org/Synapse:syn52361504	548864000		0a80b724f9289a70e34e802b474a814e	syn52361504	syn51365303				
EUR	CKMT1A	CKMT1A_CKMT1B_P12532_OID20721_v1_Inflammation.tar	https://www.synapse.org/Synapse:syn51468490				syn51468490	syn51365303				
EUR	CLASP1	CLASP1_Q7Z460_OID31192_v1_Oncology_II.tar	https://www.synapse.org/Synapse:syn52363505				syn52363505	syn51365303				
EUR	CLC	CLC_Q05315_OID20126_v1_Cardiometabolic.tar	https://www.synapse.org/Synapse:syn51471404	548106240		568941528e3d1202df76d04b4f51b15b	syn51471404	syn51365303				
EUR	CLEC10A	CLEC10A_Q8IUN9_OID20928_v1_Neurology.tar	https://www.synapse.org/Synapse:syn51468696	547491840		79b879f382d320889975b977cb710f3c	syn51468696	syn51365303				
EUR	CLEC11A	CLEC11A_Q9Y240_OID21112_v1_Neurology.tar	https://www.synapse.org/Synapse:syn51471261				syn51471261	syn51365303				
EUR	CLEC12A	CLEC12A_Q5QGZ9_OID30552_v1_Inflammation_II.tar	https://www.synapse.org/Synapse:syn52361378				syn52361378	syn51365303				
EUR	CLEC14A	CLEC14A_Q86T13_OID21090_v1_Neurology.tar	https://www.synapse.org/Synapse:syn51470743	548136960		c7b6626809a710227163bb96c5aad6d7	syn51470743	syn51365303				
EUR	CLEC1A	CLEC1A_Q8NC01_OID20099_v1_Cardiometabolic.tar	https://www.synapse.org/Synapse:syn51471149	546119680		49c16236bd5587574fd31e470aaf62c1	syn51471149	syn51365303				
EUR	CLEC1B	CLEC1B_Q9P126_OID21061_v1_Neurology.tar	https://www.synapse.org/Synapse:syn51469241	548904960		65ac7dabeb2ac42c966897e42395d6e9	syn51469241	syn51365303				
EUR	CLEC2L	CLEC2L_P0C7M8_OID30884_v1_Neurology_II.tar	https://www.synapse.org/Synapse:syn52362488				syn52362488	syn51365303				
EUR	CLEC3B	CLEC3B_P05452_OID30756_v1_Inflammation_II.tar	https://www.synapse.org/Synapse:syn52363549	546416640		e8ce8efa5af504c3791d3645ff293ea5	syn52363549	syn51365303				
EUR	CLEC4A	CLEC4A_Q9UMR7_OID20573_v1_Inflammation.tar	https://www.synapse.org/Synapse:syn51469350				syn51469350	syn51365303				
EUR	CLEC4C	CLEC4C_Q8WTT0_OID20547_v1_Inflammation.tar	https://www.synapse.org/Synapse:syn51470506	548853760		4ddfd48de9f012887deecd23c172f80c	syn51470506	syn51365303				
EUR	CLEC4D	CLEC4D_Q8WXI8_OID20609_v1_Inflammation.tar	https://www.synapse.org/Synapse:syn51471396				syn51471396	syn51365303				
EUR	CLEC4G	CLEC4G_Q6UXB4_OID20590_v1_Inflammation.tar	https://www.synapse.org/Synapse:syn51469810	548014080		63efc93ab026212a64b8fc07046d06f5	syn51469810	syn51365303				
EUR	CLEC4M	CLEC4M_Q9H2X3_OID30405_v1_Cardiometabolic_II.tar	https://www.synapse.org/Synapse:syn52363398	549693440		3122ae0b2461b70968a144f029c98c01	syn52363398	syn51365303				
EUR	CLEC5A	CLEC5A_Q9NY25_OID20165_v1_Cardiometabolic.tar	https://www.synapse.org/Synapse:syn51469830	547840000		daacd0a9a025208fd960dc1681184802	syn51469830	syn51365303				
EUR	CLEC6A	CLEC6A_Q6EIG7_OID21228_v1_Oncology.tar	https://www.synapse.org/Synapse:syn51470486				syn51470486	syn51365303				
EUR	CLEC7A	CLEC7A_Q9BXN2_OID20636_v1_Inflammation.tar	https://www.synapse.org/Synapse:syn51469987	550318080		22651ae4e7e3d552c8f310311617a9aa	syn51469987	syn51365303				
EUR	CLGN	CLGN_O14967_OID30957_v1_Neurology_II.tar	https://www.synapse.org/Synapse:syn52362921				syn52362921	syn51365303				
EUR	CLIC5	CLIC5_Q9NZA1_OID30890_v1_Neurology_II.tar	https://www.synapse.org/Synapse:syn52362403				syn52362403	syn51365303				
EUR	CLINT1	CLINT1_Q14677_OID31182_v1_Oncology_II.tar	https://www.synapse.org/Synapse:syn52361350				syn52361350	syn51365303				
EUR	CLIP2	CLIP2_Q9UDT6_OID20559_v1_Inflammation.tar	https://www.synapse.org/Synapse:syn51469895				syn51469895	syn51365303				
EUR	CLMP	CLMP_Q9H6B4_OID21419_v1_Oncology.tar	https://www.synapse.org/Synapse:syn51471417	549365760		e068c7e3f8cec3f6df0742eb61b3dd35	syn51471417	syn51365303				
EUR	CLNS1A	CLNS1A_P54105_OID30929_v1_Neurology_II.tar	https://www.synapse.org/Synapse:syn52362363				syn52362363	syn51365303				
EUR	CLPP	CLPP_Q16740_OID20910_v1_Neurology.tar	https://www.synapse.org/Synapse:syn51471425				syn51471425	syn51365303				
EUR	CLPS	CLPS_P04118_OID21156_v1_Neurology.tar	https://www.synapse.org/Synapse:syn51469637				syn51469637	syn51365303				
EUR	CLSPN	CLSPN_Q9HAW4_OID20831_v1_Neurology.tar	https://www.synapse.org/Synapse:syn51471411				syn51471411	syn51365303				
EUR	CLSTN1	CLSTN1_O94985_OID20874_v1_Neurology.tar	https://www.synapse.org/Synapse:syn51471313	545239040		86624bff413dd13e387ac5c266fdcb49	syn51471313	syn51365303				
EUR	CLSTN2	CLSTN2_Q9H4D0_OID20664_v1_Inflammation.tar	https://www.synapse.org/Synapse:syn51470903				syn51470903	syn51365303				
EUR	CLSTN3	CLSTN3_Q9BQT9_OID31092_v1_Neurology_II.tar	https://www.synapse.org/Synapse:syn52361685	548792320		2bf310191218727de6e2147641af3c9d	syn52361685	syn51365303				
EUR	CLTA	CLTA_P09496_OID20118_v1_Cardiometabolic.tar	https://www.synapse.org/Synapse:syn51469666				syn51469666	syn51365303				
EUR	CLUL1	CLUL1_Q15846_OID20198_v1_Cardiometabolic.tar	https://www.synapse.org/Synapse:syn51470346	548751360		def803a88e8e1f9d3f914803e58d049d	syn51470346	syn51365303				
EUR	CLU	CLU_P10909_OID30732_v1_Inflammation_II.tar	https://www.synapse.org/Synapse:syn52362609				syn52362609	syn51365303				
EUR	CMC1	CMC1_Q7Z7K0_OID30360_v1_Cardiometabolic_II.tar	https://www.synapse.org/Synapse:syn52361789	548904960		96b0baf9684f87ed467f7f0d5c0eae09	syn52361789	syn51365303				
EUR	CMIP	CMIP_Q8IY22_OID31406_v1_Oncology_II.tar	https://www.synapse.org/Synapse:syn52361367	548239360		dabef703439899aae02aa5c4fdcd60bc	syn52361367	syn51365303				
EUR	CNDP1	CNDP1_Q96KN2_OID20347_v1_Cardiometabolic.tar	https://www.synapse.org/Synapse:syn51469471	548618240		957696c53667c3fd1f3815818a1566a5	syn51469471	syn51365303				
EUR	CNGB3	CNGB3_Q9NQW8_OID30805_v1_Neurology_II.tar	https://www.synapse.org/Synapse:syn52361824				syn52361824	syn51365303				
EUR	CNPY2	CNPY2_Q9Y2B0_OID20069_v1_Cardiometabolic.tar	https://www.synapse.org/Synapse:syn51471345				syn51471345	syn51365303				
EUR	CNPY4	CNPY4_Q8N129_OID21317_v1_Oncology.tar	https://www.synapse.org/Synapse:syn51470282				syn51470282	syn51365303				
EUR	CNP	CNP_P09543_OID30285_v1_Cardiometabolic_II.tar	https://www.synapse.org/Synapse:syn52361512				syn52361512	syn51365303				
EUR	CNST	CNST_Q6PJW8_OID20127_v1_Cardiometabolic.tar	https://www.synapse.org/Synapse:syn51471137	548014080		4ef23c49cdbf2d4c7ae72399d440bca4	syn51471137	syn51365303				
EUR	CNTF	CNTF_P26441_OID30807_v1_Neurology_II.tar	https://www.synapse.org/Synapse:syn52362848				syn52362848	syn51365303				
EUR	CNTN1	CNTN1_Q12860_OID20307_v1_Cardiometabolic.tar	https://www.synapse.org/Synapse:syn51470267	549898240		460defa22b252a4c4d887be1d6144183	syn51470267	syn51365303				
EUR	CNTN2	CNTN2_Q02246_OID21426_v1_Oncology.tar	https://www.synapse.org/Synapse:syn51470716				syn51470716	syn51365303				
EUR	CNTN3	CNTN3_Q9P232_OID21092_v1_Neurology.tar	https://www.synapse.org/Synapse:syn51471306				syn51471306	syn51365303				
EUR	CNTN4	CNTN4_Q8IWV2_OID21117_v1_Neurology.tar	https://www.synapse.org/Synapse:syn51471304				syn51471304	syn51365303				
EUR	CNTN5	CNTN5_O94779_OID21006_v1_Neurology.tar	https://www.synapse.org/Synapse:syn51468458				syn51468458	syn51365303				
EUR	CNTNAP2	CNTNAP2_Q9UHC6_OID20556_v1_Inflammation.tar	https://www.synapse.org/Synapse:syn51468539	548372480		f5616cd705b34d00d64395ba26603ea0	syn51468539	syn51365303				
EUR	CNTNAP4	CNTNAP4_Q9C0A0_OID30911_v1_Neurology_II.tar	https://www.synapse.org/Synapse:syn52362002				syn52362002	syn51365303				
EUR	COCH	COCH_O43405_OID30305_v1_Cardiometabolic_II.tar	https://www.synapse.org/Synapse:syn52362644	549191680		64ba8566428d4df912ce67584adc62db	syn52362644	syn51365303				
EUR	COL15A1	COL15A1_P39059_OID30396_v1_Cardiometabolic_II.tar	https://www.synapse.org/Synapse:syn52363046				syn52363046	syn51365303				
EUR	COL18A1	COL18A1_P39060_OID20332_v1_Cardiometabolic.tar	https://www.synapse.org/Synapse:syn51468775				syn51468775	syn51365303				
EUR	COL1A1	COL1A1_P02452_OID20335_v1_Cardiometabolic.tar	https://www.synapse.org/Synapse:syn51471434	549396480		887196fd9df626d15bb116ed55e134d3	syn51471434	syn51365303				
EUR	COL24A1	COL24A1_Q17RW2_OID31464_v1_Oncology_II.tar	https://www.synapse.org/Synapse:syn52361488				syn52361488	syn51365303				
EUR	COL28A1	COL28A1_Q2UY09_OID30969_v1_Neurology_II.tar	https://www.synapse.org/Synapse:syn52361775	546334720		5a354f596a1699e08b6d059a965be404	syn52361775	syn51365303				
EUR	COL2A1	COL2A1_P02458_OID30286_v1_Cardiometabolic_II.tar	https://www.synapse.org/Synapse:syn52362664				syn52362664	syn51365303				
EUR	COL3A1	COL3A1_P02461_OID30379_v1_Cardiometabolic_II.tar	https://www.synapse.org/Synapse:syn52362043	548792320		432e0382648438f9392ab1c8e49eaa31	syn52362043	syn51365303				
EUR	COL4A1	COL4A1_P02462_OID20208_v1_Cardiometabolic.tar	https://www.synapse.org/Synapse:syn51470312				syn51470312	syn51365303				
EUR	COL4A4	COL4A4_P53420_OID31333_v1_Oncology_II.tar	https://www.synapse.org/Synapse:syn52361895				syn52361895	syn51365303				
EUR	COL5A1	COL5A1_P20908_OID30587_v1_Inflammation_II.tar	https://www.synapse.org/Synapse:syn52363357	546293760		7554763f5056ea8365f90a4a9aefbf27	syn52363357	syn51365303				
EUR	COL6A3	COL6A3_P12111_OID20292_v1_Cardiometabolic.tar	https://www.synapse.org/Synapse:syn51471457	549406720		7ce43ffb42d8393337febfe574bad02d	syn51471457	syn51365303				
EUR	COL9A1	COL9A1_P20849_OID20550_v1_Inflammation.tar	https://www.synapse.org/Synapse:syn51471429				syn51471429	syn51365303				
EUR	COL9A2	COL9A2_Q14055_OID31255_v1_Oncology_II.tar	https://www.synapse.org/Synapse:syn52361480				syn52361480	syn51365303				
EUR	COLEC12	COLEC12_Q5KU26_OID20738_v1_Inflammation.tar	https://www.synapse.org/Synapse:syn51470092				syn51470092	syn51365303				
EUR	COMMD1	COMMD1_Q8N668_OID30222_v1_Cardiometabolic_II.tar	https://www.synapse.org/Synapse:syn52363577	545781760		626eb9e192fba48b7e44e27a6b332de4	syn52363577	syn51365303				
EUR	COMMD9	COMMD9_Q9P000_OID31390_v1_Oncology_II.tar	https://www.synapse.org/Synapse:syn52363596	548249600		db96d9aaba992cc218054f9d88288c26	syn52363596	syn51365303				
EUR	COMP	COMP_P49747_OID20405_v1_Cardiometabolic.tar	https://www.synapse.org/Synapse:syn51471258				syn51471258	syn51365303				
EUR	COMT	COMT_P21964_OID20086_v1_Cardiometabolic.tar	https://www.synapse.org/Synapse:syn51468679				syn51468679	syn51365303				
EUR	COPB2	COPB2_P35606_OID30173_v1_Cardiometabolic_II.tar	https://www.synapse.org/Synapse:syn52361600				syn52361600	syn51365303				
EUR	COPE	COPE_O14579_OID20797_v1_Neurology.tar	https://www.synapse.org/Synapse:syn51470857				syn51470857	syn51365303				
EUR	COQ7	COQ7_Q99807_OID30217_v1_Cardiometabolic_II.tar	https://www.synapse.org/Synapse:syn52363639				syn52363639	syn51365303				
EUR	CORO1A	CORO1A_P31146_OID20286_v1_Cardiometabolic.tar	https://www.synapse.org/Synapse:syn51470804				syn51470804	syn51365303				
EUR	CORO6	CORO6_Q6QEF8_OID30870_v1_Neurology_II.tar	https://www.synapse.org/Synapse:syn52361919				syn52361919	syn51365303				
EUR	COX5B	COX5B_P10606_OID21297_v1_Oncology.tar	https://www.synapse.org/Synapse:syn51471310				syn51471310	syn51365303				
EUR	COX6B1	COX6B1_P14854_OID30317_v1_Cardiometabolic_II.tar	https://www.synapse.org/Synapse:syn52363098				syn52363098	syn51365303				
EUR	CPA1	CPA1_P15085_OID20280_v1_Cardiometabolic.tar	https://www.synapse.org/Synapse:syn51470794				syn51470794	syn51365303				
EUR	CPA2	CPA2_P48052_OID21060_v1_Neurology.tar	https://www.synapse.org/Synapse:syn51469338				syn51469338	syn51365303				
EUR	CPA4	CPA4_Q9UI42_OID30606_v1_Inflammation_II.tar	https://www.synapse.org/Synapse:syn52363569	544266240		fcafa3f79718daf3042726976cd84ffb	syn52363569	syn51365303				
EUR	CPB1	CPB1_P15086_OID20289_v1_Cardiometabolic.tar	https://www.synapse.org/Synapse:syn51471377				syn51471377	syn51365303				
EUR	CPB2	CPB2_Q96IY4_OID30734_v1_Inflammation_II.tar	https://www.synapse.org/Synapse:syn52362611	549314560		a7e58982ddfd6f85bb7852b0aeb9cbdf	syn52362611	syn51365303				
EUR	CPE	CPE_P16870_OID21392_v1_Oncology.tar	https://www.synapse.org/Synapse:syn51468744	548055040		e6e71cfafb5f27e6dda56783d901fad8	syn51468744	syn51365303				
EUR	CPLX2	CPLX2_Q6PUV4_OID31186_v1_Oncology_II.tar	https://www.synapse.org/Synapse:syn52362172				syn52362172	syn51365303				
EUR	CPM	CPM_P14384_OID21054_v1_Neurology.tar	https://www.synapse.org/Synapse:syn51471366	548321280		afacee1a370815f8f4cdea696c9ac373	syn51471366	syn51365303				
EUR	CPOX	CPOX_P36551_OID30495_v1_Inflammation_II.tar	https://www.synapse.org/Synapse:syn52362528				syn52362528	syn51365303				
EUR	CPPED1	CPPED1_Q9BRF8_OID21053_v1_Neurology.tar	https://www.synapse.org/Synapse:syn51468417				syn51468417	syn51365303				
EUR	CPQ	CPQ_Q9Y646_OID30406_v1_Cardiometabolic_II.tar	https://www.synapse.org/Synapse:syn52363372	549079040		c0b985605296f1636a745cc34884660c	syn52363372	syn51365303				
EUR	CPTP	CPTP_Q5TA50_OID30106_v1_Cardiometabolic_II.tar	https://www.synapse.org/Synapse:syn52361590				syn52361590	syn51365303				
EUR	CPVL	CPVL_Q9H3G5_OID21435_v1_Oncology.tar	https://www.synapse.org/Synapse:syn51470482	549652480		846a8e2f604594203a27e7a5197975c6	syn51470482	syn51365303				
EUR	CPXM1	CPXM1_Q96SM3_OID21479_v1_Oncology.tar	https://www.synapse.org/Synapse:syn51471155	548587520		a35d43043c613b796d4dbaba4f1dc71b	syn51471155	syn51365303				
EUR	CPXM2	CPXM2_Q8N436_OID30322_v1_Cardiometabolic_II.tar	https://www.synapse.org/Synapse:syn52361829	549355520		28ed78d8664a5eedee55b3e8ed08b8ed	syn52361829	syn51365303				
EUR	CR1	CR1_P17927_OID30697_v1_Inflammation_II.tar	https://www.synapse.org/Synapse:syn52363649	548935680		88783517d2445e433a7f3645c321f593	syn52363649	syn51365303				
EUR	CR2	CR2_P20023_OID20393_v1_Cardiometabolic.tar	https://www.synapse.org/Synapse:syn51471352	548515840		d928f0dc3d59db0c133119eb41ff6dda	syn51471352	syn51365303				
EUR	CRACR2A	CRACR2A_Q9BSW2_OID21249_v1_Oncology.tar	https://www.synapse.org/Synapse:syn51470080	545361920		121f5e23f2c457446e20a0e3f915c5da	syn51470080	syn51365303				
EUR	CRADD	CRADD_P78560_OID20923_v1_Neurology.tar	https://www.synapse.org/Synapse:syn51469100	546867200		cee5e990600fbcba397d2a138071e6cf	syn51469100	syn51365303				
EUR	CREB3	CREB3_O43889_OID31188_v1_Oncology_II.tar	https://www.synapse.org/Synapse:syn52363544				syn52363544	syn51365303				
EUR	CREBZF	CREBZF_Q9NS37_OID31206_v1_Oncology_II.tar	https://www.synapse.org/Synapse:syn52362056				syn52362056	syn51365303				
EUR	CREG1	CREG1_O75629_OID21515_v1_Oncology.tar	https://www.synapse.org/Synapse:syn51470501	546713600		600079a663759617b4b1b324440a496e	syn51470501	syn51365303				
EUR	CRELD1	CRELD1_Q96HD1_OID30619_v1_Inflammation_II.tar	https://www.synapse.org/Synapse:syn52361568				syn52361568	syn51365303				
EUR	CRELD2	CRELD2_Q6UXH1_OID20751_v1_Inflammation.tar	https://www.synapse.org/Synapse:syn51470973	548515840		d9f22ccf55f2957c7bf4002c6ce0b82f	syn51470973	syn51365303				
EUR	CRHBP	CRHBP_P24387_OID20747_v1_Inflammation.tar	https://www.synapse.org/Synapse:syn51469788				syn51469788	syn51365303				
EUR	CRHR1	CRHR1_P34998_OID20055_v1_Cardiometabolic.tar	https://www.synapse.org/Synapse:syn51469067				syn51469067	syn51365303				
EUR	CRH	CRH_P06850_OID21257_v1_Oncology.tar	https://www.synapse.org/Synapse:syn51468795	545177600		32bd4e5559fb4025ab6a15ab2d33f491	syn51468795	syn51365303				
EUR	CRIM1	CRIM1_Q9NZV1_OID20701_v1_Inflammation.tar	https://www.synapse.org/Synapse:syn51471368				syn51471368	syn51365303				
EUR	CRIP2	CRIP2_P52943_OID20901_v1_Neurology.tar	https://www.synapse.org/Synapse:syn51470608				syn51470608	syn51365303				
EUR	CRISP2	CRISP2_P16562_OID21456_v1_Oncology.tar	https://www.synapse.org/Synapse:syn51468625	550277120		3db47d6beed65ffca64c4ab7ba0d063f	syn51468625	syn51365303				
EUR	CRISP3	CRISP3_P54108_OID30715_v1_Inflammation_II.tar	https://www.synapse.org/Synapse:syn52363163	548618240		84024741b8449d4121c496c6f0001c5b	syn52363163	syn51365303				
EUR	CRKL	CRKL_P46109_OID20742_v1_Inflammation.tar	https://www.synapse.org/Synapse:syn51471251				syn51471251	syn51365303				
EUR	CRLF1	CRLF1_O75462_OID20699_v1_Inflammation.tar	https://www.synapse.org/Synapse:syn51469579				syn51469579	syn51365303				
EUR	CRNN	CRNN_Q9UBG3_OID21427_v1_Oncology.tar	https://www.synapse.org/Synapse:syn51469685				syn51469685	syn51365303				
EUR	CRTAC1	CRTAC1_Q9NQ79_OID20279_v1_Cardiometabolic.tar	https://www.synapse.org/Synapse:syn51469638				syn51469638	syn51365303				
EUR	CRTAM	CRTAM_O95727_OID20914_v1_Neurology.tar	https://www.synapse.org/Synapse:syn51471190				syn51471190	syn51365303				
EUR	CRTAP	CRTAP_O75718_OID30902_v1_Neurology_II.tar	https://www.synapse.org/Synapse:syn52362777				syn52362777	syn51365303				
EUR	CRX	CRX_O43186_OID20070_v1_Cardiometabolic.tar	https://www.synapse.org/Synapse:syn51471238				syn51471238	syn51365303				
EUR	CRYBB1	CRYBB1_P53674_OID30319_v1_Cardiometabolic_II.tar	https://www.synapse.org/Synapse:syn52362025	548904960		17b449fc3b2fe7a86918ba6229acdb73	syn52362025	syn51365303				
EUR	CRYBB2	CRYBB2_P43320_OID31081_v1_Neurology_II.tar	https://www.synapse.org/Synapse:syn52361603	548628480		bdd4ff603e508260c20124f3b2bf53f1	syn52361603	syn51365303				
EUR	CRYGD	CRYGD_P07320_OID31144_v1_Neurology_II.tar	https://www.synapse.org/Synapse:syn52362067	549294080		ece961b679c3b1b8f871431b8ca0290f	syn52362067	syn51365303				
EUR	CRYM	CRYM_Q14894_OID30815_v1_Neurology_II.tar	https://www.synapse.org/Synapse:syn52361890				syn52361890	syn51365303				
EUR	CRYZL1	CRYZL1_O95825_OID30272_v1_Cardiometabolic_II.tar	https://www.synapse.org/Synapse:syn52362444				syn52362444	syn51365303				
EUR	CSDE1	CSDE1_O75534_OID30183_v1_Cardiometabolic_II.tar	https://www.synapse.org/Synapse:syn52363465	545013760		d7f3e2dd86ba577e946df335aa3c539a	syn52363465	syn51365303				
EUR	CSF1R	CSF1R_P07333_OID30681_v1_Inflammation_II.tar	https://www.synapse.org/Synapse:syn52362822	549171200		99451476a3fb4b6faa440491dbeed01d	syn52362822	syn51365303				
EUR	CSF1	CSF1_P09603_OID20719_v1_Inflammation.tar	https://www.synapse.org/Synapse:syn51470072				syn51470072	syn51365303				
EUR	CSF2RA	CSF2RA_P15509_OID20915_v1_Neurology.tar	https://www.synapse.org/Synapse:syn51471293				syn51471293	syn51365303				
EUR	CSF2RB	CSF2RB_P32927_OID30553_v1_Inflammation_II.tar	https://www.synapse.org/Synapse:syn52363376				syn52363376	syn51365303				
EUR	CSF2	CSF2_P04141_OID30072_v1_Cardiometabolic_II.tar	https://www.synapse.org/Synapse:syn52363222				syn52363222	syn51365303				
EUR	CSF3R	CSF3R_Q99062_OID30527_v1_Inflammation_II.tar	https://www.synapse.org/Synapse:syn52362599	545515520		ceda65d87f09e09dc49201e84d424e99	syn52362599	syn51365303				
EUR	CSF3	CSF3_P09919_OID20491_v1_Inflammation.tar	https://www.synapse.org/Synapse:syn51469718	545986560		5b35a4a0babd84c9f22f72f9523c9ed0	syn51469718	syn51365303				
EUR	CSH1	CSH1_P0DML2_OID30667_v1_Inflammation_II.tar	https://www.synapse.org/Synapse:syn52361519				syn52361519	syn51365303				
EUR	CSNK1D	CSNK1D_P48730_OID30492_v1_Inflammation_II.tar	https://www.synapse.org/Synapse:syn52362199				syn52362199	syn51365303				
EUR	CSNK2A1	CSNK2A1_P68400_OID31053_v1_Neurology_II.tar	https://www.synapse.org/Synapse:syn52362493				syn52362493	syn51365303				
EUR	CSPG4	CSPG4_Q6UVK1_OID30397_v1_Cardiometabolic_II.tar	https://www.synapse.org/Synapse:syn52363609				syn52363609	syn51365303				
EUR	CSPG5	CSPG5_O95196_OID30843_v1_Neurology_II.tar	https://www.synapse.org/Synapse:syn52363902				syn52363902	syn51365303				
EUR	CSRP3	CSRP3_P50461_OID30176_v1_Cardiometabolic_II.tar	https://www.synapse.org/Synapse:syn52363629	545075200		c80aeb1a36a9f186eabeda990844e257	syn52363629	syn51365303				
EUR	CST1	CST1_P01037_OID30581_v1_Inflammation_II.tar	https://www.synapse.org/Synapse:syn52363279				syn52363279	syn51365303				
EUR	CST3	CST3_P01034_OID20400_v1_Cardiometabolic.tar	https://www.synapse.org/Synapse:syn51471423				syn51471423	syn51365303				
EUR	CST5	CST5_P28325_OID20995_v1_Neurology.tar	https://www.synapse.org/Synapse:syn51470894	546662400		5b2a7c4a598b8fab0b38c680dfbdf20c	syn51470894	syn51365303				
EUR	CST6	CST6_Q15828_OID20293_v1_Cardiometabolic.tar	https://www.synapse.org/Synapse:syn51471387	544655360		3144f91a287b3f870684ab37dc38928b	syn51471387	syn51365303				
EUR	CST7	CST7_O76096_OID20704_v1_Inflammation.tar	https://www.synapse.org/Synapse:syn51468453	549160960		9b2ffe61008191abdca607334e246d93	syn51468453	syn51365303				
EUR	CSTB	CSTB_P04080_OID20294_v1_Cardiometabolic.tar	https://www.synapse.org/Synapse:syn51468597				syn51468597	syn51365303				
EUR	CTAG1A	CTAG1A_CTAG1B_P78358_OID31299_v1_Oncology_II.tar	https://www.synapse.org/Synapse:syn52361527				syn52361527	syn51365303				
EUR	CTBS	CTBS_Q01459_OID30710_v1_Inflammation_II.tar	https://www.synapse.org/Synapse:syn52363093	547788800		f04f92ca0ed478ff5a9e824ca6fe2b42	syn52363093	syn51365303				
EUR	CTF1	CTF1_Q16619_OID20061_v1_Cardiometabolic.tar	https://www.synapse.org/Synapse:syn51470358				syn51470358	syn51365303				
EUR	CTHRC1	CTHRC1_Q96CG8_OID30393_v1_Cardiometabolic_II.tar	https://www.synapse.org/Synapse:syn52361804				syn52361804	syn51365303				
EUR	CTLA4	CTLA4_P16410_OID30363_v1_Cardiometabolic_II.tar	https://www.synapse.org/Synapse:syn52361313				syn52361313	syn51365303				
EUR	CTNNA1	CTNNA1_P35221_OID30800_v1_Neurology_II.tar	https://www.synapse.org/Synapse:syn52361926				syn52361926	syn51365303				
EUR	CTRB1	CTRB1_P17538_OID21150_v1_Neurology.tar	https://www.synapse.org/Synapse:syn51471277	548290560		324632683efef5023c827d6d2cd8bf22	syn51471277	syn51365303				
EUR	CTRC	CTRC_Q99895_OID20752_v1_Inflammation.tar	https://www.synapse.org/Synapse:syn51471283				syn51471283	syn51365303				
EUR	CTRL	CTRL_P40313_OID31157_v1_Neurology_II.tar	https://www.synapse.org/Synapse:syn52361690	548659200		ab8fd07e816784c59b4055e02559ddd7	syn52361690	syn51365303				
EUR	CTSB	CTSB_P07858_OID20276_v1_Cardiometabolic.tar	https://www.synapse.org/Synapse:syn51471252				syn51471252	syn51365303				
EUR	CTSC	CTSC_P53634_OID20679_v1_Inflammation.tar	https://www.synapse.org/Synapse:syn51471367				syn51471367	syn51365303				
EUR	CTSD	CTSD_P07339_OID20358_v1_Cardiometabolic.tar	https://www.synapse.org/Synapse:syn51469587	539729920		e2b0c9b67c0943fb7b285253468166be	syn51469587	syn51365303				
EUR	CTSE	CTSE_P14091_OID30628_v1_Inflammation_II.tar	https://www.synapse.org/Synapse:syn52362769	546457600		8d3caa6437ed41156df83f262476173e	syn52362769	syn51365303				
EUR	CTSF	CTSF_Q9UBX1_OID21500_v1_Oncology.tar	https://www.synapse.org/Synapse:syn51471341				syn51471341	syn51365303				
EUR	CTSH	CTSH_P09668_OID20113_v1_Cardiometabolic.tar	https://www.synapse.org/Synapse:syn51468736				syn51468736	syn51365303				
EUR	CTSL	CTSL_P07711_OID20228_v1_Cardiometabolic.tar	https://www.synapse.org/Synapse:syn51469892	548147200		5bb9a99e7bcaa6e2249364ece82128b7	syn51469892	syn51365303				
EUR	CTSO	CTSO_P43234_OID20660_v1_Inflammation.tar	https://www.synapse.org/Synapse:syn51470959				syn51470959	syn51365303				
EUR	CTSS	CTSS_P25774_OID21056_v1_Neurology.tar	https://www.synapse.org/Synapse:syn51469137				syn51469137	syn51365303				
EUR	CTSV	CTSV_O60911_OID21405_v1_Oncology.tar	https://www.synapse.org/Synapse:syn51471281				syn51471281	syn51365303				
EUR	CTSZ	CTSZ_Q9UBR2_OID20365_v1_Cardiometabolic.tar	https://www.synapse.org/Synapse:syn51471241				syn51471241	syn51365303				
EUR	CUZD1	CUZD1_Q86UP6_OID30914_v1_Neurology_II.tar	https://www.synapse.org/Synapse:syn52363044				syn52363044	syn51365303				
EUR	CWC15	CWC15_Q9P013_OID31479_v1_Oncology_II.tar	https://www.synapse.org/Synapse:syn52363600				syn52363600	syn51365303				
EUR	CX3CL1	CX3CL1_P78423_OID20976_v1_Neurology.tar	https://www.synapse.org/Synapse:syn51469816	547092480		99be0cd25cfb4757d38e69f14d744738	syn51469816	syn51365303				
EUR	CXADR	CXADR_P78310_OID20561_v1_Inflammation.tar	https://www.synapse.org/Synapse:syn51469131				syn51469131	syn51365303				
EUR	CXCL10	CXCL10_P02778_OID20697_v1_Inflammation.tar	https://www.synapse.org/Synapse:syn51468434				syn51468434	syn51365303				
EUR	CXCL11	CXCL11_O14625_OID21042_v1_Neurology.tar	https://www.synapse.org/Synapse:syn51468649	548997120		86230d45610366a8e3fbb86a012d0991	syn51468649	syn51365303				
EUR	CXCL12	CXCL12_P48061_OID20464_v1_Inflammation.tar	https://www.synapse.org/Synapse:syn51469428				syn51469428	syn51365303				
EUR	CXCL13	CXCL13_O43927_OID21024_v1_Neurology.tar	https://www.synapse.org/Synapse:syn51469574				syn51469574	syn51365303				
EUR	CXCL14	CXCL14_O95715_OID20458_v1_Inflammation.tar	https://www.synapse.org/Synapse:syn51471397	546222080		bd4860411576cfe77e9927fd4b827020	syn51471397	syn51365303				
EUR	CXCL16	CXCL16_Q9H2A7_OID20282_v1_Cardiometabolic.tar	https://www.synapse.org/Synapse:syn51471199	549294080		5fdaf44bce579ce98381330a9e5eb820	syn51471199	syn51365303				
EUR	CXCL17	CXCL17_Q6UXB2_OID20622_v1_Inflammation.tar	https://www.synapse.org/Synapse:syn51470086				syn51470086	syn51365303				
EUR	CXCL1	CXCL1_P09341_OID20762_v1_Inflammation.tar	https://www.synapse.org/Synapse:syn51469882				syn51469882	syn51365303				
EUR	CXCL3	CXCL3_P19876_OID20788_v1_Inflammation.tar	https://www.synapse.org/Synapse:syn51470198				syn51470198	syn51365303				
EUR	CXCL5	CXCL5_P42830_OID20207_v1_Cardiometabolic.tar	https://www.synapse.org/Synapse:syn51470563				syn51470563	syn51365303				
EUR	CXCL6	CXCL6_P80162_OID20613_v1_Inflammation.tar	https://www.synapse.org/Synapse:syn51470017				syn51470017	syn51365303				
EUR	CXCL8	CXCL8_P10145_OID20153_v1_Cardiometabolic.tar	https://www.synapse.org/Synapse:syn51471182				syn51471182	syn51365303				
EUR	CXCL8	CXCL8_P10145_OID20631_v1_Inflammation.tar	https://www.synapse.org/Synapse:syn51471460	544389120		e31f3d99e44791a97e51d8198c9ab686	syn51471460	syn51365303				
EUR	CXCL8	CXCL8_P10145_OID20997_v1_Neurology.tar	https://www.synapse.org/Synapse:syn51470442				syn51470442	syn51365303				
EUR	CXCL8	CXCL8_P10145_OID21430_v1_Oncology.tar	https://www.synapse.org/Synapse:syn51470908				syn51470908	syn51365303				
EUR	CXCL9	CXCL9_Q07325_OID20675_v1_Inflammation.tar	https://www.synapse.org/Synapse:syn51470185				syn51470185	syn51365303				
EUR	CYB5A	CYB5A_P00167_OID31171_v1_Oncology_II.tar	https://www.synapse.org/Synapse:syn52362137				syn52362137	syn51365303				
EUR	CYB5R2	CYB5R2_Q6BCY4_OID31512_v1_Oncology_II.tar	https://www.synapse.org/Synapse:syn52363480	547225600		89317bf35eb40dd0f6152d7aac35d985	syn52363480	syn51365303				
EUR	CYP24A1	CYP24A1_Q07973_OID30091_v1_Cardiometabolic_II.tar	https://www.synapse.org/Synapse:syn52363002				syn52363002	syn51365303				
EUR	CYTH3	CYTH3_O43739_OID31208_v1_Oncology_II.tar	https://www.synapse.org/Synapse:syn52362723				syn52362723	syn51365303				
EUR	CYTL1	CYTL1_Q9NRR1_OID30374_v1_Cardiometabolic_II.tar	https://www.synapse.org/Synapse:syn52362484	549447680		4589378d55476f3f536ee73be21848b3	syn52362484	syn51365303				
EUR	DAAM1	DAAM1_Q9Y4D1_OID30664_v1_Inflammation_II.tar	https://www.synapse.org/Synapse:syn52361899	546191360		34eac9477a12269da2030f7fc0bc61a2	syn52361899	syn51365303				
EUR	DAB2	DAB2_P98082_OID21428_v1_Oncology.tar	https://www.synapse.org/Synapse:syn51469947				syn51469947	syn51365303				
EUR	DAG1	DAG1_Q14118_OID20774_v1_Inflammation.tar	https://www.synapse.org/Synapse:syn51471410				syn51471410	syn51365303				
EUR	DAND5	DAND5_Q8N907_OID30420_v1_Inflammation_II.tar	https://www.synapse.org/Synapse:syn52362421				syn52362421	syn51365303				
EUR	DAPK2	DAPK2_Q9UIK4_OID30505_v1_Inflammation_II.tar	https://www.synapse.org/Synapse:syn52363417				syn52363417	syn51365303				
EUR	DAPP1	DAPP1_Q9UN19_OID20524_v1_Inflammation.tar	https://www.synapse.org/Synapse:syn51471459				syn51471459	syn51365303				
EUR	DARS1	DARS1_P14868_OID20903_v1_Neurology.tar	https://www.synapse.org/Synapse:syn51471138				syn51471138	syn51365303				
EUR	DBH	DBH_P09172_OID30703_v1_Inflammation_II.tar	https://www.synapse.org/Synapse:syn52363023				syn52363023	syn51365303				
EUR	DBI	DBI_P07108_OID21143_v1_Neurology.tar	https://www.synapse.org/Synapse:syn51469346				syn51469346	syn51365303				
EUR	DBN1	DBN1_Q16643_OID30549_v1_Inflammation_II.tar	https://www.synapse.org/Synapse:syn52362265	545505280		8bd71a6a47b2aecd477ab33b4e44d0ad	syn52362265	syn51365303				
EUR	DBNL	DBNL_Q9UJU6_OID20681_v1_Inflammation.tar	https://www.synapse.org/Synapse:syn51470216				syn51470216	syn51365303				
EUR	DCBLD2	DCBLD2_Q96PD2_OID21474_v1_Oncology.tar	https://www.synapse.org/Synapse:syn51470268	548659200		0a0b11ad450552fe76da926cb265ec1d	syn51470268	syn51365303				
EUR	DCC	DCC_P43146_OID30953_v1_Neurology_II.tar	https://www.synapse.org/Synapse:syn52361857				syn52361857	syn51365303				
EUR	DCDC2C	DCDC2C_A8MYV0_OID31235_v1_Oncology_II.tar	https://www.synapse.org/Synapse:syn52361935				syn52361935	syn51365303				
EUR	DCLRE1C	DCLRE1C_Q96SD1_OID31240_v1_Oncology_II.tar	https://www.synapse.org/Synapse:syn52363260				syn52363260	syn51365303				
EUR	DCN	DCN_P07585_OID20106_v1_Cardiometabolic.tar	https://www.synapse.org/Synapse:syn51468885				syn51468885	syn51365303				
EUR	DCTD	DCTD_P32321_OID30657_v1_Inflammation_II.tar	https://www.synapse.org/Synapse:syn52363241				syn52363241	syn51365303				
EUR	DCTN1	DCTN1_Q14203_OID21399_v1_Oncology.tar	https://www.synapse.org/Synapse:syn51470161				syn51470161	syn51365303				
EUR	DCTN2	DCTN2_Q13561_OID21334_v1_Oncology.tar	https://www.synapse.org/Synapse:syn51468504				syn51468504	syn51365303				
EUR	DCTN6	DCTN6_O00399_OID20879_v1_Neurology.tar	https://www.synapse.org/Synapse:syn51471268				syn51471268	syn51365303				
EUR	DCTPP1	DCTPP1_Q9H773_OID20148_v1_Cardiometabolic.tar	https://www.synapse.org/Synapse:syn51468419				syn51468419	syn51365303				
EUR	DCUN1D1	DCUN1D1_Q96GG9_OID30830_v1_Neurology_II.tar	https://www.synapse.org/Synapse:syn52363326				syn52363326	syn51365303				
EUR	DCUN1D2	DCUN1D2_Q6PH85_OID31231_v1_Oncology_II.tar	https://www.synapse.org/Synapse:syn52361901				syn52361901	syn51365303				
EUR	DCXR	DCXR_Q7Z4W1_OID21480_v1_Oncology.tar	https://www.synapse.org/Synapse:syn51468757	548659200		3bb40776ac324864a7168574481dd45b	syn51468757	syn51365303				
EUR	DDA1	DDA1_Q9BW61_OID30126_v1_Cardiometabolic_II.tar	https://www.synapse.org/Synapse:syn52362296				syn52362296	syn51365303				
EUR	DDAH1	DDAH1_O94760_OID21299_v1_Oncology.tar	https://www.synapse.org/Synapse:syn51469522	547450880		a2b560127e5791021a1149d5c77e9ba6	syn51469522	syn51365303				
EUR	DDC	DDC_P20711_OID20215_v1_Cardiometabolic.tar	https://www.synapse.org/Synapse:syn51470985				syn51470985	syn51365303				
EUR	DDHD2	DDHD2_O94830_OID31043_v1_Neurology_II.tar	https://www.synapse.org/Synapse:syn52361840				syn52361840	syn51365303				
EUR	DDI2	DDI2_Q5TDH0_OID30602_v1_Inflammation_II.tar	https://www.synapse.org/Synapse:syn52361418				syn52361418	syn51365303				
EUR	DDR1	DDR1_Q08345_OID21009_v1_Neurology.tar	https://www.synapse.org/Synapse:syn51469055	549130240		0127edc6672d983ada20f324d454c5c1	syn51469055	syn51365303				
EUR	DDT	DDT_P30046_OID30372_v1_Cardiometabolic_II.tar	https://www.synapse.org/Synapse:syn52362826				syn52362826	syn51365303				
EUR	DDX1	DDX1_Q92499_OID31518_v1_Oncology_II.tar	https://www.synapse.org/Synapse:syn52361294				syn52361294	syn51365303				
EUR	DDX25	DDX25_Q9UHL0_OID30892_v1_Neurology_II.tar	https://www.synapse.org/Synapse:syn52362514				syn52362514	syn51365303				
EUR	DDX39A	DDX39A_O00148_OID30494_v1_Inflammation_II.tar	https://www.synapse.org/Synapse:syn52362434				syn52362434	syn51365303				
EUR	DDX4	DDX4_Q9NQI0_OID30431_v1_Inflammation_II.tar	https://www.synapse.org/Synapse:syn52361282				syn52361282	syn51365303				
EUR	DDX53	DDX53_Q86TM3_OID30944_v1_Neurology_II.tar	https://www.synapse.org/Synapse:syn52363590				syn52363590	syn51365303				
EUR	DDX58	DDX58_O95786_OID21226_v1_Oncology.tar	https://www.synapse.org/Synapse:syn51469181	545372160		1885c44c9905a2371d6f6375b726c918	syn51469181	syn51365303				
EUR	DECR1	DECR1_Q16698_OID20579_v1_Inflammation.tar	https://www.synapse.org/Synapse:syn51469470				syn51469470	syn51365303				
EUR	DEFA1	DEFA1_DEFA1B_P59665_OID20344_v1_Cardiometabolic.tar	https://www.synapse.org/Synapse:syn51470762				syn51470762	syn51365303				
EUR	DEFB103A	DEFB103A_DEFB103B_P81534_OID30534_v1_Inflammation_II.tar	https://www.synapse.org/Synapse:syn52363218	544501760		af4ec98d653ac2a3be263783d8d83be2	syn52363218	syn51365303				
EUR	DEFB104A	DEFB104A_DEFB104B_Q8WTQ1_OID30849_v1_Neurology_II.tar	https://www.synapse.org/Synapse:syn52362964				syn52362964	syn51365303				
EUR	DEFB116	DEFB116_Q30KQ4_OID30823_v1_Neurology_II.tar	https://www.synapse.org/Synapse:syn52362895	544962560		55b25c3a210b961c2ca15bcdabbde0e8	syn52362895	syn51365303				
EUR	DEFB118	DEFB118_Q96PH6_OID30858_v1_Neurology_II.tar	https://www.synapse.org/Synapse:syn52363190				syn52363190	syn51365303				
EUR	DEFB4A	DEFB4A_DEFB4B_O15263_OID21373_v1_Oncology.tar	https://www.synapse.org/Synapse:syn51469333				syn51469333	syn51365303				
EUR	DENND2B	DENND2B_P78524_OID30050_v1_Cardiometabolic_II.tar	https://www.synapse.org/Synapse:syn52361377				syn52361377	syn51365303				
EUR	DENR	DENR_O43583_OID30493_v1_Inflammation_II.tar	https://www.synapse.org/Synapse:syn52363671				syn52363671	syn51365303				
EUR	DFFA	DFFA_O00273_OID20620_v1_Inflammation.tar	https://www.synapse.org/Synapse:syn51470251				syn51470251	syn51365303				
EUR	DGCR6	DGCR6_Q14129_OID30859_v1_Neurology_II.tar	https://www.synapse.org/Synapse:syn52363239				syn52363239	syn51365303				
EUR	DGKA	DGKA_P23743_OID30546_v1_Inflammation_II.tar	https://www.synapse.org/Synapse:syn52363157	545484800		2b079691ff34a35094b3d34d86597a81	syn52363157	syn51365303				
EUR	DGKZ	DGKZ_Q13574_OID20466_v1_Inflammation.tar	https://www.synapse.org/Synapse:syn51470811				syn51470811	syn51365303				
EUR	DHODH	DHODH_Q02127_OID30137_v1_Cardiometabolic_II.tar	https://www.synapse.org/Synapse:syn52363027				syn52363027	syn51365303				
EUR	DHPS	DHPS_P49366_OID31357_v1_Oncology_II.tar	https://www.synapse.org/Synapse:syn52362258				syn52362258	syn51365303				
EUR	DHRS4L2	DHRS4L2_Q6PKH6_OID31072_v1_Neurology_II.tar	https://www.synapse.org/Synapse:syn52362996				syn52362996	syn51365303				
EUR	DIABLO	DIABLO_Q9NR28_OID20184_v1_Cardiometabolic.tar	https://www.synapse.org/Synapse:syn51471330				syn51471330	syn51365303				
EUR	DIPK1C	DIPK1C_Q0P6D2_OID30932_v1_Neurology_II.tar	https://www.synapse.org/Synapse:syn52363075				syn52363075	syn51365303				
EUR	DIPK2B	DIPK2B_Q9H7Y0_OID30582_v1_Inflammation_II.tar	https://www.synapse.org/Synapse:syn52361428				syn52361428	syn51365303				
EUR	DKK1	DKK1_O94907_OID21066_v1_Neurology.tar	https://www.synapse.org/Synapse:syn51468425				syn51468425	syn51365303				
EUR	DKK3	DKK3_Q9UBP4_OID20264_v1_Cardiometabolic.tar	https://www.synapse.org/Synapse:syn51470187	549713920		8d704653e97a2cf7b2ded8e26e31c219	syn51470187	syn51365303				
EUR	DKK4	DKK4_Q9UBT3_OID20934_v1_Neurology.tar	https://www.synapse.org/Synapse:syn51471303	546897920		eab9346842de37baf3387fa2368bb938	syn51471303	syn51365303				
EUR	DKKL1	DKKL1_Q9UK85_OID21313_v1_Oncology.tar	https://www.synapse.org/Synapse:syn51468709				syn51468709	syn51365303				
EUR	DLG4	DLG4_P78352_OID31071_v1_Neurology_II.tar	https://www.synapse.org/Synapse:syn52361842				syn52361842	syn51365303				
EUR	DLGAP5	DLGAP5_Q15398_OID30976_v1_Neurology_II.tar	https://www.synapse.org/Synapse:syn52362312				syn52362312	syn51365303				
EUR	DLK1	DLK1_P80370_OID20295_v1_Cardiometabolic.tar	https://www.synapse.org/Synapse:syn51469414	549724160		54df9ccda6fa0858580b98d4db98e15c	syn51469414	syn51365303				
EUR	DLL1	DLL1_O00548_OID21525_v1_Oncology.tar	https://www.synapse.org/Synapse:syn51470828	548567040		d746daeaa75aa7d7b9669feb16e05316	syn51470828	syn51365303				
EUR	DLL4	DLL4_Q9NR61_OID30255_v1_Cardiometabolic_II.tar	https://www.synapse.org/Synapse:syn52363500				syn52363500	syn51365303				
EUR	DMD	DMD_P11532_OID30223_v1_Cardiometabolic_II.tar	https://www.synapse.org/Synapse:syn52361620				syn52361620	syn51365303				
EUR	DMP1	DMP1_Q13316_OID30213_v1_Cardiometabolic_II.tar	https://www.synapse.org/Synapse:syn52363511	545873920		7e2af7600e865edc131f914f7d75d021	syn52363511	syn51365303				
EUR	DNAJA1	DNAJA1_P31689_OID31204_v1_Oncology_II.tar	https://www.synapse.org/Synapse:syn52362808				syn52362808	syn51365303				
EUR	DNAJA2	DNAJA2_O60884_OID20627_v1_Inflammation.tar	https://www.synapse.org/Synapse:syn51471141				syn51471141	syn51365303				
EUR	DNAJA4	DNAJA4_Q8WW22_OID31130_v1_Neurology_II.tar	https://www.synapse.org/Synapse:syn52362457	548700160		6988d52c3db1404da0bdad0d4503756f	syn52362457	syn51365303				
EUR	DNAJB14	DNAJB14_Q8TBM8_OID31434_v1_Oncology_II.tar	https://www.synapse.org/Synapse:syn52361495	548352000		cb502244393d75689106a33e18d452d9	syn52361495	syn51365303				
EUR	DNAJB1	DNAJB1_P25685_OID21363_v1_Oncology.tar	https://www.synapse.org/Synapse:syn51469549	547481600		436cd530b19d9273882b222f2a87d27c	syn51469549	syn51365303				
EUR	DNAJB2	DNAJB2_P25686_OID30661_v1_Inflammation_II.tar	https://www.synapse.org/Synapse:syn52362297	546355200		b475ea9e0eaaf34176cf3464fe64107c	syn52362297	syn51365303				
EUR	DNAJB6	DNAJB6_O75190_OID30613_v1_Inflammation_II.tar	https://www.synapse.org/Synapse:syn52361907				syn52361907	syn51365303				
EUR	DNAJB8	DNAJB8_Q8NHS0_OID20093_v1_Cardiometabolic.tar	https://www.synapse.org/Synapse:syn51469681				syn51469681	syn51365303				
EUR	DNAJC21	DNAJC21_Q5F1R6_OID31104_v1_Neurology_II.tar	https://www.synapse.org/Synapse:syn52361387				syn52361387	syn51365303				
EUR	DNAJC6	DNAJC6_O75061_OID30247_v1_Cardiometabolic_II.tar	https://www.synapse.org/Synapse:syn52363268				syn52363268	syn51365303				
EUR	DNAJC9	DNAJC9_Q8WXX5_OID31472_v1_Oncology_II.tar	https://www.synapse.org/Synapse:syn52362515				syn52362515	syn51365303				
EUR	DNER	DNER_Q8NFT8_OID20712_v1_Inflammation.tar	https://www.synapse.org/Synapse:syn51468762				syn51468762	syn51365303				
EUR	DNLZ	DNLZ_Q5SXM8_OID30822_v1_Neurology_II.tar	https://www.synapse.org/Synapse:syn52362628				syn52362628	syn51365303				
EUR	DNM1	DNM1_Q05193_OID31458_v1_Oncology_II.tar	https://www.synapse.org/Synapse:syn52363063	548392960		d6d105c671073be67f6b644d3bedc346	syn52363063	syn51365303				
EUR	DNM3	DNM3_Q9UQ16_OID31000_v1_Neurology_II.tar	https://www.synapse.org/Synapse:syn52362162				syn52362162	syn51365303				
EUR	DNMBP	DNMBP_Q6XZF7_OID20956_v1_Neurology.tar	https://www.synapse.org/Synapse:syn51469854				syn51469854	syn51365303				
EUR	DNPEP	DNPEP_Q9ULA0_OID31118_v1_Neurology_II.tar	https://www.synapse.org/Synapse:syn52362663				syn52362663	syn51365303				
EUR	DNPH1	DNPH1_O43598_OID20744_v1_Inflammation.tar	https://www.synapse.org/Synapse:syn51470209	548454400		8448d8d18cefb47988ee6c443b7008ea	syn51470209	syn51365303				
EUR	DOC2B	DOC2B_Q14184_OID30927_v1_Neurology_II.tar	https://www.synapse.org/Synapse:syn52363462				syn52363462	syn51365303				
EUR	DOCK9	DOCK9_Q9BZ29_OID30836_v1_Neurology_II.tar	https://www.synapse.org/Synapse:syn52362373				syn52362373	syn51365303				
EUR	DOK1	DOK1_Q99704_OID31111_v1_Neurology_II.tar	https://www.synapse.org/Synapse:syn52361368				syn52361368	syn51365303				
EUR	DOK2	DOK2_O60496_OID20138_v1_Cardiometabolic.tar	https://www.synapse.org/Synapse:syn51469588	548014080		c95d246ff0bd74f4fb929c2bcedd70f8	syn51469588	syn51365303				
EUR	DPEP1	DPEP1_P16444_OID20897_v1_Neurology.tar	https://www.synapse.org/Synapse:syn51470979				syn51470979	syn51365303				
EUR	DPEP2	DPEP2_Q9H4A9_OID21305_v1_Oncology.tar	https://www.synapse.org/Synapse:syn51471389	547614720		0e9c17d3eb342478bc8c505fb706c117	syn51471389	syn51365303				
EUR	DPP10	DPP10_Q8N608_OID20527_v1_Inflammation.tar	https://www.synapse.org/Synapse:syn51468580				syn51468580	syn51365303				
EUR	DPP4	DPP4_P27487_OID20406_v1_Cardiometabolic.tar	https://www.synapse.org/Synapse:syn51469224				syn51469224	syn51365303				
EUR	DPP6	DPP6_P42658_OID21354_v1_Oncology.tar	https://www.synapse.org/Synapse:syn51470502				syn51470502	syn51365303				
EUR	DPP7	DPP7_Q9UHL4_OID20142_v1_Cardiometabolic.tar	https://www.synapse.org/Synapse:syn51469319	547778560		64062116245b96165f2a4a2a050611dc	syn51469319	syn51365303				
EUR	DPT	DPT_Q07507_OID20278_v1_Cardiometabolic.tar	https://www.synapse.org/Synapse:syn51468438				syn51468438	syn51365303				
EUR	DPY30	DPY30_Q9C005_OID21410_v1_Oncology.tar	https://www.synapse.org/Synapse:syn51471287				syn51471287	syn51365303				
EUR	DRAXIN	DRAXIN_Q8NBI3_OID20917_v1_Neurology.tar	https://www.synapse.org/Synapse:syn51469500				syn51469500	syn51365303				
EUR	DRG2	DRG2_P55039_OID21335_v1_Oncology.tar	https://www.synapse.org/Synapse:syn51470476				syn51470476	syn51365303				
EUR	DSC2	DSC2_Q02487_OID21079_v1_Neurology.tar	https://www.synapse.org/Synapse:syn51470274	546744320		4d9d5382b58806c46efec69d5649bfea	syn51470274	syn51365303				
EUR	DSCAM	DSCAM_O60469_OID30993_v1_Neurology_II.tar	https://www.synapse.org/Synapse:syn52363138	548730880		2a0edc87f4463e36692484afd6f87eb3	syn52363138	syn51365303				
EUR	DSG2	DSG2_Q14126_OID21113_v1_Neurology.tar	https://www.synapse.org/Synapse:syn51471194				syn51471194	syn51365303				
EUR	DSG3	DSG3_P32926_OID21460_v1_Oncology.tar	https://www.synapse.org/Synapse:syn51470932				syn51470932	syn51365303				
EUR	DSG4	DSG4_Q86SJ6_OID21325_v1_Oncology.tar	https://www.synapse.org/Synapse:syn51469171	547317760		c2371e6ac045b111274006d358f8b474	syn51469171	syn51365303				
EUR	DTD1	DTD1_Q8TEA8_OID30580_v1_Inflammation_II.tar	https://www.synapse.org/Synapse:syn52361954				syn52361954	syn51365303				
EUR	DTNB	DTNB_O60941_OID31395_v1_Oncology_II.tar	https://www.synapse.org/Synapse:syn52362304				syn52362304	syn51365303				
EUR	DTX2	DTX2_Q86UW9_OID30882_v1_Neurology_II.tar	https://www.synapse.org/Synapse:syn52362385				syn52362385	syn51365303				
EUR	DTX3	DTX3_Q8N9I9_OID21349_v1_Oncology.tar	https://www.synapse.org/Synapse:syn51469421				syn51469421	syn51365303				
EUR	DTYMK	DTYMK_P23919_OID30308_v1_Cardiometabolic_II.tar	https://www.synapse.org/Synapse:syn52362801				syn52362801	syn51365303				
EUR	DUOX2	DUOX2_Q9NRD8_OID20059_v1_Cardiometabolic.tar	https://www.synapse.org/Synapse:syn51471370				syn51471370	syn51365303				
EUR	DUSP13	DUSP13_Q6B8I1_OID31394_v1_Oncology_II.tar	https://www.synapse.org/Synapse:syn52363647				syn52363647	syn51365303				
EUR	DUSP29	DUSP29_Q68J44_OID30935_v1_Neurology_II.tar	https://www.synapse.org/Synapse:syn52361972				syn52361972	syn51365303				
EUR	DUSP3	DUSP3_P51452_OID20827_v1_Neurology.tar	https://www.synapse.org/Synapse:syn51471294				syn51471294	syn51365303				
EUR	DUT	DUT_P33316_OID31457_v1_Oncology_II.tar	https://www.synapse.org/Synapse:syn52361637				syn52361637	syn51365303				
EUR	DXO	DXO_O77932_OID31080_v1_Neurology_II.tar	https://www.synapse.org/Synapse:syn52361303				syn52361303	syn51365303				
EUR	DYNC1H1	DYNC1H1_Q14204_OID31341_v1_Oncology_II.tar	https://www.synapse.org/Synapse:syn52362570				syn52362570	syn51365303				
EUR	DYNLT1	DYNLT1_P63172_OID30925_v1_Neurology_II.tar	https://www.synapse.org/Synapse:syn52361348				syn52361348	syn51365303				
EUR	DYNLT3	DYNLT3_P51808_OID31415_v1_Oncology_II.tar	https://www.synapse.org/Synapse:syn52361849				syn52361849	syn51365303				
EUR	EBAG9	EBAG9_O00559_OID20918_v1_Neurology.tar	https://www.synapse.org/Synapse:syn51469576				syn51469576	syn51365303				
EUR	EBI3	EBI3_IL27_Q14213_Q8NEV9_OID21389_v1_Oncology.tar	https://www.synapse.org/Synapse:syn51470439	549079040		c46efcf8a6e8a17efba7f3dd930a4504	syn51470439	syn51365303				
EUR	ECE1	ECE1_P42892_OID20891_v1_Neurology.tar	https://www.synapse.org/Synapse:syn51471225				syn51471225	syn51365303				
EUR	ECHDC3	ECHDC3_Q96DC8_OID30293_v1_Cardiometabolic_II.tar	https://www.synapse.org/Synapse:syn52361717				syn52361717	syn51365303				
EUR	ECHS1	ECHS1_P30084_OID30239_v1_Cardiometabolic_II.tar	https://www.synapse.org/Synapse:syn52363270				syn52363270	syn51365303				
EUR	ECI2	ECI2_O75521_OID30142_v1_Cardiometabolic_II.tar	https://www.synapse.org/Synapse:syn52361675				syn52361675	syn51365303				
EUR	ECM1	ECM1_Q16610_OID30736_v1_Inflammation_II.tar	https://www.synapse.org/Synapse:syn52362600				syn52362600	syn51365303				
EUR	ECSCR	ECSCR_Q19T08_OID30831_v1_Neurology_II.tar	https://www.synapse.org/Synapse:syn52361648				syn52361648	syn51365303				
EUR	EDA2R	EDA2R_Q9HAV5_OID21451_v1_Oncology.tar	https://www.synapse.org/Synapse:syn51469122				syn51469122	syn51365303				
EUR	EDAR	EDAR_Q9UNE0_OID20525_v1_Inflammation.tar	https://www.synapse.org/Synapse:syn51470343				syn51470343	syn51365303				
EUR	EDDM3B	EDDM3B_P56851_OID31365_v1_Oncology_II.tar	https://www.synapse.org/Synapse:syn52363187				syn52363187	syn51365303				
EUR	EDEM2	EDEM2_Q9BV94_OID30136_v1_Cardiometabolic_II.tar	https://www.synapse.org/Synapse:syn52363499				syn52363499	syn51365303				
EUR	EDF1	EDF1_O60869_OID31010_v1_Neurology_II.tar	https://www.synapse.org/Synapse:syn52362096	548546560		357165fa079c0455fcdd501682ce9c24	syn52362096	syn51365303				
EUR	EDIL3	EDIL3_O43854_OID20081_v1_Cardiometabolic.tar	https://www.synapse.org/Synapse:syn51469469				syn51469469	syn51365303				
EUR	EDN1	EDN1_P05305_OID30224_v1_Cardiometabolic_II.tar	https://www.synapse.org/Synapse:syn52361737				syn52361737	syn51365303				
EUR	EDNRB	EDNRB_P24530_OID30421_v1_Inflammation_II.tar	https://www.synapse.org/Synapse:syn52361828				syn52361828	syn51365303				
EUR	EEF1D	EEF1D_P29692_OID30335_v1_Cardiometabolic_II.tar	https://www.synapse.org/Synapse:syn52361634				syn52361634	syn51365303				
EUR	EFCAB14	EFCAB14_O75071_OID31460_v1_Oncology_II.tar	https://www.synapse.org/Synapse:syn52362216	548444160		88d7be75ff4ab8143f4f8bec87f586c5	syn52362216	syn51365303				
EUR	EFCAB2	EFCAB2_Q5VUJ9_OID31313_v1_Oncology_II.tar	https://www.synapse.org/Synapse:syn52362761	546949120		ca4acc47fd28e3aae3fcae6ff39ed3df	syn52362761	syn51365303				
EUR	EFEMP1	EFEMP1_Q12805_OID20414_v1_Cardiometabolic.tar	https://www.synapse.org/Synapse:syn51470290				syn51470290	syn51365303				
EUR	EFHD1	EFHD1_Q9BUP0_OID31044_v1_Neurology_II.tar	https://www.synapse.org/Synapse:syn52362187				syn52362187	syn51365303				
EUR	EFNA1	EFNA1_P20827_OID21125_v1_Neurology.tar	https://www.synapse.org/Synapse:syn51469424				syn51469424	syn51365303				
EUR	EFNA4	EFNA4_P52798_OID20935_v1_Neurology.tar	https://www.synapse.org/Synapse:syn51468785				syn51468785	syn51365303				
EUR	EFNB2	EFNB2_P52799_OID30954_v1_Neurology_II.tar	https://www.synapse.org/Synapse:syn52361332				syn52361332	syn51365303				
EUR	EGFL7	EGFL7_Q9UHF1_OID21252_v1_Oncology.tar	https://www.synapse.org/Synapse:syn51470021				syn51470021	syn51365303				
EUR	EGFLAM	EGFLAM_Q63HQ2_OID31496_v1_Oncology_II.tar	https://www.synapse.org/Synapse:syn52361915	548874240		4451a21117decf1e299213b1f3feaf85	syn52361915	syn51365303				
EUR	EGFR	EGFR_P00533_OID20319_v1_Cardiometabolic.tar	https://www.synapse.org/Synapse:syn51468693	549478400		e87b074833cf5b3379f85c8275161735	syn51468693	syn51365303				
EUR	EGF	EGF_P01133_OID20698_v1_Inflammation.tar	https://www.synapse.org/Synapse:syn51468410	547614720		05f37f0cca81492eac1e8ab0bee3a63d	syn51468410	syn51365303				
EUR	EGLN1	EGLN1_Q9GZT9_OID20572_v1_Inflammation.tar	https://www.synapse.org/Synapse:syn51469604	548024320		1e9fb61f9476e2f8320318d7b168f768	syn51469604	syn51365303				
EUR	EHBP1	EHBP1_Q8NDI1_OID30302_v1_Cardiometabolic_II.tar	https://www.synapse.org/Synapse:syn52363129	548956160		808db7ed773abbc777636e29548863f6	syn52363129	syn51365303				
EUR	EHD3	EHD3_Q9NZN3_OID30229_v1_Cardiometabolic_II.tar	https://www.synapse.org/Synapse:syn52362273	545751040		430169db0e6f96d9ceb07198d5660a98	syn52362273	syn51365303				
EUR	EIF1AX	EIF1AX_P47813_OID31125_v1_Neurology_II.tar	https://www.synapse.org/Synapse:syn52363557	548474880		3e5381bb561c2db7aa3ed466f0bab252	syn52363557	syn51365303				
EUR	EIF2AK2	EIF2AK2_P19525_OID31442_v1_Oncology_II.tar	https://www.synapse.org/Synapse:syn52363267	547983360		bd2b92a021e4aba80422dede4950d33c	syn52363267	syn51365303				
EUR	EIF2AK3	EIF2AK3_Q9NZJ5_OID30060_v1_Cardiometabolic_II.tar	https://www.synapse.org/Synapse:syn52361714	545105920		4166420337a6d9eeb4d52252e3e56bd2	syn52361714	syn51365303				
EUR	EIF2S2	EIF2S2_P20042_OID30270_v1_Cardiometabolic_II.tar	https://www.synapse.org/Synapse:syn52362388	545689600		3ffc3dede744d35812ee04a845dee69d	syn52362388	syn51365303				
EUR	EIF4B	EIF4B_P23588_OID21000_v1_Neurology.tar	https://www.synapse.org/Synapse:syn51470744	547092480		18a4c009994a1193d06098ea0a60e0b9	syn51470744	syn51365303				
EUR	EIF4EBP1	EIF4EBP1_Q13541_OID20162_v1_Cardiometabolic.tar	https://www.synapse.org/Synapse:syn51469358	548157440		ba4bbc9f782b6c1e69a8b7b571e5437a	syn51469358	syn51365303				
EUR	EIF4E	EIF4E_P06730_OID30557_v1_Inflammation_II.tar	https://www.synapse.org/Synapse:syn52361864	545484800		65465bb23f77dff2654df057bb3faf60	syn52361864	syn51365303				
EUR	EIF4G1	EIF4G1_Q04637_OID20625_v1_Inflammation.tar	https://www.synapse.org/Synapse:syn51469404	549253120		52579c7a9cd07f647fcc6f412f9ebf43	syn51469404	syn51365303				
EUR	EIF4G3	EIF4G3_O43432_OID31022_v1_Neurology_II.tar	https://www.synapse.org/Synapse:syn52363245	548618240		55becf6beb0fc43f653a9b93e209d07f	syn52363245	syn51365303				
EUR	EIF5A	EIF5A_P63241_OID20423_v1_Inflammation.tar	https://www.synapse.org/Synapse:syn51468508	545832960		88c6395c02a70b12a6c3aa4b4c0a7a8a	syn51468508	syn51365303				
EUR	EIF5	EIF5_P55010_OID30156_v1_Cardiometabolic_II.tar	https://www.synapse.org/Synapse:syn52362542	545034240		0da5434939f037c424c8f56eefb92bb9	syn52362542	syn51365303				
EUR	ELAC1	ELAC1_Q9H777_OID31029_v1_Neurology_II.tar	https://www.synapse.org/Synapse:syn52361392	548608000		817f0f33b19eedeb11eb37ccb781b93b	syn52361392	syn51365303				
EUR	ELAVL4	ELAVL4_P26378_OID30854_v1_Neurology_II.tar	https://www.synapse.org/Synapse:syn52361844	544952320		1df96b778b78114a04afba14658a686b	syn52361844	syn51365303				
EUR	ELN	ELN_P15502_OID30301_v1_Cardiometabolic_II.tar	https://www.synapse.org/Synapse:syn52362102	550154240		fff48b9a3d9314287678a03db62c54f2	syn52362102	syn51365303				
EUR	ELOA	ELOA_Q14241_OID21337_v1_Oncology.tar	https://www.synapse.org/Synapse:syn51470790	547543040		95ac377649599c44baf14708753d2bf5	syn51470790	syn51365303				
EUR	ELOB	ELOB_Q15370_OID30127_v1_Cardiometabolic_II.tar	https://www.synapse.org/Synapse:syn52362104				syn52362104	syn51365303				
EUR	ENAH	ENAH_Q8N8S7_OID20497_v1_Inflammation.tar	https://www.synapse.org/Synapse:syn51469968				syn51469968	syn51365303				
EUR	ENDOU	ENDOU_P21128_OID31498_v1_Oncology_II.tar	https://www.synapse.org/Synapse:syn52362266	540354560		f16dd4ef4aab3628f86387285db88cf1	syn52362266	syn51365303				
EUR	ENG	ENG_P17813_OID20287_v1_Cardiometabolic.tar	https://www.synapse.org/Synapse:syn51471342				syn51471342	syn51365303				
EUR	ENO1	ENO1_P06733_OID21037_v1_Neurology.tar	https://www.synapse.org/Synapse:syn51468790	547522560		fc3c38b5259a533f527228ac15e7b02f	syn51468790	syn51365303				
EUR	ENO2	ENO2_P09104_OID21046_v1_Neurology.tar	https://www.synapse.org/Synapse:syn51470495	548935680		4d3dbc69eda3b416abcc76ecc1565bf1	syn51470495	syn51365303				
EUR	ENO3	ENO3_P13929_OID30209_v1_Cardiometabolic_II.tar	https://www.synapse.org/Synapse:syn52361559	546027520		8214ed0da37260089cc5bd5ced78cb6e	syn52361559	syn51365303				
EUR	ENOPH1	ENOPH1_Q9UHY7_OID31349_v1_Oncology_II.tar	https://www.synapse.org/Synapse:syn52361870				syn52361870	syn51365303				
EUR	ENOX2	ENOX2_Q16206_OID30152_v1_Cardiometabolic_II.tar	https://www.synapse.org/Synapse:syn52363101				syn52363101	syn51365303				
EUR	ENPEP	ENPEP_Q07075_OID30135_v1_Cardiometabolic_II.tar	https://www.synapse.org/Synapse:syn52361833				syn52361833	syn51365303				
EUR	ENPP2	ENPP2_Q13822_OID20288_v1_Cardiometabolic.tar	https://www.synapse.org/Synapse:syn51471232	550389760		6337bee50794659d6c277644a86da5ec	syn51471232	syn51365303				
EUR	ENPP5	ENPP5_Q9UJA9_OID20736_v1_Inflammation.tar	https://www.synapse.org/Synapse:syn51471034	550092800		9594572a29c50ad5c5f2698fed9a0a2b	syn51471034	syn51365303				
EUR	ENPP6	ENPP6_Q6UWR7_OID30273_v1_Cardiometabolic_II.tar	https://www.synapse.org/Synapse:syn52363236	546109440		32bdf7a7ef8e5ab3d250ea750c68ce1c	syn52363236	syn51365303				
EUR	ENPP7	ENPP7_Q6UWV6_OID20689_v1_Inflammation.tar	https://www.synapse.org/Synapse:syn51469357	545351680		dae446448411cd673ff45a2fdf74f659	syn51469357	syn51365303				
EUR	ENSA	ENSA_O43768_OID31355_v1_Oncology_II.tar	https://www.synapse.org/Synapse:syn52362677	548198400		2a294c277e81ca280992ac0c4adda75b	syn52362677	syn51365303				
EUR	ENTPD2	ENTPD2_Q9Y5L3_OID21260_v1_Oncology.tar	https://www.synapse.org/Synapse:syn51471265	545689600		0d0ffd309ac884ee2f365233c9a521f9	syn51471265	syn51365303				
EUR	ENTPD5	ENTPD5_O75356_OID20104_v1_Cardiometabolic.tar	https://www.synapse.org/Synapse:syn51471298	546017280		95417669ce45417c9cf3bca0007dce2a	syn51471298	syn51365303				
EUR	ENTPD6	ENTPD6_O75354_OID20100_v1_Cardiometabolic.tar	https://www.synapse.org/Synapse:syn51470226	546437120		30dc95670e61a7dd9f66d792952c6e24	syn51470226	syn51365303				
EUR	ENTR1	ENTR1_Q96C92_OID30231_v1_Cardiometabolic_II.tar	https://www.synapse.org/Synapse:syn52363528	545873920		3a2d63139ed1a55b07b68b9ab67785d2	syn52363528	syn51365303				
EUR	EP300	EP300_Q09472_OID30438_v1_Inflammation_II.tar	https://www.synapse.org/Synapse:syn52363473	545413120		07689b414fbb85876e3c7b5a86ac95c3	syn52363473	syn51365303				
EUR	EPB41L5	EPB41L5_Q9HCM4_OID30886_v1_Neurology_II.tar	https://www.synapse.org/Synapse:syn52361986				syn52361986	syn51365303				
EUR	EPCAM	EPCAM_P16422_OID20743_v1_Inflammation.tar	https://www.synapse.org/Synapse:syn51470604	547962880		5254dc414d2dbe8fe01e28a75ab7805e	syn51470604	syn51365303				
EUR	EPGN	EPGN_Q6UW88_OID31373_v1_Oncology_II.tar	https://www.synapse.org/Synapse:syn52361511				syn52361511	syn51365303				
EUR	EPHA10	EPHA10_Q5JZY3_OID20840_v1_Neurology.tar	https://www.synapse.org/Synapse:syn51471089				syn51471089	syn51365303				
EUR	EPHA1	EPHA1_P21709_OID20677_v1_Inflammation.tar	https://www.synapse.org/Synapse:syn51469684	548689920		4bb3bd4cc329668d921435feeebef111	syn51469684	syn51365303				
EUR	EPHA2	EPHA2_P29317_OID21342_v1_Oncology.tar	https://www.synapse.org/Synapse:syn51470132				syn51470132	syn51365303				
EUR	EPHA4	EPHA4_P54764_OID30622_v1_Inflammation_II.tar	https://www.synapse.org/Synapse:syn52362420	546457600		e6142ac0efedae2d310f196a9060162b	syn52362420	syn51365303				
EUR	EPHB4	EPHB4_P54760_OID20242_v1_Cardiometabolic.tar	https://www.synapse.org/Synapse:syn51471008	549457920		260818beecd2f4874a029c88b8cb4ca5	syn51471008	syn51365303				
EUR	EPHB6	EPHB6_O15197_OID20982_v1_Neurology.tar	https://www.synapse.org/Synapse:syn51469863				syn51469863	syn51365303				
EUR	EPHX2	EPHX2_P34913_OID20119_v1_Cardiometabolic.tar	https://www.synapse.org/Synapse:syn51469641				syn51469641	syn51365303				
EUR	EPN1	EPN1_Q9Y6I3_OID31252_v1_Oncology_II.tar	https://www.synapse.org/Synapse:syn52361696				syn52361696	syn51365303				
EUR	EPO	EPO_P01588_OID20522_v1_Inflammation.tar	https://www.synapse.org/Synapse:syn51470243				syn51470243	syn51365303				
EUR	EPPK1	EPPK1_P58107_OID30250_v1_Cardiometabolic_II.tar	https://www.synapse.org/Synapse:syn52363593				syn52363593	syn51365303				
EUR	EPS8L2	EPS8L2_Q9H6S3_OID21397_v1_Oncology.tar	https://www.synapse.org/Synapse:syn51471324				syn51471324	syn51365303				
EUR	ERBB2	ERBB2_P04626_OID21520_v1_Oncology.tar	https://www.synapse.org/Synapse:syn51468585				syn51468585	syn51365303				
EUR	ERBB3	ERBB3_P21860_OID20705_v1_Inflammation.tar	https://www.synapse.org/Synapse:syn51468658				syn51468658	syn51365303				
EUR	ERBB4	ERBB4_Q15303_OID21510_v1_Oncology.tar	https://www.synapse.org/Synapse:syn51471378				syn51471378	syn51365303				
EUR	ERBIN	ERBIN_Q96RT1_OID21323_v1_Oncology.tar	https://www.synapse.org/Synapse:syn51468416				syn51468416	syn51365303				
EUR	ERC2	ERC2_O15083_OID30880_v1_Neurology_II.tar	https://www.synapse.org/Synapse:syn52361262				syn52361262	syn51365303				
EUR	ERCC1	ERCC1_P07992_OID31223_v1_Oncology_II.tar	https://www.synapse.org/Synapse:syn52362952				syn52362952	syn51365303				
EUR	EREG	EREG_O14944_OID20905_v1_Neurology.tar	https://www.synapse.org/Synapse:syn51469379	546826240		3da2dceac16098befd54b10bd434bef7	syn51469379	syn51365303				
EUR	ERI1	ERI1_Q8IV48_OID31317_v1_Oncology_II.tar	https://www.synapse.org/Synapse:syn52361752	546836480		36fe1a02ce442651c15ce5b6c6a3ab1b	syn52361752	syn51365303				
EUR	ERMAP	ERMAP_Q96PL5_OID30539_v1_Inflammation_II.tar	https://www.synapse.org/Synapse:syn52363532	545863680		5118d9bb76efa4ff2e6eb65cf98dc16f	syn52363532	syn51365303				
EUR	ERN1	ERN1_O75460_OID31391_v1_Oncology_II.tar	https://www.synapse.org/Synapse:syn52362472	548311040		d52a801a63b1ccb0f90cbd8b5f0d0210	syn52362472	syn51365303				
EUR	ERP29	ERP29_P30040_OID30578_v1_Inflammation_II.tar	https://www.synapse.org/Synapse:syn52363269				syn52363269	syn51365303				
EUR	ERP44	ERP44_Q9BS26_OID21338_v1_Oncology.tar	https://www.synapse.org/Synapse:syn51468867				syn51468867	syn51365303				
EUR	ERVV-1	ERVV-1_B6SEH8_OID30094_v1_Cardiometabolic_II.tar	https://www.synapse.org/Synapse:syn52363643				syn52363643	syn51365303				
EUR	ESAM	ESAM_Q96AP7_OID20270_v1_Cardiometabolic.tar	https://www.synapse.org/Synapse:syn51469555	549376000		b4cbed02efc84bc1ff685ca73d75150f	syn51469555	syn51365303				
EUR	ESM1	ESM1_Q9NQ30_OID20758_v1_Inflammation.tar	https://www.synapse.org/Synapse:syn51469730				syn51469730	syn51365303				
EUR	ESPL1	ESPL1_Q14674_OID31176_v1_Oncology_II.tar	https://www.synapse.org/Synapse:syn52363665				syn52363665	syn51365303				
EUR	ESR1	ESR1_P03372_OID30434_v1_Inflammation_II.tar	https://www.synapse.org/Synapse:syn52361438				syn52361438	syn51365303				
EUR	ESYT2	ESYT2_A0FGR8_OID31134_v1_Neurology_II.tar	https://www.synapse.org/Synapse:syn52362647	548556800		9389cb3ee7b02f11116ba2613709e07b	syn52362647	syn51365303				
EUR	EVI2B	EVI2B_P34910_OID31227_v1_Oncology_II.tar	https://www.synapse.org/Synapse:syn52363415				syn52363415	syn51365303				
EUR	EVI5	EVI5_O60447_OID30519_v1_Inflammation_II.tar	https://www.synapse.org/Synapse:syn52362538	545495040		b88b843f1bce0052c05d51f45648c216	syn52362538	syn51365303				
EUR	EVPL	EVPL_Q92817_OID31309_v1_Oncology_II.tar	https://www.synapse.org/Synapse:syn52362108				syn52362108	syn51365303				
EUR	EXOSC10	EXOSC10_Q01780_OID30083_v1_Cardiometabolic_II.tar	https://www.synapse.org/Synapse:syn52362059				syn52362059	syn51365303				
EUR	EXTL1	EXTL1_Q92935_OID30114_v1_Cardiometabolic_II.tar	https://www.synapse.org/Synapse:syn52362100				syn52362100	syn51365303				
EUR	EZR	EZR_P15311_OID21017_v1_Neurology.tar	https://www.synapse.org/Synapse:syn51471388	548915200		57dae40f1c4a98512caf5e764a8e4b2c	syn51471388	syn51365303				
EUR	F10	F10_P00742_OID30684_v1_Inflammation_II.tar	https://www.synapse.org/Synapse:syn52361301	549017600		52f35d25cc86d043d4fcfd4565605950	syn52361301	syn51365303				
EUR	F11R	F11R_Q9Y624_OID21151_v1_Neurology.tar	https://www.synapse.org/Synapse:syn51468574	547911680		741a1bec6c97406e5d38cfc45b2f0fc8	syn51468574	syn51365303				
EUR	F11	F11_P03951_OID30773_v1_Inflammation_II.tar	https://www.synapse.org/Synapse:syn52361671	547891200		2a250825ea36ee30d9e03f14093b2e22	syn52361671	syn51365303				
EUR	F12	F12_P00748_OID30739_v1_Inflammation_II.tar	https://www.synapse.org/Synapse:syn52361623				syn52361623	syn51365303				
EUR	F13B	F13B_P05160_OID30781_v1_Inflammation_II.tar	https://www.synapse.org/Synapse:syn52361957	548638720		f77cd20ab9b7ed7ebc3e2c0e69704d80	syn52361957	syn51365303				
EUR	F2R	F2R_P25116_OID20691_v1_Inflammation.tar	https://www.synapse.org/Synapse:syn51469361				syn51469361	syn51365303				
EUR	F2	F2_P00734_OID30723_v1_Inflammation_II.tar	https://www.synapse.org/Synapse:syn52361638	549027840		e47f3904c66d4f3548d383fb1f8c67fa	syn52361638	syn51365303				
EUR	F3	F3_P13726_OID21440_v1_Oncology.tar	https://www.synapse.org/Synapse:syn51470481				syn51470481	syn51365303				
EUR	F7	F7_P08709_OID20372_v1_Cardiometabolic.tar	https://www.synapse.org/Synapse:syn51471216				syn51471216	syn51365303				
EUR	F9	F9_P00740_OID20349_v1_Cardiometabolic.tar	https://www.synapse.org/Synapse:syn51468626				syn51468626	syn51365303				
EUR	FABP1	FABP1_P07148_OID20778_v1_Inflammation.tar	https://www.synapse.org/Synapse:syn51468801				syn51468801	syn51365303				
EUR	FABP2	FABP2_P12104_OID20200_v1_Cardiometabolic.tar	https://www.synapse.org/Synapse:syn51469257	548044800		1236587302c7d52977e6a72b62ac5d1a	syn51469257	syn51365303				
EUR	FABP3	FABP3_P05413_OID30351_v1_Cardiometabolic_II.tar	https://www.synapse.org/Synapse:syn52362652				syn52362652	syn51365303				
EUR	FABP4	FABP4_P15090_OID20245_v1_Cardiometabolic.tar	https://www.synapse.org/Synapse:syn51471264				syn51471264	syn51365303				
EUR	FABP5	FABP5_Q01469_OID21043_v1_Neurology.tar	https://www.synapse.org/Synapse:syn51471226				syn51471226	syn51365303				
EUR	FABP6	FABP6_P51161_OID20076_v1_Cardiometabolic.tar	https://www.synapse.org/Synapse:syn51469073				syn51469073	syn51365303				
EUR	FABP9	FABP9_Q0Z7S8_OID20501_v1_Inflammation.tar	https://www.synapse.org/Synapse:syn51468743				syn51468743	syn51365303				
EUR	FADD	FADD_Q13158_OID20151_v1_Cardiometabolic.tar	https://www.synapse.org/Synapse:syn51469546				syn51469546	syn51365303				
EUR	FAM13A	FAM13A_O94988_OID31463_v1_Oncology_II.tar	https://www.synapse.org/Synapse:syn52362774	548433920		f51b5c1019e5a86cff80b3e4bc938b63	syn52362774	syn51365303				
EUR	FAM171A2	FAM171A2_A8MVW0_OID31005_v1_Neurology_II.tar	https://www.synapse.org/Synapse:syn52361521				syn52361521	syn51365303				
EUR	FAM171B	FAM171B_Q6P995_OID31338_v1_Oncology_II.tar	https://www.synapse.org/Synapse:syn52362392				syn52362392	syn51365303				
EUR	FAM172A	FAM172A_Q8WUF8_OID30248_v1_Cardiometabolic_II.tar	https://www.synapse.org/Synapse:syn52361364				syn52361364	syn51365303				
EUR	FAM20A	FAM20A_Q96MK3_OID30348_v1_Cardiometabolic_II.tar	https://www.synapse.org/Synapse:syn52361762	549099520		0e5cbac2edf4ccf5cda3e92d308d09c6	syn52361762	syn51365303				
EUR	FAM3B	FAM3B_P58499_OID21372_v1_Oncology.tar	https://www.synapse.org/Synapse:syn51468863				syn51468863	syn51365303				
EUR	FAM3C	FAM3C_Q92520_OID20233_v1_Cardiometabolic.tar	https://www.synapse.org/Synapse:syn51468871				syn51468871	syn51365303				
EUR	FAM3D	FAM3D_Q96BQ1_OID31514_v1_Oncology_II.tar	https://www.synapse.org/Synapse:syn52362014				syn52362014	syn51365303				
EUR	FAP	FAP_Q12884_OID20330_v1_Cardiometabolic.tar	https://www.synapse.org/Synapse:syn51470614	549427200		4f6d904465c136a543e12ba951aa6a9d	syn51470614	syn51365303				
EUR	FARSA	FARSA_Q9Y285_OID30887_v1_Neurology_II.tar	https://www.synapse.org/Synapse:syn52363579				syn52363579	syn51365303				
EUR	FASLG	FASLG_P48023_OID20665_v1_Inflammation.tar	https://www.synapse.org/Synapse:syn51469297	549713920		8f2b0da2adb6bf9e968d2b54828045fd	syn51469297	syn51365303				
EUR	FAS	FAS_P25445_OID20316_v1_Cardiometabolic.tar	https://www.synapse.org/Synapse:syn51471392	549314560		f601dd62042bc3ce911f7ecd82244ce8	syn51471392	syn51365303				
EUR	FBLN2	FBLN2_P98095_OID30378_v1_Cardiometabolic_II.tar	https://www.synapse.org/Synapse:syn52362674	549017600		bc935723fad1121214483764d084f0a0	syn52362674	syn51365303				
EUR	FBN2	FBN2_P35556_OID30974_v1_Neurology_II.tar	https://www.synapse.org/Synapse:syn52362851				syn52362851	syn51365303				
EUR	FBP1	FBP1_P09467_OID20227_v1_Cardiometabolic.tar	https://www.synapse.org/Synapse:syn51468677	548096000		577b2b29e26e6cd71635eb19d041b2ae	syn51468677	syn51365303				
EUR	FCAMR	FCAMR_Q8WWV6_OID30332_v1_Cardiometabolic_II.tar	https://www.synapse.org/Synapse:syn52361537	549099520		d555d32642cebb8de0a07a29eefea401	syn52361537	syn51365303				
EUR	FCAR	FCAR_P24071_OID20564_v1_Inflammation.tar	https://www.synapse.org/Synapse:syn51471357	548700160		e5240aa19be1bb63d3c219083b17fdf6	syn51471357	syn51365303				
EUR	FCER1A	FCER1A_P12319_OID30992_v1_Neurology_II.tar	https://www.synapse.org/Synapse:syn52361429				syn52361429	syn51365303				
EUR	FCER2	FCER2_P06734_OID21133_v1_Neurology.tar	https://www.synapse.org/Synapse:syn51471170	548106240		f95767e02aa0fd21705acf9fa1acd62c	syn51471170	syn51365303				
EUR	FCGR2A	FCGR2A_P12318_OID20391_v1_Cardiometabolic.tar	https://www.synapse.org/Synapse:syn51470475	548341760		a98dad6c3d7e7a86c31a9b82400dd166	syn51470475	syn51365303				
EUR	FCGR2B	FCGR2B_P31994_OID21215_v1_Oncology.tar	https://www.synapse.org/Synapse:syn51469120				syn51469120	syn51365303				
EUR	FCGR3B	FCGR3B_O75015_OID20387_v1_Cardiometabolic.tar	https://www.synapse.org/Synapse:syn51471217	548669440		15df5ea726c8e15c9463ae2cd1f6c8c4	syn51471217	syn51365303				
EUR	FCN1	FCN1_O00602_OID30690_v1_Inflammation_II.tar	https://www.synapse.org/Synapse:syn52363560				syn52363560	syn51365303				
EUR	FCN2	FCN2_Q15485_OID20382_v1_Cardiometabolic.tar	https://www.synapse.org/Synapse:syn51468735				syn51468735	syn51365303				
EUR	FCRL1	FCRL1_Q96LA6_OID20172_v1_Cardiometabolic.tar	https://www.synapse.org/Synapse:syn51469438	548188160		cb6ea7b73e5b3e74ec235989402f042d	syn51469438	syn51365303				
EUR	FCRL2	FCRL2_Q96LA5_OID20639_v1_Inflammation.tar	https://www.synapse.org/Synapse:syn51469951	549591040		0ed1723c5739def1be4a509de61f3a3f	syn51469951	syn51365303				
EUR	FCRL3	FCRL3_Q96P31_OID20443_v1_Inflammation.tar	https://www.synapse.org/Synapse:syn51469535	547133440		4e19694ac4d5a279a72d76e1f18fd9b6	syn51469535	syn51365303				
EUR	FCRL5	FCRL5_Q96RD9_OID21111_v1_Neurology.tar	https://www.synapse.org/Synapse:syn51469347	548423680		e21d70324606399ed06b381a150da594	syn51469347	syn51365303				
EUR	FCRL6	FCRL6_Q6DN72_OID20529_v1_Inflammation.tar	https://www.synapse.org/Synapse:syn51468618	548618240		fe2e549f42d0980f3cad5ffcb5225cdf	syn51468618	syn51365303				
EUR	FCRLB	FCRLB_Q6BAA4_OID21193_v1_Oncology.tar	https://www.synapse.org/Synapse:syn51468632				syn51468632	syn51365303				
EUR	FDX1	FDX1_P10109_OID30078_v1_Cardiometabolic_II.tar	https://www.synapse.org/Synapse:syn52361628				syn52361628	syn51365303				
EUR	FDX2	FDX2_Q6P4F2_OID30147_v1_Cardiometabolic_II.tar	https://www.synapse.org/Synapse:syn52362897				syn52362897	syn51365303				
EUR	FEN1	FEN1_P39748_OID21192_v1_Oncology.tar	https://www.synapse.org/Synapse:syn51470816				syn51470816	syn51365303				
EUR	FES	FES_P07332_OID21207_v1_Oncology.tar	https://www.synapse.org/Synapse:syn51471219				syn51471219	syn51365303				
EUR	FETUB	FETUB_Q9UGM5_OID20404_v1_Cardiometabolic.tar	https://www.synapse.org/Synapse:syn51468862	548413440		c28e9389852d754992c6b4a43ba84e6b	syn51468862	syn51365303				
EUR	FGA	FGA_P02671_OID30788_v1_Inflammation_II.tar	https://www.synapse.org/Synapse:syn52362426	546437120		4a70485749f865bc1d32ac4dbf12c0b3	syn52362426	syn51365303				
EUR	FGD3	FGD3_Q5JSP0_OID31040_v1_Neurology_II.tar	https://www.synapse.org/Synapse:syn52362003				syn52362003	syn51365303				
EUR	FGF12	FGF12_P61328_OID30454_v1_Inflammation_II.tar	https://www.synapse.org/Synapse:syn52362367				syn52362367	syn51365303				
EUR	FGF16	FGF16_O43320_OID30535_v1_Inflammation_II.tar	https://www.synapse.org/Synapse:syn52362334				syn52362334	syn51365303				
EUR	FGF19	FGF19_O95750_OID20715_v1_Inflammation.tar	https://www.synapse.org/Synapse:syn51469654				syn51469654	syn51365303				
EUR	FGF20	FGF20_Q9NP95_OID30459_v1_Inflammation_II.tar	https://www.synapse.org/Synapse:syn52361962				syn52361962	syn51365303				
EUR	FGF21	FGF21_Q9NSA1_OID21402_v1_Oncology.tar	https://www.synapse.org/Synapse:syn51471002				syn51471002	syn51365303				
EUR	FGF23	FGF23_Q9GZV9_OID21411_v1_Oncology.tar	https://www.synapse.org/Synapse:syn51469722	548761600		bbe2bacf7ba4d7f73a6ddc3199389702	syn51469722	syn51365303				
EUR	FGF2	FGF2_P09038_OID20503_v1_Inflammation.tar	https://www.synapse.org/Synapse:syn51469464				syn51469464	syn51365303				
EUR	FGF3	FGF3_P11487_OID30544_v1_Inflammation_II.tar	https://www.synapse.org/Synapse:syn52361323				syn52361323	syn51365303				
EUR	FGF5	FGF5_P12034_OID20490_v1_Inflammation.tar	https://www.synapse.org/Synapse:syn51469935				syn51469935	syn51365303				
EUR	FGF6	FGF6_P10767_OID30443_v1_Inflammation_II.tar	https://www.synapse.org/Synapse:syn52362844				syn52362844	syn51365303				
EUR	FGF7	FGF7_P21781_OID31241_v1_Oncology_II.tar	https://www.synapse.org/Synapse:syn52362118				syn52362118	syn51365303				
EUR	FGF9	FGF9_P31371_OID31193_v1_Oncology_II.tar	https://www.synapse.org/Synapse:syn52361535				syn52361535	syn51365303				
EUR	FGFBP1	FGFBP1_Q14512_OID21507_v1_Oncology.tar	https://www.synapse.org/Synapse:syn51468920				syn51468920	syn51365303				
EUR	FGFBP2	FGFBP2_Q9BYJ0_OID30395_v1_Cardiometabolic_II.tar	https://www.synapse.org/Synapse:syn52363645				syn52363645	syn51365303				
EUR	FGFBP3	FGFBP3_Q8TAT2_OID31108_v1_Neurology_II.tar	https://www.synapse.org/Synapse:syn52361925				syn52361925	syn51365303				
EUR	FGFR2	FGFR2_P21802_OID21478_v1_Oncology.tar	https://www.synapse.org/Synapse:syn51471414				syn51471414	syn51365303				
EUR	FGFR4	FGFR4_P22455_OID30646_v1_Inflammation_II.tar	https://www.synapse.org/Synapse:syn52362128				syn52362128	syn51365303				
EUR	FGL1	FGL1_Q08830_OID30702_v1_Inflammation_II.tar	https://www.synapse.org/Synapse:syn52361721	549969920		a766507f969008b4177b797f2fc2f7d8	syn52361721	syn51365303				
EUR	FGR	FGR_P09769_OID20828_v1_Neurology.tar	https://www.synapse.org/Synapse:syn51469313				syn51469313	syn51365303				
EUR	FHIP2A	FHIP2A_Q5W0V3_OID30187_v1_Cardiometabolic_II.tar	https://www.synapse.org/Synapse:syn52361802				syn52361802	syn51365303				
EUR	FHIT	FHIT_P49789_OID20872_v1_Neurology.tar	https://www.synapse.org/Synapse:syn51471419				syn51471419	syn51365303				
EUR	FH	FH_P07954_OID30839_v1_Neurology_II.tar	https://www.synapse.org/Synapse:syn52363598				syn52363598	syn51365303				
EUR	FIS1	FIS1_Q9Y3D6_OID20722_v1_Inflammation.tar	https://www.synapse.org/Synapse:syn51470269	547880960		8f136f54e0fb45e54847ffebfc83b495	syn51470269	syn51365303				
EUR	FKBP14	FKBP14_Q9NWM8_OID31065_v1_Neurology_II.tar	https://www.synapse.org/Synapse:syn52361317				syn52361317	syn51365303				
EUR	FKBP1B	FKBP1B_P68106_OID20618_v1_Inflammation.tar	https://www.synapse.org/Synapse:syn51468496				syn51468496	syn51365303				
EUR	FKBP4	FKBP4_Q02790_OID20960_v1_Neurology.tar	https://www.synapse.org/Synapse:syn51470026	547061760		d66987cb6189dc5b064fc4e975c46d67	syn51470026	syn51365303				
EUR	FKBP5	FKBP5_Q13451_OID20937_v1_Neurology.tar	https://www.synapse.org/Synapse:syn51471447				syn51471447	syn51365303				
EUR	FKBP7	FKBP7_Q9Y680_OID20846_v1_Neurology.tar	https://www.synapse.org/Synapse:syn51468493				syn51468493	syn51365303				
EUR	FKBPL	FKBPL_Q9UIM3_OID31499_v1_Oncology_II.tar	https://www.synapse.org/Synapse:syn52362632				syn52362632	syn51365303				
EUR	FLI1	FLI1_Q01543_OID21239_v1_Oncology.tar	https://www.synapse.org/Synapse:syn51470293				syn51470293	syn51365303				
EUR	FLRT2	FLRT2_O43155_OID20946_v1_Neurology.tar	https://www.synapse.org/Synapse:syn51470550				syn51470550	syn51365303				
EUR	FLT1	FLT1_P17948_OID21301_v1_Oncology.tar	https://www.synapse.org/Synapse:syn51469562				syn51469562	syn51365303				
EUR	FLT3LG	FLT3LG_P49771_OID20661_v1_Inflammation.tar	https://www.synapse.org/Synapse:syn51469993	549447680		70b8c572d48124dca6e62c0cef7f4bc9	syn51469993	syn51365303				
EUR	FLT3	FLT3_P36888_OID21272_v1_Oncology.tar	https://www.synapse.org/Synapse:syn51471181				syn51471181	syn51365303				
EUR	FLT4	FLT4_P35916_OID21491_v1_Oncology.tar	https://www.synapse.org/Synapse:syn51470833				syn51470833	syn51365303				
EUR	FMNL1	FMNL1_O95466_OID20884_v1_Neurology.tar	https://www.synapse.org/Synapse:syn51469670				syn51469670	syn51365303				
EUR	FMR1	FMR1_Q06787_OID21233_v1_Oncology.tar	https://www.synapse.org/Synapse:syn51470265				syn51470265	syn51365303				
EUR	FN1	FN1_P02751_OID30787_v1_Inflammation_II.tar	https://www.synapse.org/Synapse:syn52362988				syn52362988	syn51365303				
EUR	FNDC1	FNDC1_Q4ZHG4_OID31127_v1_Neurology_II.tar	https://www.synapse.org/Synapse:syn52361771	548812800		18d91966d65de2361890b561bb77bbcc	syn52361771	syn51365303				
EUR	FNTA	FNTA_P49354_OID31381_v1_Oncology_II.tar	https://www.synapse.org/Synapse:syn52362080				syn52362080	syn51365303				
EUR	FOLH1	FOLH1_Q04609_OID30430_v1_Inflammation_II.tar	https://www.synapse.org/Synapse:syn52362976				syn52362976	syn51365303				
EUR	FOLR1	FOLR1_P15328_OID21529_v1_Oncology.tar	https://www.synapse.org/Synapse:syn51469034				syn51469034	syn51365303				
EUR	FOLR2	FOLR2_P14207_OID21062_v1_Neurology.tar	https://www.synapse.org/Synapse:syn51470615	549048320		2132cf4ac803d6139db83429696a498a	syn51470615	syn51365303				
EUR	FOLR3	FOLR3_P41439_OID21485_v1_Oncology.tar	https://www.synapse.org/Synapse:syn51471351				syn51471351	syn51365303				
EUR	FOSB	FOSB_P53539_OID20791_v1_Neurology.tar	https://www.synapse.org/Synapse:syn51469518				syn51469518	syn51365303				
EUR	FOS	FOS_P01100_OID31221_v1_Oncology_II.tar	https://www.synapse.org/Synapse:syn52362166				syn52362166	syn51365303				
EUR	FOXJ3	FOXJ3_Q9UPW0_OID30445_v1_Inflammation_II.tar	https://www.synapse.org/Synapse:syn52361692				syn52361692	syn51365303				
EUR	FOXO1	FOXO1_Q12778_OID20515_v1_Inflammation.tar	https://www.synapse.org/Synapse:syn51470448				syn51470448	syn51365303				
EUR	FOXO3	FOXO3_O43524_OID21271_v1_Oncology.tar	https://www.synapse.org/Synapse:syn51468692				syn51468692	syn51365303				
EUR	FRMD4B	FRMD4B_Q9Y2L6_OID30155_v1_Cardiometabolic_II.tar	https://www.synapse.org/Synapse:syn52362850				syn52362850	syn51365303				
EUR	FRMD7	FRMD7_Q6ZUT3_OID30898_v1_Neurology_II.tar	https://www.synapse.org/Synapse:syn52362689				syn52362689	syn51365303				
EUR	FRZB	FRZB_Q92765_OID20968_v1_Neurology.tar	https://www.synapse.org/Synapse:syn51470369				syn51470369	syn51365303				
EUR	FSHB	FSHB_P01225_OID30233_v1_Cardiometabolic_II.tar	https://www.synapse.org/Synapse:syn52362713				syn52362713	syn51365303				
EUR	FSTL1	FSTL1_Q12841_OID30254_v1_Cardiometabolic_II.tar	https://www.synapse.org/Synapse:syn52362682				syn52362682	syn51365303				
EUR	FSTL3	FSTL3_O95633_OID20782_v1_Inflammation.tar	https://www.synapse.org/Synapse:syn51468753	547758080		d5119c674a4e5f85cf0973d3df994d87	syn51468753	syn51365303				
EUR	FST	FST_P19883_OID20770_v1_Inflammation.tar	https://www.synapse.org/Synapse:syn51470393				syn51470393	syn51365303				
EUR	FTCD	FTCD_O95954_OID31137_v1_Neurology_II.tar	https://www.synapse.org/Synapse:syn52362722				syn52362722	syn51365303				
EUR	FUCA1	FUCA1_P04066_OID20261_v1_Cardiometabolic.tar	https://www.synapse.org/Synapse:syn51470916	550471680		7409f95cd80e98d639ec2a2cc4081844	syn51470916	syn51365303				
EUR	FUOM	FUOM_A2VDF0_OID30626_v1_Inflammation_II.tar	https://www.synapse.org/Synapse:syn52362835				syn52362835	syn51365303				
EUR	FURIN	FURIN_P09958_OID21514_v1_Oncology.tar	https://www.synapse.org/Synapse:syn51468452				syn51468452	syn51365303				
EUR	FUS	FUS_P35637_OID21256_v1_Oncology.tar	https://www.synapse.org/Synapse:syn51468622				syn51468622	syn51365303				
EUR	FUT1	FUT1_P19526_OID31295_v1_Oncology_II.tar	https://www.synapse.org/Synapse:syn52362554				syn52362554	syn51365303				
EUR	FUT3	FUT3_FUT5_P21217_Q11128_OID21013_v1_Neurology.tar	https://www.synapse.org/Synapse:syn51468794	549642240		ae160256feb4c8b714eed9134937416a	syn51468794	syn51365303				
EUR	FUT8	FUT8_Q9BYC5_OID20992_v1_Neurology.tar	https://www.synapse.org/Synapse:syn51468793	547747840		2255d8112fbc177989697e2cd9ea803a	syn51468793	syn51365303				
EUR	FXN	FXN_Q16595_OID21442_v1_Oncology.tar	https://www.synapse.org/Synapse:syn51470767				syn51470767	syn51365303				
EUR	FXYD5	FXYD5_Q96DB9_OID20463_v1_Inflammation.tar	https://www.synapse.org/Synapse:syn51469462				syn51469462	syn51365303				
EUR	FYB1	FYB1_O15117_OID21140_v1_Neurology.tar	https://www.synapse.org/Synapse:syn51469998				syn51469998	syn51365303				
EUR	FZD10	FZD10_Q9ULW2_OID30931_v1_Neurology_II.tar	https://www.synapse.org/Synapse:syn52363550				syn52363550	syn51365303				
EUR	FZD8	FZD8_Q9H461_OID30818_v1_Neurology_II.tar	https://www.synapse.org/Synapse:syn52362561				syn52362561	syn51365303				
EUR	GABARAPL1	GABARAPL1_Q9H0R8_OID31253_v1_Oncology_II.tar	https://www.synapse.org/Synapse:syn52361846				syn52361846	syn51365303				
EUR	GABARAP	GABARAP_O95166_OID31414_v1_Oncology_II.tar	https://www.synapse.org/Synapse:syn52362569				syn52362569	syn51365303				
EUR	GABRA4	GABRA4_P48169_OID30803_v1_Neurology_II.tar	https://www.synapse.org/Synapse:syn52361276				syn52361276	syn51365303				
EUR	GAD1	GAD1_Q99259_OID31166_v1_Oncology_II.tar	https://www.synapse.org/Synapse:syn52361921				syn52361921	syn51365303				
EUR	GAD2	GAD2_Q05329_OID30449_v1_Inflammation_II.tar	https://www.synapse.org/Synapse:syn52361654				syn52361654	syn51365303				
EUR	GADD45B	GADD45B_O75293_OID31261_v1_Oncology_II.tar	https://www.synapse.org/Synapse:syn52362744				syn52362744	syn51365303				
EUR	GADD45GIP1	GADD45GIP1_Q8TAE8_OID30237_v1_Cardiometabolic_II.tar	https://www.synapse.org/Synapse:syn52361906	545720320		005f3c2a0b2697cc5b30e3df9350223d	syn52361906	syn51365303				
EUR	GAGE2A	GAGE2A_Q6NT46_OID31199_v1_Oncology_II.tar	https://www.synapse.org/Synapse:syn52362803				syn52362803	syn51365303				
EUR	GALNT10	GALNT10_Q86SR1_OID21371_v1_Oncology.tar	https://www.synapse.org/Synapse:syn51471010				syn51471010	syn51365303				
EUR	GALNT2	GALNT2_Q10471_OID21423_v1_Oncology.tar	https://www.synapse.org/Synapse:syn51468954	549201920		ffdd8941a8b52f11c5b4156313ee2e93	syn51468954	syn51365303				
EUR	GALNT3	GALNT3_Q14435_OID20471_v1_Inflammation.tar	https://www.synapse.org/Synapse:syn51468879	546109440		f0e5a92a6d9197e15fcd3f29dc49c2e6	syn51468879	syn51365303				
EUR	GALNT5	GALNT5_Q7Z7M9_OID30295_v1_Cardiometabolic_II.tar	https://www.synapse.org/Synapse:syn52363365	549027840		08132203e5f875be42a4f73d37b40d65	syn52363365	syn51365303				
EUR	GALNT7	GALNT7_Q86SF2_OID21377_v1_Oncology.tar	https://www.synapse.org/Synapse:syn51470296				syn51470296	syn51365303				
EUR	GAL	GAL_P22466_OID20727_v1_Inflammation.tar	https://www.synapse.org/Synapse:syn51469370	548792320		a62f7b36c1bc3e41ece7dd1c08594123	syn51469370	syn51365303				
EUR	GAMT	GAMT_Q14353_OID30133_v1_Cardiometabolic_II.tar	https://www.synapse.org/Synapse:syn52362525				syn52362525	syn51365303				
EUR	GAPDH	GAPDH_P04406_OID30600_v1_Inflammation_II.tar	https://www.synapse.org/Synapse:syn52361781				syn52361781	syn51365303				
EUR	GART	GART_P22102_OID31004_v1_Neurology_II.tar	https://www.synapse.org/Synapse:syn52361958				syn52361958	syn51365303				
EUR	GAS2	GAS2_O43903_OID31285_v1_Oncology_II.tar	https://www.synapse.org/Synapse:syn52363509				syn52363509	syn51365303				
EUR	GAS6	GAS6_Q14393_OID20318_v1_Cardiometabolic.tar	https://www.synapse.org/Synapse:syn51470451				syn51470451	syn51365303				
EUR	GASK1A	GASK1A_Q9UFP1_OID30109_v1_Cardiometabolic_II.tar	https://www.synapse.org/Synapse:syn52363608				syn52363608	syn51365303				
EUR	GAST	GAST_P01350_OID31083_v1_Neurology_II.tar	https://www.synapse.org/Synapse:syn52361592				syn52361592	syn51365303				
EUR	GATA3	GATA3_P23771_OID31219_v1_Oncology_II.tar	https://www.synapse.org/Synapse:syn52363331				syn52363331	syn51365303				
EUR	GATD3	GATD3_P0DPI2_OID30253_v1_Cardiometabolic_II.tar	https://www.synapse.org/Synapse:syn52363903				syn52363903	syn51365303				
EUR	GBA	GBA_P04062_OID30966_v1_Neurology_II.tar	https://www.synapse.org/Synapse:syn52361285				syn52361285	syn51365303				
EUR	GBP1	GBP1_P32455_OID31128_v1_Neurology_II.tar	https://www.synapse.org/Synapse:syn52363538				syn52363538	syn51365303				
EUR	GBP2	GBP2_P32456_OID20489_v1_Inflammation.tar	https://www.synapse.org/Synapse:syn51470001				syn51470001	syn51365303				
EUR	GBP4	GBP4_Q96PP9_OID20845_v1_Neurology.tar	https://www.synapse.org/Synapse:syn51470094				syn51470094	syn51365303				
EUR	GBP6	GBP6_Q6ZN66_OID30139_v1_Cardiometabolic_II.tar	https://www.synapse.org/Synapse:syn52361441				syn52361441	syn51365303				
EUR	GCC1	GCC1_Q96CN9_OID31147_v1_Neurology_II.tar	https://www.synapse.org/Synapse:syn52361834				syn52361834	syn51365303				
EUR	GCG	GCG_P01275_OID21263_v1_Oncology.tar	https://www.synapse.org/Synapse:syn51470441				syn51470441	syn51365303				
EUR	GCHFR	GCHFR_P30047_OID30631_v1_Inflammation_II.tar	https://www.synapse.org/Synapse:syn52361618				syn52361618	syn51365303				
EUR	GCLM	GCLM_P48507_OID30059_v1_Cardiometabolic_II.tar	https://www.synapse.org/Synapse:syn52362303				syn52362303	syn51365303				
EUR	GCNT1	GCNT1_Q02742_OID21379_v1_Oncology.tar	https://www.synapse.org/Synapse:syn51470895				syn51470895	syn51365303				
EUR	GC	GC_P02774_OID30780_v1_Inflammation_II.tar	https://www.synapse.org/Synapse:syn52361995				syn52361995	syn51365303				
EUR	GDF15	GDF15_Q99988_OID20251_v1_Cardiometabolic.tar	https://www.synapse.org/Synapse:syn51471244				syn51471244	syn51365303				
EUR	GDF2	GDF2_Q9UK05_OID20202_v1_Cardiometabolic.tar	https://www.synapse.org/Synapse:syn51468448				syn51468448	syn51365303				
EUR	GDNF	GDNF_P39905_OID20861_v1_Neurology.tar	https://www.synapse.org/Synapse:syn51471386				syn51471386	syn51365303				
EUR	GET3	GET3_O43681_OID30303_v1_Cardiometabolic_II.tar	https://www.synapse.org/Synapse:syn52362382				syn52362382	syn51365303				
EUR	GFAP	GFAP_P14136_OID21247_v1_Oncology.tar	https://www.synapse.org/Synapse:syn51471233	545433600		b73798586baa3a432b5f9bf25eb32653	syn51471233	syn51365303				
EUR	GFER	GFER_P55789_OID21259_v1_Oncology.tar	https://www.synapse.org/Synapse:syn51471453				syn51471453	syn51365303				
EUR	GFOD2	GFOD2_Q3B7J2_OID21216_v1_Oncology.tar	https://www.synapse.org/Synapse:syn51469321				syn51469321	syn51365303				
EUR	GFRA1	GFRA1_P56159_OID21457_v1_Oncology.tar	https://www.synapse.org/Synapse:syn51468811	548945920		691a7cb95aea17f49e554aa6af1c1775	syn51468811	syn51365303				
EUR	GFRA2	GFRA2_O00451_OID21330_v1_Oncology.tar	https://www.synapse.org/Synapse:syn51470835	547604480		2b89433c22382991241b06b979eab2d9	syn51470835	syn51365303				
EUR	GFRA3	GFRA3_O60609_OID20933_v1_Neurology.tar	https://www.synapse.org/Synapse:syn51468407	546826240		175c3b023894d446913aee08f3f58537	syn51468407	syn51365303				
EUR	GFRAL	GFRAL_Q6UXV0_OID31091_v1_Neurology_II.tar	https://www.synapse.org/Synapse:syn52361983	545464320		b1d388ebfb47c836e31e65ec1b1193fe	syn52361983	syn51365303				
EUR	GGA1	GGA1_Q9UJY5_OID20838_v1_Neurology.tar	https://www.synapse.org/Synapse:syn51470089				syn51470089	syn51365303				
EUR	GGACT	GGACT_Q9BVM4_OID30290_v1_Cardiometabolic_II.tar	https://www.synapse.org/Synapse:syn52363668				syn52363668	syn51365303				
EUR	GGCT	GGCT_O75223_OID30304_v1_Cardiometabolic_II.tar	https://www.synapse.org/Synapse:syn52361287				syn52361287	syn51365303				
EUR	GGH	GGH_Q92820_OID20416_v1_Cardiometabolic.tar	https://www.synapse.org/Synapse:syn51470294	546201600		bae89062f375df1f304e8290d78f7f70	syn51470294	syn51365303				
EUR	GGT1	GGT1_P19440_OID21075_v1_Neurology.tar	https://www.synapse.org/Synapse:syn51469204				syn51469204	syn51365303				
EUR	GGT5	GGT5_P36269_OID20909_v1_Neurology.tar	https://www.synapse.org/Synapse:syn51470444				syn51470444	syn51365303				
EUR	GH1	GH1_P01241_OID20220_v1_Cardiometabolic.tar	https://www.synapse.org/Synapse:syn51471243				syn51471243	syn51365303				
EUR	GH2	GH2_P01242_OID21168_v1_Oncology.tar	https://www.synapse.org/Synapse:syn51469572	545177600		ed4e0bc76e7f1d348236edfa42c601ea	syn51469572	syn51365303				
EUR	GHRHR	GHRHR_Q02643_OID20841_v1_Neurology.tar	https://www.synapse.org/Synapse:syn51469761				syn51469761	syn51365303				
EUR	GHRL	GHRL_Q9UBU3_OID20175_v1_Cardiometabolic.tar	https://www.synapse.org/Synapse:syn51471401	548167680		9c434be8c926c52080c0b6085d1b5159	syn51471401	syn51365303				
EUR	GHR	GHR_P10912_OID30574_v1_Inflammation_II.tar	https://www.synapse.org/Synapse:syn52362351	546631680		753c218be37dd8cd3afd59b54d68bdb2	syn52362351	syn51365303				
EUR	GID8	GID8_Q9NWU2_OID31041_v1_Neurology_II.tar	https://www.synapse.org/Synapse:syn52362776				syn52362776	syn51365303				
EUR	GIGYF2	GIGYF2_Q6Y7W6_OID31062_v1_Neurology_II.tar	https://www.synapse.org/Synapse:syn52362659				syn52362659	syn51365303				
EUR	GIMAP7	GIMAP7_Q8NHV1_OID30639_v1_Inflammation_II.tar	https://www.synapse.org/Synapse:syn52362594	546600960		fe328a30ce835f767d13fadaac24d829	syn52362594	syn51365303				
EUR	GIMAP8	GIMAP8_Q8ND71_OID31194_v1_Oncology_II.tar	https://www.synapse.org/Synapse:syn52362752				syn52362752	syn51365303				
EUR	GIPC2	GIPC2_Q8TF65_OID31153_v1_Neurology_II.tar	https://www.synapse.org/Synapse:syn52362120				syn52362120	syn51365303				
EUR	GIPC3	GIPC3_Q8TF64_OID31507_v1_Oncology_II.tar	https://www.synapse.org/Synapse:syn52361635	548382720		ca514df1a341e772228df8f71d493245	syn52361635	syn51365303				
EUR	GIPR	GIPR_P48546_OID30542_v1_Inflammation_II.tar	https://www.synapse.org/Synapse:syn52362780				syn52362780	syn51365303				
EUR	GIP	GIP_P09681_OID30288_v1_Cardiometabolic_II.tar	https://www.synapse.org/Synapse:syn52362747				syn52362747	syn51365303				
EUR	GIT1	GIT1_Q9Y2X7_OID30533_v1_Inflammation_II.tar	https://www.synapse.org/Synapse:syn52362846	545546240		d974b2ad8bf2af2fb0ca46c084b48d2f	syn52362846	syn51365303				
EUR	GJA8	GJA8_P48165_OID31187_v1_Oncology_II.tar	https://www.synapse.org/Synapse:syn52362956				syn52362956	syn51365303				
EUR	GKN1	GKN1_Q9NS71_OID20885_v1_Neurology.tar	https://www.synapse.org/Synapse:syn51468760	544880640		0d2ed8723611a416c4dc860e0749f6b8	syn51468760	syn51365303				
EUR	GLA	GLA_P06280_OID30594_v1_Inflammation_II.tar	https://www.synapse.org/Synapse:syn52363390				syn52363390	syn51365303				
EUR	GLB1	GLB1_P16278_OID20949_v1_Neurology.tar	https://www.synapse.org/Synapse:syn51470159				syn51470159	syn51365303				
EUR	GLI2	GLI2_P10070_OID30429_v1_Inflammation_II.tar	https://www.synapse.org/Synapse:syn52362038				syn52362038	syn51365303				
EUR	GLO1	GLO1_Q04760_OID20107_v1_Cardiometabolic.tar	https://www.synapse.org/Synapse:syn51468691				syn51468691	syn51365303				
EUR	GLOD4	GLOD4_Q9HC38_OID20710_v1_Inflammation.tar	https://www.synapse.org/Synapse:syn51468777				syn51468777	syn51365303				
EUR	GLP1R	GLP1R_P43220_OID30809_v1_Neurology_II.tar	https://www.synapse.org/Synapse:syn52362042				syn52362042	syn51365303				
EUR	GLRX5	GLRX5_Q86SX6_OID30663_v1_Inflammation_II.tar	https://www.synapse.org/Synapse:syn52362470				syn52362470	syn51365303				
EUR	GLRX	GLRX_P35754_OID20195_v1_Cardiometabolic.tar	https://www.synapse.org/Synapse:syn51470165				syn51470165	syn51365303				
EUR	GLT8D2	GLT8D2_Q9H1C3_OID20825_v1_Neurology.tar	https://www.synapse.org/Synapse:syn51469418				syn51469418	syn51365303				
EUR	GLYR1	GLYR1_Q49A26_OID31364_v1_Oncology_II.tar	https://www.synapse.org/Synapse:syn52362358				syn52362358	syn51365303				
EUR	GM2A	GM2A_P17900_OID30413_v1_Cardiometabolic_II.tar	https://www.synapse.org/Synapse:syn52361855				syn52361855	syn51365303				
EUR	GMFG	GMFG_O60234_OID30340_v1_Cardiometabolic_II.tar	https://www.synapse.org/Synapse:syn52363515				syn52363515	syn51365303				
EUR	GMPR2	GMPR2_Q9P2T1_OID30623_v1_Inflammation_II.tar	https://www.synapse.org/Synapse:syn52362595				syn52362595	syn51365303				
EUR	GMPR	GMPR_P36959_OID20641_v1_Inflammation.tar	https://www.synapse.org/Synapse:syn51468605				syn51468605	syn51365303				
EUR	GNAS	GNAS_O95467_OID31008_v1_Neurology_II.tar	https://www.synapse.org/Synapse:syn52362151				syn52362151	syn51365303				
EUR	GNE	GNE_Q9Y223_OID21231_v1_Oncology.tar	https://www.synapse.org/Synapse:syn51471384				syn51471384	syn51365303				
EUR	GNGT1	GNGT1_P63211_OID30920_v1_Neurology_II.tar	https://www.synapse.org/Synapse:syn52362739				syn52362739	syn51365303				
EUR	GNLY	GNLY_P22749_OID21132_v1_Neurology.tar	https://www.synapse.org/Synapse:syn51469864				syn51469864	syn51365303				
EUR	GNPDA1	GNPDA1_P46926_OID30197_v1_Cardiometabolic_II.tar	https://www.synapse.org/Synapse:syn52363252				syn52363252	syn51365303				
EUR	GNPDA2	GNPDA2_Q8TDQ7_OID30597_v1_Inflammation_II.tar	https://www.synapse.org/Synapse:syn52361414				syn52361414	syn51365303				
EUR	GOLGA3	GOLGA3_Q08378_OID31026_v1_Neurology_II.tar	https://www.synapse.org/Synapse:syn52362531				syn52362531	syn51365303				
EUR	GOLM2	GOLM2_Q6P4E1_OID21044_v1_Neurology.tar	https://www.synapse.org/Synapse:syn51470513				syn51470513	syn51365303				
EUR	GOPC	GOPC_Q9HD26_OID20551_v1_Inflammation.tar	https://www.synapse.org/Synapse:syn51468671				syn51468671	syn51365303				
EUR	GORASP2	GORASP2_Q9H8Y8_OID31438_v1_Oncology_II.tar	https://www.synapse.org/Synapse:syn52361308				syn52361308	syn51365303				
EUR	GOT1	GOT1_P17174_OID30417_v1_Cardiometabolic_II.tar	https://www.synapse.org/Synapse:syn52363611				syn52363611	syn51365303				
EUR	GP1BA	GP1BA_P07359_OID20381_v1_Cardiometabolic.tar	https://www.synapse.org/Synapse:syn51468773	547225600		b99a0c74b0ed55e6d017d2df338e621a	syn51468773	syn51365303				
EUR	GP1BB	GP1BB_P13224_OID30174_v1_Cardiometabolic_II.tar	https://www.synapse.org/Synapse:syn52361583	545105920		4a3c80cf3909061592eaf87d973a4683	syn52361583	syn51365303				
EUR	GP2	GP2_P55259_OID20090_v1_Cardiometabolic.tar	https://www.synapse.org/Synapse:syn51469710	544552960		c87dc2364ef655e7c716f823cd220d52	syn51469710	syn51365303				
EUR	GP5	GP5_P40197_OID30611_v1_Inflammation_II.tar	https://www.synapse.org/Synapse:syn52361748				syn52361748	syn51365303				
EUR	GP6	GP6_Q9HCN6_OID21091_v1_Neurology.tar	https://www.synapse.org/Synapse:syn51469193				syn51469193	syn51365303				
EUR	GPA33	GPA33_Q99795_OID21376_v1_Oncology.tar	https://www.synapse.org/Synapse:syn51468569				syn51468569	syn51365303				
EUR	GPC1	GPC1_P35052_OID21438_v1_Oncology.tar	https://www.synapse.org/Synapse:syn51469528				syn51469528	syn51365303				
EUR	GPC5	GPC5_P78333_OID20944_v1_Neurology.tar	https://www.synapse.org/Synapse:syn51469913				syn51469913	syn51365303				
EUR	GPD1	GPD1_P21695_OID31358_v1_Oncology_II.tar	https://www.synapse.org/Synapse:syn52361361				syn52361361	syn51365303				
EUR	GPHA2	GPHA2_Q96T91_OID31437_v1_Oncology_II.tar	https://www.synapse.org/Synapse:syn52362460				syn52362460	syn51365303				
EUR	GPIHBP1	GPIHBP1_Q8IV16_OID31469_v1_Oncology_II.tar	https://www.synapse.org/Synapse:syn52361394				syn52361394	syn51365303				
EUR	GPI	GPI_P06744_OID30680_v1_Inflammation_II.tar	https://www.synapse.org/Synapse:syn52362299				syn52362299	syn51365303				
EUR	GPKOW	GPKOW_Q92917_OID20890_v1_Neurology.tar	https://www.synapse.org/Synapse:syn51469336				syn51469336	syn51365303				
EUR	GPNMB	GPNMB_Q14956_OID20173_v1_Cardiometabolic.tar	https://www.synapse.org/Synapse:syn51471344				syn51471344	syn51365303				
EUR	GPR101	GPR101_Q96P66_OID30819_v1_Neurology_II.tar	https://www.synapse.org/Synapse:syn52361327				syn52361327	syn51365303				
EUR	GPR158	GPR158_Q5T848_OID31013_v1_Neurology_II.tar	https://www.synapse.org/Synapse:syn52361688				syn52361688	syn51365303				
EUR	GPR15L	GPR15L_Q6UWK7_OID31511_v1_Oncology_II.tar	https://www.synapse.org/Synapse:syn52362792				syn52362792	syn51365303				
EUR	GPR37	GPR37_O15354_OID20095_v1_Cardiometabolic.tar	https://www.synapse.org/Synapse:syn51470220				syn51470220	syn51365303				
EUR	GPRC5C	GPRC5C_Q9NQ84_OID31340_v1_Oncology_II.tar	https://www.synapse.org/Synapse:syn52361284				syn52361284	syn51365303				
EUR	GRAP2	GRAP2_O75791_OID20192_v1_Cardiometabolic.tar	https://www.synapse.org/Synapse:syn51470976				syn51470976	syn51365303				
EUR	GRHPR	GRHPR_Q9UBQ7_OID30289_v1_Cardiometabolic_II.tar	https://www.synapse.org/Synapse:syn52361573				syn52361573	syn51365303				
EUR	GRIK2	GRIK2_Q13002_OID30977_v1_Neurology_II.tar	https://www.synapse.org/Synapse:syn52361712				syn52361712	syn51365303				
EUR	GRIN2B	GRIN2B_Q13224_OID30802_v1_Neurology_II.tar	https://www.synapse.org/Synapse:syn52363374				syn52363374	syn51365303				
EUR	GRK5	GRK5_P34947_OID20066_v1_Cardiometabolic.tar	https://www.synapse.org/Synapse:syn51470723				syn51470723	syn51365303				
EUR	GRN	GRN_P28799_OID21159_v1_Neurology.tar	https://www.synapse.org/Synapse:syn51470277				syn51470277	syn51365303				
EUR	GRPEL1	GRPEL1_Q9HAV7_OID21309_v1_Oncology.tar	https://www.synapse.org/Synapse:syn51468997	547409920		ce85146cfa6b9d93b4288ecceeaa9033	syn51468997	syn51365303				
EUR	GRP	GRP_P07492_OID30264_v1_Cardiometabolic_II.tar	https://www.synapse.org/Synapse:syn52362461				syn52362461	syn51365303				
EUR	GRSF1	GRSF1_Q12849_OID31224_v1_Oncology_II.tar	https://www.synapse.org/Synapse:syn52362477	543836160		86ea3065d8e8b21a5dbd4a29f775c656	syn52362477	syn51365303				
EUR	GSAP	GSAP_A4D1B5_OID21173_v1_Oncology.tar	https://www.synapse.org/Synapse:syn51469884				syn51469884	syn51365303				
EUR	GSN	GSN_P06396_OID30714_v1_Inflammation_II.tar	https://www.synapse.org/Synapse:syn52362354				syn52362354	syn51365303				
EUR	GSR	GSR_P00390_OID30700_v1_Inflammation_II.tar	https://www.synapse.org/Synapse:syn52362606				syn52362606	syn51365303				
EUR	GSTA1	GSTA1_P08263_OID20166_v1_Cardiometabolic.tar	https://www.synapse.org/Synapse:syn51468706				syn51468706	syn51365303				
EUR	GSTA3	GSTA3_Q16772_OID21242_v1_Oncology.tar	https://www.synapse.org/Synapse:syn51469157	545310720		208d2b8fc2ae19cbb2adbcaaa7e19353	syn51469157	syn51365303				
EUR	GSTM4	GSTM4_Q03013_OID30164_v1_Cardiometabolic_II.tar	https://www.synapse.org/Synapse:syn52362771				syn52362771	syn51365303				
EUR	GSTP1	GSTP1_P09211_OID20876_v1_Neurology.tar	https://www.synapse.org/Synapse:syn51470841				syn51470841	syn51365303				
EUR	GSTT2B	GSTT2B_P0CG30_OID31097_v1_Neurology_II.tar	https://www.synapse.org/Synapse:syn52363615				syn52363615	syn51365303				
EUR	GTF2IRD1	GTF2IRD1_Q9UHL9_OID31264_v1_Oncology_II.tar	https://www.synapse.org/Synapse:syn52362395				syn52362395	syn51365303				
EUR	GTPBP2	GTPBP2_Q9BX10_OID30946_v1_Neurology_II.tar	https://www.synapse.org/Synapse:syn52362824				syn52362824	syn51365303				
EUR	GUCA2A	GUCA2A_Q02747_OID21101_v1_Neurology.tar	https://www.synapse.org/Synapse:syn51470098				syn51470098	syn51365303				
EUR	GUCY2C	GUCY2C_P25092_OID31318_v1_Oncology_II.tar	https://www.synapse.org/Synapse:syn52361847				syn52361847	syn51365303				
EUR	GUK1	GUK1_Q16774_OID30148_v1_Cardiometabolic_II.tar	https://www.synapse.org/Synapse:syn52362545				syn52362545	syn51365303				
EUR	GUSB	GUSB_P08236_OID20296_v1_Cardiometabolic.tar	https://www.synapse.org/Synapse:syn51470792				syn51470792	syn51365303				
EUR	GYS1	GYS1_P13807_OID20097_v1_Cardiometabolic.tar	https://www.synapse.org/Synapse:syn51470977	545802240		08ab4c6a4380e0f36e11e1e2b1a898a3	syn51470977	syn51365303				
EUR	GZMA	GZMA_P12544_OID20663_v1_Inflammation.tar	https://www.synapse.org/Synapse:syn51469433	549304320		a7922be3df84b38fe31dfa7720a2f5c5	syn51469433	syn51365303				
EUR	GZMB	GZMB_P10144_OID20604_v1_Inflammation.tar	https://www.synapse.org/Synapse:syn51471364	548167680		fcae9a2f44007b99fe7a85e3521886f3	syn51471364	syn51365303				
EUR	GZMH	GZMH_P20718_OID20096_v1_Cardiometabolic.tar	https://www.synapse.org/Synapse:syn51470564	545904640		bd17b5c72318cfb270470cbba4e11395	syn51470564	syn51365303				
EUR	H2AP	H2AP_O75409_OID31232_v1_Oncology_II.tar	https://www.synapse.org/Synapse:syn52362564				syn52362564	syn51365303				
EUR	HADH	HADH_Q16836_OID30132_v1_Cardiometabolic_II.tar	https://www.synapse.org/Synapse:syn52363179				syn52363179	syn51365303				
EUR	HAGH	HAGH_Q16775_OID21459_v1_Oncology.tar	https://www.synapse.org/Synapse:syn51469686				syn51469686	syn51365303				
EUR	HAO1	HAO1_Q9UJM8_OID21395_v1_Oncology.tar	https://www.synapse.org/Synapse:syn51468726	549068800		4c04e3120f921314ae8462a70e707c72	syn51468726	syn51365303				
EUR	HARS1	HARS1_P12081_OID21086_v1_Neurology.tar	https://www.synapse.org/Synapse:syn51470616	547952640		d9c59b4bd32610ecf44ab0dec3cd1f88	syn51470616	syn51365303				
EUR	HAVCR1	HAVCR1_Q96D42_OID21422_v1_Oncology.tar	https://www.synapse.org/Synapse:syn51471420				syn51471420	syn51365303				
EUR	HAVCR2	HAVCR2_Q8TDQ0_OID21137_v1_Neurology.tar	https://www.synapse.org/Synapse:syn51470933	548044800		fecf75efe4fc37b7e4848ea1e9213266	syn51470933	syn51365303				
EUR	HBEGF	HBEGF_Q99075_OID21465_v1_Oncology.tar	https://www.synapse.org/Synapse:syn51469341	548567040		033ad20cb3779a9064752bcabd414bcb	syn51469341	syn51365303				
EUR	HBQ1	HBQ1_P09105_OID21433_v1_Oncology.tar	https://www.synapse.org/Synapse:syn51471189				syn51471189	syn51365303				
EUR	HBZ	HBZ_P02008_OID30307_v1_Cardiometabolic_II.tar	https://www.synapse.org/Synapse:syn52361631	550338560		b2d2a9ccd82e0ad68ce1876bf3603c2c	syn52361631	syn51365303				
EUR	HCG22	HCG22_E2RYF7_OID30088_v1_Cardiometabolic_II.tar	https://www.synapse.org/Synapse:syn52361458				syn52361458	syn51365303				
EUR	HCLS1	HCLS1_P14317_OID20648_v1_Inflammation.tar	https://www.synapse.org/Synapse:syn51468525	549232640		1cd5ea1e4168ead98772fe812cb0daaa	syn51468525	syn51365303				
EUR	HDAC8	HDAC8_Q9BY41_OID30436_v1_Inflammation_II.tar	https://www.synapse.org/Synapse:syn52362330				syn52362330	syn51365303				
EUR	HDAC9	HDAC9_Q9UKV0_OID30832_v1_Neurology_II.tar	https://www.synapse.org/Synapse:syn52362604				syn52362604	syn51365303				
EUR	HDDC2	HDDC2_Q7Z4H3_OID31447_v1_Oncology_II.tar	https://www.synapse.org/Synapse:syn52363324				syn52363324	syn51365303				
EUR	HDGFL2	HDGFL2_Q7Z4V5_OID31136_v1_Neurology_II.tar	https://www.synapse.org/Synapse:syn52363273				syn52363273	syn51365303				
EUR	HDGF	HDGF_P51858_OID21455_v1_Oncology.tar	https://www.synapse.org/Synapse:syn51469376	550287360		f41343d135857bca1ac1a2aa157454d1	syn51469376	syn51365303				
EUR	HEBP1	HEBP1_Q9NRV9_OID20063_v1_Cardiometabolic.tar	https://www.synapse.org/Synapse:syn51470821				syn51470821	syn51365303				
EUR	HEG1	HEG1_Q9ULI3_OID30579_v1_Inflammation_II.tar	https://www.synapse.org/Synapse:syn52362518				syn52362518	syn51365303				
EUR	HEPACAM2	HEPACAM2_A8MVW5_OID31151_v1_Neurology_II.tar	https://www.synapse.org/Synapse:syn52363146	549099520		6046e2d4c56723fc244fa55ebbe04b33	syn52363146	syn51365303				
EUR	HEPH	HEPH_Q9BQS7_OID30337_v1_Cardiometabolic_II.tar	https://www.synapse.org/Synapse:syn52361969				syn52361969	syn51365303				
EUR	HEXIM1	HEXIM1_O94992_OID20589_v1_Inflammation.tar	https://www.synapse.org/Synapse:syn51469506	547973120		e8448c120e5143772ecddfe20b3ab16d	syn51469506	syn51365303				
EUR	HGFAC	HGFAC_Q04756_OID30718_v1_Inflammation_II.tar	https://www.synapse.org/Synapse:syn52361321				syn52361321	syn51365303				
EUR	HGF	HGF_P14210_OID20656_v1_Inflammation.tar	https://www.synapse.org/Synapse:syn51470826				syn51470826	syn51365303				
EUR	HGS	HGS_O14964_OID21175_v1_Oncology.tar	https://www.synapse.org/Synapse:syn51468680				syn51468680	syn51365303				
EUR	HHEX	HHEX_Q03014_OID31107_v1_Neurology_II.tar	https://www.synapse.org/Synapse:syn52363546				syn52363546	syn51365303				
EUR	HIF1A	HIF1A_Q16665_OID30425_v1_Inflammation_II.tar	https://www.synapse.org/Synapse:syn52363097				syn52363097	syn51365303				
EUR	HIP1R	HIP1R_O75146_OID31141_v1_Neurology_II.tar	https://www.synapse.org/Synapse:syn52361882				syn52361882	syn51365303				
EUR	HIP1	HIP1_O00291_OID30071_v1_Cardiometabolic_II.tar	https://www.synapse.org/Synapse:syn52363033				syn52363033	syn51365303				
EUR	HJV	HJV_Q6ZVN8_OID31006_v1_Neurology_II.tar	https://www.synapse.org/Synapse:syn52362563				syn52362563	syn51365303				
EUR	HK2	HK2_P52789_OID20065_v1_Cardiometabolic.tar	https://www.synapse.org/Synapse:syn51469899				syn51469899	syn51365303				
EUR	HLA-A	HLA-A_P04439_OID31048_v1_Neurology_II.tar	https://www.synapse.org/Synapse:syn52362967				syn52362967	syn51365303				
EUR	HLA-DRA	HLA-DRA_P01903_OID20520_v1_Inflammation.tar	https://www.synapse.org/Synapse:syn51470263				syn51470263	syn51365303				
EUR	HLA-E	HLA-E_P13747_OID20532_v1_Inflammation.tar	https://www.synapse.org/Synapse:syn51470447				syn51470447	syn51365303				
EUR	HMBS	HMBS_P08397_OID21385_v1_Oncology.tar	https://www.synapse.org/Synapse:syn51469453				syn51469453	syn51365303				
EUR	HMCN2	HMCN2_Q8NDA2_OID30592_v1_Inflammation_II.tar	https://www.synapse.org/Synapse:syn52362633				syn52362633	syn51365303				
EUR	HMGCL	HMGCL_P35914_OID30214_v1_Cardiometabolic_II.tar	https://www.synapse.org/Synapse:syn52362310				syn52362310	syn51365303				
EUR	HMGCS1	HMGCS1_Q01581_OID30157_v1_Cardiometabolic_II.tar	https://www.synapse.org/Synapse:syn52363905				syn52363905	syn51365303				
EUR	HMMR	HMMR_O75330_OID31175_v1_Oncology_II.tar	https://www.synapse.org/Synapse:syn52363635				syn52363635	syn51365303				
EUR	HMOX1	HMOX1_P09601_OID20217_v1_Cardiometabolic.tar	https://www.synapse.org/Synapse:syn51469360				syn51469360	syn51365303				
EUR	HMOX2	HMOX2_P30519_OID20887_v1_Neurology.tar	https://www.synapse.org/Synapse:syn51468624	545331200		f6199bc008acdabd97511a0507fe8de9	syn51468624	syn51365303				
EUR	HNF1A	HNF1A_P20823_OID30919_v1_Neurology_II.tar	https://www.synapse.org/Synapse:syn52363056				syn52363056	syn51365303				
EUR	HNMT	HNMT_P50135_OID20975_v1_Neurology.tar	https://www.synapse.org/Synapse:syn51469477				syn51469477	syn51365303				
EUR	HNRNPK	HNRNPK_P61978_OID20051_v1_Cardiometabolic.tar	https://www.synapse.org/Synapse:syn51469856				syn51469856	syn51365303				
EUR	HNRNPUL1	HNRNPUL1_Q9BUJ2_OID31037_v1_Neurology_II.tar	https://www.synapse.org/Synapse:syn52361964				syn52361964	syn51365303				
EUR	HPCAL1	HPCAL1_P37235_OID20615_v1_Inflammation.tar	https://www.synapse.org/Synapse:syn51470435				syn51470435	syn51365303				
EUR	HPGDS	HPGDS_O60760_OID21266_v1_Oncology.tar	https://www.synapse.org/Synapse:syn51469744				syn51469744	syn51365303				
EUR	HPSE	HPSE_Q9Y251_OID30409_v1_Cardiometabolic_II.tar	https://www.synapse.org/Synapse:syn52363534				syn52363534	syn51365303				
EUR	HRAS	HRAS_P01112_OID31263_v1_Oncology_II.tar	https://www.synapse.org/Synapse:syn52362791				syn52362791	syn51365303				
EUR	HRC	HRC_P23327_OID30211_v1_Cardiometabolic_II.tar	https://www.synapse.org/Synapse:syn52363543				syn52363543	syn51365303				
EUR	HRG	HRG_P04196_OID30770_v1_Inflammation_II.tar	https://www.synapse.org/Synapse:syn52363233				syn52363233	syn51365303				
EUR	HS1BP3	HS1BP3_Q53T59_OID30243_v1_Cardiometabolic_II.tar	https://www.synapse.org/Synapse:syn52361898				syn52361898	syn51365303				
EUR	HS3ST3B1	HS3ST3B1_Q9Y662_OID21303_v1_Oncology.tar	https://www.synapse.org/Synapse:syn51470446	547594240		f7de1c06710746b3ba4ee0544e9e3be4	syn51470446	syn51365303				
EUR	HS6ST1	HS6ST1_O60243_OID21441_v1_Oncology.tar	https://www.synapse.org/Synapse:syn51470378	549058560		b28ed491cc831a85f82db2a4944ed15e	syn51470378	syn51365303				
EUR	HS6ST2	HS6ST2_Q96MM7_OID30481_v1_Inflammation_II.tar	https://www.synapse.org/Synapse:syn52361397				syn52361397	syn51365303				
EUR	HSBP1	HSBP1_O75506_OID30232_v1_Cardiometabolic_II.tar	https://www.synapse.org/Synapse:syn52361482				syn52361482	syn51365303				
EUR	HSD11B1	HSD11B1_P28845_OID20575_v1_Inflammation.tar	https://www.synapse.org/Synapse:syn51469008				syn51469008	syn51365303				
EUR	HSD17B14	HSD17B14_Q9BPX1_OID31098_v1_Neurology_II.tar	https://www.synapse.org/Synapse:syn52361731				syn52361731	syn51365303				
EUR	HSD17B3	HSD17B3_P37058_OID30145_v1_Cardiometabolic_II.tar	https://www.synapse.org/Synapse:syn52363181				syn52363181	syn51365303				
EUR	HSDL2	HSDL2_Q6YN16_OID30256_v1_Cardiometabolic_II.tar	https://www.synapse.org/Synapse:syn52363662	546242560		a55b99114f5ee1bf281e85f7684be4ba	syn52363662	syn51365303				
EUR	HSP90B1	HSP90B1_P14625_OID20829_v1_Neurology.tar	https://www.synapse.org/Synapse:syn51468769				syn51468769	syn51365303				
EUR	HSPA1A	HSPA1A_P0DMV8_OID20718_v1_Inflammation.tar	https://www.synapse.org/Synapse:syn51469715				syn51469715	syn51365303				
EUR	HSPA2	HSPA2_P54652_OID31424_v1_Oncology_II.tar	https://www.synapse.org/Synapse:syn52361406				syn52361406	syn51365303				
EUR	HSPB1	HSPB1_P04792_OID20230_v1_Cardiometabolic.tar	https://www.synapse.org/Synapse:syn51470438	546314240		b8c91d7577328b6a207b46367e3227a2	syn51470438	syn51365303				
EUR	HSPB6	HSPB6_O14558_OID21408_v1_Oncology.tar	https://www.synapse.org/Synapse:syn51469887				syn51469887	syn51365303				
EUR	HSPG2	HSPG2_P98160_OID20383_v1_Cardiometabolic.tar	https://www.synapse.org/Synapse:syn51469578	546908160		c0f325424db3a70a503bb1d6dbb46b7d	syn51469578	syn51365303				
EUR	HTR1A	HTR1A_P08908_OID30824_v1_Neurology_II.tar	https://www.synapse.org/Synapse:syn52363471				syn52363471	syn51365303				
EUR	HTR1B	HTR1B_P28222_OID30866_v1_Neurology_II.tar	https://www.synapse.org/Synapse:syn52362596				syn52362596	syn51365303				
EUR	HTRA2	HTRA2_O43464_OID21471_v1_Oncology.tar	https://www.synapse.org/Synapse:syn51468598	548423680		be8b51bad4b98ba843201b89526386b1	syn51468598	syn51365303				
EUR	HYAL1	HYAL1_Q12794_OID20357_v1_Cardiometabolic.tar	https://www.synapse.org/Synapse:syn51469676				syn51469676	syn51365303				
EUR	HYOU1	HYOU1_Q9Y4L1_OID20300_v1_Cardiometabolic.tar	https://www.synapse.org/Synapse:syn51469644				syn51469644	syn51365303				
EUR	ICA1	ICA1_Q05084_OID20484_v1_Inflammation.tar	https://www.synapse.org/Synapse:syn51471180				syn51471180	syn51365303				
EUR	ICAM1	ICAM1_P05362_OID20411_v1_Cardiometabolic.tar	https://www.synapse.org/Synapse:syn51470194	547563520		d80a520be30ba5601c0353db2241cd9f	syn51470194	syn51365303				
EUR	ICAM2	ICAM2_P13598_OID20248_v1_Cardiometabolic.tar	https://www.synapse.org/Synapse:syn51470250				syn51470250	syn51365303				
EUR	ICAM3	ICAM3_P32942_OID20277_v1_Cardiometabolic.tar	https://www.synapse.org/Synapse:syn51470304	549498880		4088eced5c21df75bd57edf916ab4e8d	syn51470304	syn51365303				
EUR	ICAM4	ICAM4_Q14773_OID20578_v1_Inflammation.tar	https://www.synapse.org/Synapse:syn51468512	548587520		956cda7a30844e6bea11c52b416b8141	syn51468512	syn51365303				
EUR	ICAM5	ICAM5_Q9UMF0_OID20145_v1_Cardiometabolic.tar	https://www.synapse.org/Synapse:syn51470334				syn51470334	syn51365303				
EUR	ICOSLG	ICOSLG_O75144_OID21351_v1_Oncology.tar	https://www.synapse.org/Synapse:syn51469334	547614720		da43fab489e41ce85b2e4ae247bab028	syn51469334	syn51365303				
EUR	ID4	ID4_P47928_OID31284_v1_Oncology_II.tar	https://www.synapse.org/Synapse:syn52361411				syn52361411	syn51365303				
EUR	IDI2	IDI2_Q9BXS1_OID20823_v1_Neurology.tar	https://www.synapse.org/Synapse:syn51469002				syn51469002	syn51365303				
EUR	IDO1	IDO1_P14902_OID30230_v1_Cardiometabolic_II.tar	https://www.synapse.org/Synapse:syn52361275				syn52361275	syn51365303				
EUR	IDO1	IDO1_P14902_OID30563_v1_Inflammation_II.tar	https://www.synapse.org/Synapse:syn52362189	545638400		016d1cdbede0463032485db585024cff	syn52362189	syn51365303				
EUR	IDO1	IDO1_P14902_OID31050_v1_Neurology_II.tar	https://www.synapse.org/Synapse:syn52361304	548761600		a047a56219ffe80236e0a33f0b88a2c7	syn52361304	syn51365303				
EUR	IDO1	IDO1_P14902_OID31474_v1_Oncology_II.tar	https://www.synapse.org/Synapse:syn52363531				syn52363531	syn51365303				
EUR	IDS	IDS_P22304_OID20619_v1_Inflammation.tar	https://www.synapse.org/Synapse:syn51469707				syn51469707	syn51365303				
EUR	IDUA	IDUA_P35475_OID21468_v1_Oncology.tar	https://www.synapse.org/Synapse:syn51470923	549550080		fc2c6a199fd3fd49422082ebe787fc0d	syn51470923	syn51365303				
EUR	IFI30	IFI30_P13284_OID31505_v1_Oncology_II.tar	https://www.synapse.org/Synapse:syn52362372				syn52362372	syn51365303				
EUR	IFIT1	IFIT1_P09914_OID31310_v1_Oncology_II.tar	https://www.synapse.org/Synapse:syn52362327				syn52362327	syn51365303				
EUR	IFIT3	IFIT3_O14879_OID31283_v1_Oncology_II.tar	https://www.synapse.org/Synapse:syn52361782	546764800		37511cba98242318ee07eaa179818fb8	syn52361782	syn51365303				
EUR	IFNAR1	IFNAR1_P17181_OID31491_v1_Oncology_II.tar	https://www.synapse.org/Synapse:syn52363508				syn52363508	syn51365303				
EUR	IFNGR1	IFNGR1_P15260_OID20678_v1_Inflammation.tar	https://www.synapse.org/Synapse:syn51470427	548597760		eaa1d1d0af04e8014fffc5d6fa4d57c9	syn51470427	syn51365303				
EUR	IFNGR2	IFNGR2_P38484_OID20941_v1_Neurology.tar	https://www.synapse.org/Synapse:syn51469359				syn51469359	syn51365303				
EUR	IFNG	IFNG_P01579_OID20495_v1_Inflammation.tar	https://www.synapse.org/Synapse:syn51471369	545894400		4f56545ac43ff75bac6a1acbdd03e297	syn51471369	syn51365303				
EUR	IFNL1	IFNL1_Q8IU54_OID20795_v1_Neurology.tar	https://www.synapse.org/Synapse:syn51471228				syn51471228	syn51365303				
EUR	IFNL2	IFNL2_Q8IZJ0_OID30791_v1_Neurology_II.tar	https://www.synapse.org/Synapse:syn52363262				syn52363262	syn51365303				
EUR	IFNLR1	IFNLR1_Q8IU57_OID20506_v1_Inflammation.tar	https://www.synapse.org/Synapse:syn51469584				syn51469584	syn51365303				
EUR	IFNW1	IFNW1_P05000_OID30129_v1_Cardiometabolic_II.tar	https://www.synapse.org/Synapse:syn52363642				syn52363642	syn51365303				
EUR	IFT20	IFT20_Q8IY31_OID30962_v1_Neurology_II.tar	https://www.synapse.org/Synapse:syn52361923				syn52361923	syn51365303				
EUR	IGBP1	IGBP1_P78318_OID31059_v1_Neurology_II.tar	https://www.synapse.org/Synapse:syn52362547	548638720		297b59e7272c7fc43981bc05d9383984	syn52362547	syn51365303				
EUR	IGDCC3	IGDCC3_Q8IVU1_OID30862_v1_Neurology_II.tar	https://www.synapse.org/Synapse:syn52362584				syn52362584	syn51365303				
EUR	IGDCC4	IGDCC4_Q8TDY8_OID30402_v1_Cardiometabolic_II.tar	https://www.synapse.org/Synapse:syn52362195	549181440		dbea118af206f1f8aefbc4634af9e053	syn52362195	syn51365303				
EUR	IGF1R	IGF1R_P08069_OID21274_v1_Oncology.tar	https://www.synapse.org/Synapse:syn51469880				syn51469880	syn51365303				
EUR	IGF2BP3	IGF2BP3_O00425_OID30112_v1_Cardiometabolic_II.tar	https://www.synapse.org/Synapse:syn52362811				syn52362811	syn51365303				
EUR	IGF2R	IGF2R_P11717_OID21146_v1_Neurology.tar	https://www.synapse.org/Synapse:syn51470241	548280320		523a2f60526d5dd56f4d7f0ac88d840c	syn51470241	syn51365303				
EUR	IGFBP1	IGFBP1_P08833_OID20246_v1_Cardiometabolic.tar	https://www.synapse.org/Synapse:syn51469025				syn51469025	syn51365303				
EUR	IGFBP2	IGFBP2_P18065_OID20325_v1_Cardiometabolic.tar	https://www.synapse.org/Synapse:syn51470765				syn51470765	syn51365303				
EUR	IGFBP3	IGFBP3_P17936_OID20398_v1_Cardiometabolic.tar	https://www.synapse.org/Synapse:syn51469643	548853760		88934e3642167f5f6abc3cf4073535f9	syn51469643	syn51365303				
EUR	IGFBP4	IGFBP4_P22692_OID21158_v1_Neurology.tar	https://www.synapse.org/Synapse:syn51468724				syn51468724	syn51365303				
EUR	IGFBP6	IGFBP6_P24592_OID20413_v1_Cardiometabolic.tar	https://www.synapse.org/Synapse:syn51468771	547880960		7c7740c3ee617e91d4a91c5b9f682a2b	syn51468771	syn51365303				
EUR	IGFBP7	IGFBP7_Q16270_OID20236_v1_Cardiometabolic.tar	https://www.synapse.org/Synapse:syn51468682				syn51468682	syn51365303				
EUR	IGFBPL1	IGFBPL1_Q8WX77_OID20155_v1_Cardiometabolic.tar	https://www.synapse.org/Synapse:syn51469516				syn51469516	syn51365303				
EUR	IGFL4	IGFL4_Q6B9Z1_OID30500_v1_Inflammation_II.tar	https://www.synapse.org/Synapse:syn52363650				syn52363650	syn51365303				
EUR	IGHMBP2	IGHMBP2_P38935_OID30123_v1_Cardiometabolic_II.tar	https://www.synapse.org/Synapse:syn52362804				syn52362804	syn51365303				
EUR	IGLC2	IGLC2_P0DOY2_OID30740_v1_Inflammation_II.tar	https://www.synapse.org/Synapse:syn52361948	548864000		894f98f73f196eae5fe0d7ac2ab964d4	syn52361948	syn51365303				
EUR	IGLON5	IGLON5_A6NGN9_OID31169_v1_Oncology_II.tar	https://www.synapse.org/Synapse:syn52361427				syn52361427	syn51365303				
EUR	IGSF21	IGSF21_Q96ID5_OID30210_v1_Cardiometabolic_II.tar	https://www.synapse.org/Synapse:syn52362510				syn52362510	syn51365303				
EUR	IGSF3	IGSF3_O75054_OID21312_v1_Oncology.tar	https://www.synapse.org/Synapse:syn51470170				syn51470170	syn51365303				
EUR	IGSF8	IGSF8_Q969P0_OID20167_v1_Cardiometabolic.tar	https://www.synapse.org/Synapse:syn51471448	547983360		110f15e9a9eeaecca8f594983cbc68e6	syn51471448	syn51365303				
EUR	IGSF9	IGSF9_Q9P2J2_OID30330_v1_Cardiometabolic_II.tar	https://www.synapse.org/Synapse:syn52363517				syn52363517	syn51365303				
EUR	IKBKG	IKBKG_Q9Y6K9_OID20544_v1_Inflammation.tar	https://www.synapse.org/Synapse:syn51469337				syn51469337	syn51365303				
EUR	IKZF2	IKZF2_Q9UKS7_OID21213_v1_Oncology.tar	https://www.synapse.org/Synapse:syn51471275				syn51471275	syn51365303				
EUR	IL10RA	IL10RA_Q13651_OID20420_v1_Inflammation.tar	https://www.synapse.org/Synapse:syn51469388	545904640		f3f062c2bbe66179f0ee507bfe9bcc40	syn51469388	syn51365303				
EUR	IL10RB	IL10RB_Q08334_OID20696_v1_Inflammation.tar	https://www.synapse.org/Synapse:syn51468653	548956160		98e412d94aa25b051ce1f1b72adff5b8	syn51468653	syn51365303				
EUR	IL10	IL10_P22301_OID20431_v1_Inflammation.tar	https://www.synapse.org/Synapse:syn51469609				syn51469609	syn51365303				
EUR	IL11	IL11_P20809_OID20455_v1_Inflammation.tar	https://www.synapse.org/Synapse:syn51471276	545843200		de9154730112e66ef0b2ffb8d60ec855	syn51471276	syn51365303				
EUR	IL12A	IL12A_IL12B_P29459_P29460_OID21327_v1_Oncology.tar	https://www.synapse.org/Synapse:syn51470193				syn51470193	syn51365303				
EUR	IL12B	IL12B_P29460_OID20666_v1_Inflammation.tar	https://www.synapse.org/Synapse:syn51469049				syn51469049	syn51365303				
EUR	IL12RB1	IL12RB1_P42701_OID20486_v1_Inflammation.tar	https://www.synapse.org/Synapse:syn51471321				syn51471321	syn51365303				
EUR	IL12RB2	IL12RB2_Q99665_OID30422_v1_Inflammation_II.tar	https://www.synapse.org/Synapse:syn52363250				syn52363250	syn51365303				
EUR	IL13RA1	IL13RA1_P78552_OID21504_v1_Oncology.tar	https://www.synapse.org/Synapse:syn51468894				syn51468894	syn51365303				
EUR	IL13RA2	IL13RA2_Q14627_OID30841_v1_Neurology_II.tar	https://www.synapse.org/Synapse:syn52363018				syn52363018	syn51365303				
EUR	IL13	IL13_P35225_OID20430_v1_Inflammation.tar	https://www.synapse.org/Synapse:syn51468409				syn51468409	syn51365303				
EUR	IL15RA	IL15RA_Q13261_OID20498_v1_Inflammation.tar	https://www.synapse.org/Synapse:syn51471308				syn51471308	syn51365303				
EUR	IL15	IL15_P40933_OID20562_v1_Inflammation.tar	https://www.synapse.org/Synapse:syn51469332	547911680		9f04251e838e4a18c384dc9d4a5a7194	syn51469332	syn51365303				
EUR	IL16	IL16_Q14005_OID20633_v1_Inflammation.tar	https://www.synapse.org/Synapse:syn51471338				syn51471338	syn51365303				
EUR	IL17A	IL17A_Q16552_OID20469_v1_Inflammation.tar	https://www.synapse.org/Synapse:syn51470148				syn51470148	syn51365303				
EUR	IL17C	IL17C_Q9P0M4_OID20477_v1_Inflammation.tar	https://www.synapse.org/Synapse:syn51468579				syn51468579	syn51365303				
EUR	IL17D	IL17D_Q8TAD2_OID20481_v1_Inflammation.tar	https://www.synapse.org/Synapse:syn51469282				syn51469282	syn51365303				
EUR	IL17F	IL17F_Q96PD4_OID20456_v1_Inflammation.tar	https://www.synapse.org/Synapse:syn51469259				syn51469259	syn51365303				
EUR	IL17RA	IL17RA_Q96F46_OID21089_v1_Neurology.tar	https://www.synapse.org/Synapse:syn51469484				syn51469484	syn51365303				
EUR	IL17RB	IL17RB_Q9NRM6_OID20585_v1_Inflammation.tar	https://www.synapse.org/Synapse:syn51470054	547573760		0d103272249612681cf2828c348b242b	syn51470054	syn51365303				
EUR	IL18BP	IL18BP_O95998_OID20348_v1_Cardiometabolic.tar	https://www.synapse.org/Synapse:syn51469415	548526080		ca96ae15f0beed2b3fb9108b858bd271	syn51469415	syn51365303				
EUR	IL18R1	IL18R1_Q13478_OID20652_v1_Inflammation.tar	https://www.synapse.org/Synapse:syn51469422	550031360		21977c4504d258957c9d302609852f70	syn51469422	syn51365303				
EUR	IL18RAP	IL18RAP_O95256_OID20900_v1_Neurology.tar	https://www.synapse.org/Synapse:syn51470548				syn51470548	syn51365303				
EUR	IL18	IL18_Q14116_OID20694_v1_Inflammation.tar	https://www.synapse.org/Synapse:syn51471405				syn51471405	syn51365303				
EUR	IL19	IL19_Q9UHD0_OID20158_v1_Cardiometabolic.tar	https://www.synapse.org/Synapse:syn51471064				syn51471064	syn51365303				
EUR	IL1A	IL1A_P01583_OID20488_v1_Inflammation.tar	https://www.synapse.org/Synapse:syn51469851				syn51469851	syn51365303				
EUR	IL1B	IL1B_P01584_OID20427_v1_Inflammation.tar	https://www.synapse.org/Synapse:syn51471136				syn51471136	syn51365303				
EUR	IL1R1	IL1R1_P14778_OID21116_v1_Neurology.tar	https://www.synapse.org/Synapse:syn51469043	547870720		8515d8f94543f16af3fa57dbbd4949a3	syn51469043	syn51365303				
EUR	IL1R2	IL1R2_P27930_OID20757_v1_Inflammation.tar	https://www.synapse.org/Synapse:syn51471003				syn51471003	syn51365303				
EUR	IL1RAP	IL1RAP_Q9NPH3_OID21126_v1_Neurology.tar	https://www.synapse.org/Synapse:syn51468728				syn51468728	syn51365303				
EUR	IL1RL1	IL1RL1_Q01638_OID20250_v1_Cardiometabolic.tar	https://www.synapse.org/Synapse:syn51470031	550144000		cef104c5ed48d9db49227c8009e13127	syn51470031	syn51365303				
EUR	IL1RL2	IL1RL2_Q9HB29_OID20487_v1_Inflammation.tar	https://www.synapse.org/Synapse:syn51469596	546447360		c2bbfa56d53455cc4b78ac04e34f2daf	syn51469596	syn51365303				
EUR	IL1RN	IL1RN_P18510_OID20700_v1_Inflammation.tar	https://www.synapse.org/Synapse:syn51470605				syn51470605	syn51365303				
EUR	IL20RA	IL20RA_Q9UHF4_OID20422_v1_Inflammation.tar	https://www.synapse.org/Synapse:syn51470612				syn51470612	syn51365303				
EUR	IL20RB	IL20RB_Q6UXL0_OID30461_v1_Inflammation_II.tar	https://www.synapse.org/Synapse:syn52363595				syn52363595	syn51365303				
EUR	IL20	IL20_Q9NYY1_OID20453_v1_Inflammation.tar	https://www.synapse.org/Synapse:syn51469994				syn51469994	syn51365303				
EUR	IL21R	IL21R_Q9HBE5_OID30441_v1_Inflammation_II.tar	https://www.synapse.org/Synapse:syn52361931				syn52361931	syn51365303				
EUR	IL22RA1	IL22RA1_Q8N6P7_OID20449_v1_Inflammation.tar	https://www.synapse.org/Synapse:syn51470740				syn51470740	syn51365303				
EUR	IL22	IL22_Q9GZX6_OID31407_v1_Oncology_II.tar	https://www.synapse.org/Synapse:syn52363333				syn52363333	syn51365303				
EUR	IL24	IL24_Q13007_OID20440_v1_Inflammation.tar	https://www.synapse.org/Synapse:syn51469408				syn51469408	syn51365303				
EUR	IL25	IL25_Q9H293_OID31243_v1_Oncology_II.tar	https://www.synapse.org/Synapse:syn52362496				syn52362496	syn51365303				
EUR	IL2RA	IL2RA_P01589_OID20267_v1_Cardiometabolic.tar	https://www.synapse.org/Synapse:syn51469475	547420160		9e4c738c9f01c31b0ce60fdceb48216b	syn51469475	syn51365303				
EUR	IL2RB	IL2RB_P14784_OID20450_v1_Inflammation.tar	https://www.synapse.org/Synapse:syn51468805				syn51468805	syn51365303				
EUR	IL2RG	IL2RG_P31785_OID31361_v1_Oncology_II.tar	https://www.synapse.org/Synapse:syn52362113				syn52362113	syn51365303				
EUR	IL2	IL2_P60568_OID20419_v1_Inflammation.tar	https://www.synapse.org/Synapse:syn51471242				syn51471242	syn51365303				
EUR	IL31RA	IL31RA_Q8NI17_OID30475_v1_Inflammation_II.tar	https://www.synapse.org/Synapse:syn52362519				syn52362519	syn51365303				
EUR	IL31	IL31_Q6EBC2_OID30487_v1_Inflammation_II.tar	https://www.synapse.org/Synapse:syn52363566				syn52363566	syn51365303				
EUR	IL32	IL32_P24001_OID20605_v1_Inflammation.tar	https://www.synapse.org/Synapse:syn51469125				syn51469125	syn51365303				
EUR	IL33	IL33_O95760_OID20428_v1_Inflammation.tar	https://www.synapse.org/Synapse:syn51470177				syn51470177	syn51365303				
EUR	IL34	IL34_Q6ZMJ4_OID20809_v1_Neurology.tar	https://www.synapse.org/Synapse:syn51469958	545720320		3a7bce1dcb24b1ef923f4013b9033d32	syn51469958	syn51365303				
EUR	IL36A	IL36A_Q9UHA7_OID30472_v1_Inflammation_II.tar	https://www.synapse.org/Synapse:syn52361375				syn52361375	syn51365303				
EUR	IL36G	IL36G_Q9NZH8_OID30551_v1_Inflammation_II.tar	https://www.synapse.org/Synapse:syn52361887				syn52361887	syn51365303				
EUR	IL3RA	IL3RA_P26951_OID20461_v1_Inflammation.tar	https://www.synapse.org/Synapse:syn51471398				syn51471398	syn51365303				
EUR	IL3	IL3_P08700_OID31229_v1_Oncology_II.tar	https://www.synapse.org/Synapse:syn52363032				syn52363032	syn51365303				
EUR	IL4R	IL4R_P24394_OID20576_v1_Inflammation.tar	https://www.synapse.org/Synapse:syn51471200	548055040		6dfc8f0fb065473bebcc4c9ad5c502e8	syn51471200	syn51365303				
EUR	IL4	IL4_P05112_OID20426_v1_Inflammation.tar	https://www.synapse.org/Synapse:syn51470861				syn51470861	syn51365303				
EUR	IL5RA	IL5RA_Q01344_OID20601_v1_Inflammation.tar	https://www.synapse.org/Synapse:syn51470561	548372480		90ac3399d3eb9e783359ce18d9e0d38a	syn51470561	syn51365303				
EUR	IL5	IL5_P05113_OID20472_v1_Inflammation.tar	https://www.synapse.org/Synapse:syn51471391				syn51471391	syn51365303				
EUR	IL6R	IL6R_P08887_OID20385_v1_Cardiometabolic.tar	https://www.synapse.org/Synapse:syn51470461				syn51470461	syn51365303				
EUR	IL6ST	IL6ST_P40189_OID20147_v1_Cardiometabolic.tar	https://www.synapse.org/Synapse:syn51470905	548106240		a5cb8e4389a14dd39c61d17349227360	syn51470905	syn51365303				
EUR	IL6	IL6_P05231_OID20101_v1_Cardiometabolic.tar	https://www.synapse.org/Synapse:syn51468683				syn51468683	syn51365303				
EUR	IL6	IL6_P05231_OID20563_v1_Inflammation.tar	https://www.synapse.org/Synapse:syn51470253				syn51470253	syn51365303				
EUR	IL6	IL6_P05231_OID20911_v1_Neurology.tar	https://www.synapse.org/Synapse:syn51469886				syn51469886	syn51365303				
EUR	IL6	IL6_P05231_OID21276_v1_Oncology.tar	https://www.synapse.org/Synapse:syn51471383				syn51471383	syn51365303				
EUR	IL7R	IL7R_P16871_OID21136_v1_Neurology.tar	https://www.synapse.org/Synapse:syn51471280	548956160		44b3f305bbff6a88dd4af8e6c5d66222	syn51471280	syn51365303				
EUR	IL7	IL7_P13232_OID20535_v1_Inflammation.tar	https://www.synapse.org/Synapse:syn51471269	547860480		4d22825e7c757784a23c1033b45138bf	syn51471269	syn51365303				
EUR	IL9	IL9_P15248_OID31298_v1_Oncology_II.tar	https://www.synapse.org/Synapse:syn52362626				syn52362626	syn51365303				
EUR	ILKAP	ILKAP_Q9H0C8_OID20855_v1_Neurology.tar	https://www.synapse.org/Synapse:syn51469656	545064960		fc19d2f3e5e37c315abf8ad5419e0ad5	syn51469656	syn51365303				
EUR	IMMT	IMMT_Q16891_OID31397_v1_Oncology_II.tar	https://www.synapse.org/Synapse:syn52361884				syn52361884	syn51365303				
EUR	IMPA1	IMPA1_P29218_OID20907_v1_Neurology.tar	https://www.synapse.org/Synapse:syn51471393				syn51471393	syn51365303				
EUR	IMPACT	IMPACT_Q9P2X3_OID31112_v1_Neurology_II.tar	https://www.synapse.org/Synapse:syn52362432				syn52362432	syn51365303				
EUR	IMPG1	IMPG1_Q17R60_OID30814_v1_Neurology_II.tar	https://www.synapse.org/Synapse:syn52362994				syn52362994	syn51365303				
EUR	ING1	ING1_Q9UK53_OID20853_v1_Neurology.tar	https://www.synapse.org/Synapse:syn51469315	545054720		9d5e24e27c3a7be47899122c5a2ac8bb	syn51469315	syn51365303				
EUR	INHBB	INHBB_P09529_OID30625_v1_Inflammation_II.tar	https://www.synapse.org/Synapse:syn52363589				syn52363589	syn51365303				
EUR	INHBC	INHBC_P55103_OID21093_v1_Neurology.tar	https://www.synapse.org/Synapse:syn51469822				syn51469822	syn51365303				
EUR	INPP1	INPP1_P49441_OID21345_v1_Oncology.tar	https://www.synapse.org/Synapse:syn51468891	547420160		5e3cd9a045b0d50c304191b051184cf4	syn51468891	syn51365303				
EUR	INPP5D	INPP5D_Q92835_OID30259_v1_Cardiometabolic_II.tar	https://www.synapse.org/Synapse:syn52361845	545925120		59fb1a08a7ac4c0b3215a4014a691479	syn52361845	syn51365303				
EUR	INPP5J	INPP5J_Q15735_OID30975_v1_Neurology_II.tar	https://www.synapse.org/Synapse:syn52361302				syn52361302	syn51365303				
EUR	INPPL1	INPPL1_O15357_OID21314_v1_Oncology.tar	https://www.synapse.org/Synapse:syn51471286				syn51471286	syn51365303				
EUR	INSL3	INSL3_P51460_OID31129_v1_Neurology_II.tar	https://www.synapse.org/Synapse:syn52362438	550287360		65b4c87afe1cf46b594b67394360f356	syn52362438	syn51365303				
EUR	INSL4	INSL4_Q14641_OID31370_v1_Oncology_II.tar	https://www.synapse.org/Synapse:syn52361474				syn52361474	syn51365303				
EUR	INSL5	INSL5_Q9Y5Q6_OID31448_v1_Oncology_II.tar	https://www.synapse.org/Synapse:syn52362072				syn52362072	syn51365303				
EUR	INSR	INSR_P06213_OID30566_v1_Inflammation_II.tar	https://www.synapse.org/Synapse:syn52362097	545413120		015a8d4a61a73efa813ba69eb24bf2cf	syn52362097	syn51365303				
EUR	IPCEF1	IPCEF1_Q8WWN9_OID20977_v1_Neurology.tar	https://www.synapse.org/Synapse:syn51471412				syn51471412	syn51365303				
EUR	IQGAP2	IQGAP2_Q13576_OID21361_v1_Oncology.tar	https://www.synapse.org/Synapse:syn51469039				syn51469039	syn51365303				
EUR	IRAG2	IRAG2_Q12912_OID20085_v1_Cardiometabolic.tar	https://www.synapse.org/Synapse:syn51470609				syn51470609	syn51365303				
EUR	IRAK1	IRAK1_P51617_OID20485_v1_Inflammation.tar	https://www.synapse.org/Synapse:syn51470889				syn51470889	syn51365303				
EUR	IRAK4	IRAK4_Q9NWZ3_OID20577_v1_Inflammation.tar	https://www.synapse.org/Synapse:syn51469509				syn51469509	syn51365303				
EUR	ISLR2	ISLR2_Q6UXK2_OID20889_v1_Neurology.tar	https://www.synapse.org/Synapse:syn51469123				syn51469123	syn51365303				
EUR	ISM1	ISM1_B1AKI9_OID20538_v1_Inflammation.tar	https://www.synapse.org/Synapse:syn51469307				syn51469307	syn51365303				
EUR	ISM2	ISM2_Q6H9L7_OID30365_v1_Cardiometabolic_II.tar	https://www.synapse.org/Synapse:syn52362854				syn52362854	syn51365303				
EUR	IST1	IST1_P53990_OID31497_v1_Oncology_II.tar	https://www.synapse.org/Synapse:syn52362788	547502080		1a5e33b25fa564e981f21296255e6742	syn52362788	syn51365303				
EUR	ITGA11	ITGA11_Q9UKX5_OID20581_v1_Inflammation.tar	https://www.synapse.org/Synapse:syn51471292				syn51471292	syn51365303				
EUR	ITGA2	ITGA2_P17301_OID30570_v1_Inflammation_II.tar	https://www.synapse.org/Synapse:syn52363634	546938880		4a56fb1b75e030ebc959904d188bcdd4	syn52363634	syn51365303				
EUR	ITGA5	ITGA5_P08648_OID21139_v1_Neurology.tar	https://www.synapse.org/Synapse:syn51471374				syn51471374	syn51365303				
EUR	ITGA6	ITGA6_P23229_OID20528_v1_Inflammation.tar	https://www.synapse.org/Synapse:syn51471327	547932160		3f875868685b5c085b97025580d7e238	syn51471327	syn51365303				
EUR	ITGAL	ITGAL_P20701_OID30537_v1_Inflammation_II.tar	https://www.synapse.org/Synapse:syn52362119				syn52362119	syn51365303				
EUR	ITGAM	ITGAM_P11215_OID21071_v1_Neurology.tar	https://www.synapse.org/Synapse:syn51471237	548034560		331827dc059260e49ee92779638863af	syn51471237	syn51365303				
EUR	ITGAV	ITGAV_P06756_OID21416_v1_Oncology.tar	https://www.synapse.org/Synapse:syn51471284	549130240		ceb6e84254653402851fe14ecbb0c861	syn51471284	syn51365303				
EUR	ITGAX	ITGAX_P20702_OID31325_v1_Oncology_II.tar	https://www.synapse.org/Synapse:syn52362107				syn52362107	syn51365303				
EUR	ITGB1BP1	ITGB1BP1_O14713_OID21268_v1_Oncology.tar	https://www.synapse.org/Synapse:syn51471358				syn51471358	syn51365303				
EUR	ITGB1BP2	ITGB1BP2_Q9UKP3_OID20112_v1_Cardiometabolic.tar	https://www.synapse.org/Synapse:syn51468662	545740800		c7d587651dc20ec744df433be9d06edd	syn51468662	syn51365303				
EUR	ITGB1	ITGB1_P05556_OID20376_v1_Cardiometabolic.tar	https://www.synapse.org/Synapse:syn51470300	547901440		018724c0c97467adc4c61645ac9ba6e8	syn51470300	syn51365303				
EUR	ITGB2	ITGB2_P05107_OID20315_v1_Cardiometabolic.tar	https://www.synapse.org/Synapse:syn51471449				syn51471449	syn51365303				
EUR	ITGB5	ITGB5_P18084_OID21522_v1_Oncology.tar	https://www.synapse.org/Synapse:syn51469720				syn51469720	syn51365303				
EUR	ITGB6	ITGB6_P18564_OID20493_v1_Inflammation.tar	https://www.synapse.org/Synapse:syn51468797				syn51468797	syn51365303				
EUR	ITGB7	ITGB7_P26010_OID21393_v1_Oncology.tar	https://www.synapse.org/Synapse:syn51470189				syn51470189	syn51365303				
EUR	ITGBL1	ITGBL1_O95965_OID30408_v1_Cardiometabolic_II.tar	https://www.synapse.org/Synapse:syn52362942				syn52362942	syn51365303				
EUR	ITIH1	ITIH1_P19827_OID30722_v1_Inflammation_II.tar	https://www.synapse.org/Synapse:syn52361879				syn52361879	syn51365303				
EUR	ITIH3	ITIH3_Q06033_OID20352_v1_Cardiometabolic.tar	https://www.synapse.org/Synapse:syn51471325	548823040		178d06163380e93f42f57d92361599a2	syn51471325	syn51365303				
EUR	ITIH4	ITIH4_Q14624_OID30762_v1_Inflammation_II.tar	https://www.synapse.org/Synapse:syn52362860				syn52362860	syn51365303				
EUR	ITIH5	ITIH5_Q86UX2_OID31430_v1_Oncology_II.tar	https://www.synapse.org/Synapse:syn52362055				syn52362055	syn51365303				
EUR	ITM2A	ITM2A_O43736_OID20504_v1_Inflammation.tar	https://www.synapse.org/Synapse:syn51471415				syn51471415	syn51365303				
EUR	ITPA	ITPA_Q9BY32_OID30082_v1_Cardiometabolic_II.tar	https://www.synapse.org/Synapse:syn52363583				syn52363583	syn51365303				
EUR	ITPR1	ITPR1_Q14643_OID30216_v1_Cardiometabolic_II.tar	https://www.synapse.org/Synapse:syn52361622	545710080		3f391c73cac0ae5a63560de4145a9fb7	syn52361622	syn51365303				
EUR	ITPRIP	ITPRIP_Q8IWB1_OID30860_v1_Neurology_II.tar	https://www.synapse.org/Synapse:syn52362612				syn52362612	syn51365303				
EUR	IVD	IVD_P26440_OID20833_v1_Neurology.tar	https://www.synapse.org/Synapse:syn51469045				syn51469045	syn51365303				
EUR	IZUMO1	IZUMO1_Q8IYV9_OID31159_v1_Oncology_II.tar	https://www.synapse.org/Synapse:syn52363575				syn52363575	syn51365303				
EUR	JAM2	JAM2_P57087_OID21064_v1_Neurology.tar	https://www.synapse.org/Synapse:syn51469391	549058560		04bd4b0c373d19b06ad9c45ea8afbb5b	syn51469391	syn51365303				
EUR	JAM3	JAM3_Q9BX67_OID30586_v1_Inflammation_II.tar	https://www.synapse.org/Synapse:syn52362133	546211840		b4d017ac25019d1c818b45519aeb6536	syn52362133	syn51365303				
EUR	JCHAIN	JCHAIN_P01591_OID20494_v1_Inflammation.tar	https://www.synapse.org/Synapse:syn51469177				syn51469177	syn51365303				
EUR	JMJD1C	JMJD1C_Q15652_OID31172_v1_Oncology_II.tar	https://www.synapse.org/Synapse:syn52363082				syn52363082	syn51365303				
EUR	JPT2	JPT2_Q9H910_OID31520_v1_Oncology_II.tar	https://www.synapse.org/Synapse:syn52361871				syn52361871	syn51365303				
EUR	JUN	JUN_P05412_OID20424_v1_Inflammation.tar	https://www.synapse.org/Synapse:syn51469853				syn51469853	syn51365303				
EUR	KAZALD1	KAZALD1_Q96I82_OID21339_v1_Oncology.tar	https://www.synapse.org/Synapse:syn51469416				syn51469416	syn51365303				
EUR	KAZN	KAZN_Q674X7_OID31481_v1_Oncology_II.tar	https://www.synapse.org/Synapse:syn52363219				syn52363219	syn51365303				
EUR	KCNC4	KCNC4_Q03721_OID30813_v1_Neurology_II.tar	https://www.synapse.org/Synapse:syn52361927				syn52361927	syn51365303				
EUR	KCNH2	KCNH2_Q12809_OID30899_v1_Neurology_II.tar	https://www.synapse.org/Synapse:syn52362673				syn52362673	syn51365303				
EUR	KCNIP4	KCNIP4_Q6PIL6_OID20813_v1_Neurology.tar	https://www.synapse.org/Synapse:syn51469668				syn51469668	syn51365303				
EUR	KCTD5	KCTD5_Q9NXV2_OID31148_v1_Neurology_II.tar	https://www.synapse.org/Synapse:syn52362272				syn52362272	syn51365303				
EUR	KDM3A	KDM3A_Q9Y4C1_OID30426_v1_Inflammation_II.tar	https://www.synapse.org/Synapse:syn52361451	545433600		3c8dc055edcecf8289be18903e96190f	syn52361451	syn51365303				
EUR	KDR	KDR_P35968_OID21497_v1_Oncology.tar	https://www.synapse.org/Synapse:syn51469474				syn51469474	syn51365303				
EUR	KEL	KEL_P23276_OID20881_v1_Neurology.tar	https://www.synapse.org/Synapse:syn51469991	546007040		a58eae3a3bd55bcdce92b23c195145ad	syn51469991	syn51365303				
EUR	KHDC3L	KHDC3L_Q587J8_OID31245_v1_Oncology_II.tar	https://www.synapse.org/Synapse:syn52363108				syn52363108	syn51365303				
EUR	KHK	KHK_P50053_OID30241_v1_Cardiometabolic_II.tar	https://www.synapse.org/Synapse:syn52361370				syn52361370	syn51365303				
EUR	KIAA0319	KIAA0319_Q5VV43_OID31094_v1_Neurology_II.tar	https://www.synapse.org/Synapse:syn52362048				syn52362048	syn51365303				
EUR	KIAA1549L	KIAA1549L_Q6ZVL6_OID31312_v1_Oncology_II.tar	https://www.synapse.org/Synapse:syn52361659				syn52361659	syn51365303				
EUR	KIAA1549	KIAA1549_Q9HCM3_OID31307_v1_Oncology_II.tar	https://www.synapse.org/Synapse:syn52361472				syn52361472	syn51365303				
EUR	KIAA2013	KIAA2013_Q8IYS2_OID31392_v1_Oncology_II.tar	https://www.synapse.org/Synapse:syn52362522				syn52362522	syn51365303				
EUR	KIF1C	KIF1C_O43896_OID30163_v1_Cardiometabolic_II.tar	https://www.synapse.org/Synapse:syn52362905				syn52362905	syn51365303				
EUR	KIF20B	KIF20B_Q96Q89_OID30816_v1_Neurology_II.tar	https://www.synapse.org/Synapse:syn52362615				syn52362615	syn51365303				
EUR	KIF22	KIF22_Q14807_OID30175_v1_Cardiometabolic_II.tar	https://www.synapse.org/Synapse:syn52361831				syn52361831	syn51365303				
EUR	KIFBP	KIFBP_Q96EK5_OID21320_v1_Oncology.tar	https://www.synapse.org/Synapse:syn51471360	547440640		e909572cfeb43f5fd47d7888a03f4d88	syn51471360	syn51365303				
EUR	KIR2DL2	KIR2DL2_P43627_OID31431_v1_Oncology_II.tar	https://www.synapse.org/Synapse:syn52363621				syn52363621	syn51365303				
EUR	KIR2DL3	KIR2DL3_P43628_OID21196_v1_Oncology.tar	https://www.synapse.org/Synapse:syn51468422				syn51468422	syn51365303				
EUR	KIR2DS4	KIR2DS4_P43632_OID31432_v1_Oncology_II.tar	https://www.synapse.org/Synapse:syn52361446				syn52361446	syn51365303				
EUR	KIR3DL1	KIR3DL1_P43629_OID21185_v1_Oncology.tar	https://www.synapse.org/Synapse:syn51469593	546816000		cd48a677fe84126add90bec09d18e2ab	syn51469593	syn51365303				
EUR	KIR3DL2	KIR3DL2_P43630_OID31191_v1_Oncology_II.tar	https://www.synapse.org/Synapse:syn52362748				syn52362748	syn51365303				
EUR	KIRREL1	KIRREL1_Q96J84_OID30806_v1_Neurology_II.tar	https://www.synapse.org/Synapse:syn52363030				syn52363030	syn51365303				
EUR	KIRREL2	KIRREL2_Q6UWL6_OID20873_v1_Neurology.tar	https://www.synapse.org/Synapse:syn51468745	545474560		492dab41ea36b3ecb742b8257c2a6eac	syn51468745	syn51365303				
EUR	KITLG	KITLG_P21583_OID20196_v1_Cardiometabolic.tar	https://www.synapse.org/Synapse:syn51468698	548096000		07ee385a2f27f11c308ec1c209e9b791	syn51468698	syn51365303				
EUR	KIT	KIT_P10721_OID20370_v1_Cardiometabolic.tar	https://www.synapse.org/Synapse:syn51470015	548321280		4d1fff1661abcb883c54d93588ab860b	syn51470015	syn51365303				
EUR	KLB	KLB_Q86Z14_OID20888_v1_Neurology.tar	https://www.synapse.org/Synapse:syn51471271	546119680		64c848593ec3bb393918222841583774	syn51471271	syn51365303				
EUR	KLF4	KLF4_O43474_OID30808_v1_Neurology_II.tar	https://www.synapse.org/Synapse:syn52363626				syn52363626	syn51365303				
EUR	KLHL41	KLHL41_O60662_OID30986_v1_Neurology_II.tar	https://www.synapse.org/Synapse:syn52363564				syn52363564	syn51365303				
EUR	KLK10	KLK10_O43240_OID21523_v1_Oncology.tar	https://www.synapse.org/Synapse:syn51471006				syn51471006	syn51365303				
EUR	KLK11	KLK11_Q9UBX7_OID21518_v1_Oncology.tar	https://www.synapse.org/Synapse:syn51468439				syn51468439	syn51365303				
EUR	KLK12	KLK12_Q9UKR0_OID21201_v1_Oncology.tar	https://www.synapse.org/Synapse:syn51471348				syn51471348	syn51365303				
EUR	KLK13	KLK13_Q9UKR3_OID21291_v1_Oncology.tar	https://www.synapse.org/Synapse:syn51469917				syn51469917	syn51365303				
EUR	KLK14	KLK14_Q9P0G3_OID21407_v1_Oncology.tar	https://www.synapse.org/Synapse:syn51471337				syn51471337	syn51365303				
EUR	KLK15	KLK15_Q9H2R5_OID31427_v1_Oncology_II.tar	https://www.synapse.org/Synapse:syn52361393				syn52361393	syn51365303				
EUR	KLK1	KLK1_P06870_OID21499_v1_Oncology.tar	https://www.synapse.org/Synapse:syn51468714	548392960		34f1efcdcdb02df295d57200419a4613	syn51468714	syn51365303				
EUR	KLK3	KLK3_P07288_OID30364_v1_Cardiometabolic_II.tar	https://www.synapse.org/Synapse:syn52361924				syn52361924	syn51365303				
EUR	KLK4	KLK4_Q9Y5K2_OID21391_v1_Oncology.tar	https://www.synapse.org/Synapse:syn51470040				syn51470040	syn51365303				
EUR	KLK6	KLK6_Q92876_OID21526_v1_Oncology.tar	https://www.synapse.org/Synapse:syn51470443				syn51470443	syn51365303				
EUR	KLK7	KLK7_P49862_OID30652_v1_Inflammation_II.tar	https://www.synapse.org/Synapse:syn52361507				syn52361507	syn51365303				
EUR	KLK8	KLK8_O60259_OID21517_v1_Oncology.tar	https://www.synapse.org/Synapse:syn51470627				syn51470627	syn51365303				
EUR	KLKB1	KLKB1_P03952_OID30760_v1_Inflammation_II.tar	https://www.synapse.org/Synapse:syn52361589	547133440		d988102571b0862ddacd01a7bb4c33ae	syn52361589	syn51365303				
EUR	KLRB1	KLRB1_Q12918_OID20629_v1_Inflammation.tar	https://www.synapse.org/Synapse:syn51469431				syn51469431	syn51365303				
EUR	KLRC1	KLRC1_P26715_OID30855_v1_Neurology_II.tar	https://www.synapse.org/Synapse:syn52362576				syn52362576	syn51365303				
EUR	KLRD1	KLRD1_Q13241_OID20632_v1_Inflammation.tar	https://www.synapse.org/Synapse:syn51468872	549652480		07eab1a4bb73f37e6fb785fd734ccf82	syn51468872	syn51365303				
EUR	KLRF1	KLRF1_Q9NZS2_OID30464_v1_Inflammation_II.tar	https://www.synapse.org/Synapse:syn52362650	545710080		29437072e568d454ebc7122b3a68f8fd	syn52362650	syn51365303				
EUR	KLRK1	KLRK1_P26718_OID31082_v1_Neurology_II.tar	https://www.synapse.org/Synapse:syn52363573	548751360		1012e91a1e2912a5e0a0f3f65e02529e	syn52363573	syn51365303				
EUR	KRT14	KRT14_P02533_OID20800_v1_Neurology.tar	https://www.synapse.org/Synapse:syn51470162				syn51470162	syn51365303				
EUR	KRT17	KRT17_Q04695_OID30092_v1_Cardiometabolic_II.tar	https://www.synapse.org/Synapse:syn52362834				syn52362834	syn51365303				
EUR	KRT18	KRT18_P05783_OID21296_v1_Oncology.tar	https://www.synapse.org/Synapse:syn51470349				syn51470349	syn51365303				
EUR	KRT19	KRT19_P08727_OID20596_v1_Inflammation.tar	https://www.synapse.org/Synapse:syn51470713				syn51470713	syn51365303				
EUR	KRT5	KRT5_P13647_OID20860_v1_Neurology.tar	https://www.synapse.org/Synapse:syn51471231				syn51471231	syn51365303				
EUR	KRT6C	KRT6C_P48668_OID30169_v1_Cardiometabolic_II.tar	https://www.synapse.org/Synapse:syn52363527				syn52363527	syn51365303				
EUR	KRT8	KRT8_P05787_OID30865_v1_Neurology_II.tar	https://www.synapse.org/Synapse:syn52363478	545003520		77c1fd6aaf93e905ed9aa44b44ef4b80	syn52363478	syn51365303				
EUR	KYAT1	KYAT1_Q16773_OID20232_v1_Cardiometabolic.tar	https://www.synapse.org/Synapse:syn51469909				syn51469909	syn51365303				
EUR	KYNU	KYNU_Q16719_OID20669_v1_Inflammation.tar	https://www.synapse.org/Synapse:syn51469340				syn51469340	syn51365303				
EUR	L1CAM	L1CAM_P32004_OID21484_v1_Oncology.tar	https://www.synapse.org/Synapse:syn51469550				syn51469550	syn51365303				
EUR	L3HYPDH	L3HYPDH_Q96EM0_OID30314_v1_Cardiometabolic_II.tar	https://www.synapse.org/Synapse:syn52363090	548823040		d3b66d75e04052a5d5d2ca45ee847f32	syn52363090	syn51365303				
EUR	LACRT	LACRT_Q9GZZ8_OID31367_v1_Oncology_II.tar	https://www.synapse.org/Synapse:syn52362648	548065280		1d5715aaf1bc074b79d56520d5dde6e0	syn52362648	syn51365303				
EUR	LACTB2	LACTB2_Q53H82_OID20150_v1_Cardiometabolic.tar	https://www.synapse.org/Synapse:syn51471322				syn51471322	syn51365303				
EUR	LAG3	LAG3_P18627_OID21315_v1_Oncology.tar	https://www.synapse.org/Synapse:syn51469160	547594240		10a6e0505e07b97c6dc53638fb2ea71c	syn51469160	syn51365303				
EUR	LAIR1	LAIR1_Q6GTX8_OID20737_v1_Inflammation.tar	https://www.synapse.org/Synapse:syn51469633				syn51469633	syn51365303				
EUR	LAIR2	LAIR2_Q6ISS4_OID20965_v1_Neurology.tar	https://www.synapse.org/Synapse:syn51469056				syn51469056	syn51365303				
EUR	LAMA1	LAMA1_P25391_OID30057_v1_Cardiometabolic_II.tar	https://www.synapse.org/Synapse:syn52361627				syn52361627	syn51365303				
EUR	LAMA4	LAMA4_Q16363_OID20769_v1_Inflammation.tar	https://www.synapse.org/Synapse:syn51471446				syn51471446	syn51365303				
EUR	LAMB1	LAMB1_P07942_OID30280_v1_Cardiometabolic_II.tar	https://www.synapse.org/Synapse:syn52361818	546508800		c0f524ed6c8f5e7891044c7ac3867167	syn52361818	syn51365303				
EUR	LAMP1	LAMP1_P11279_OID30416_v1_Cardiometabolic_II.tar	https://www.synapse.org/Synapse:syn52361693	545433600		7aa365ad2aa3fd839f20bacc472d5145	syn52361693	syn51365303				
EUR	LAMP2	LAMP2_P13473_OID21035_v1_Neurology.tar	https://www.synapse.org/Synapse:syn51470562				syn51470562	syn51365303				
EUR	LAMP3	LAMP3_Q9UQV4_OID20638_v1_Inflammation.tar	https://www.synapse.org/Synapse:syn51470960	549212160		01f5056cf50d5d357a5c3c83de9ff04e	syn51470960	syn51365303				
EUR	LAMTOR5	LAMTOR5_O43504_OID31396_v1_Oncology_II.tar	https://www.synapse.org/Synapse:syn52363670				syn52363670	syn51365303				
EUR	LAP3	LAP3_P28838_OID20436_v1_Inflammation.tar	https://www.synapse.org/Synapse:syn51470305				syn51470305	syn51365303				
EUR	LARP1	LARP1_Q6PKG0_OID31372_v1_Oncology_II.tar	https://www.synapse.org/Synapse:syn52362365				syn52362365	syn51365303				
EUR	LAT2	LAT2_Q9GZY6_OID21292_v1_Oncology.tar	https://www.synapse.org/Synapse:syn51470736	547471360		92d2bcae3c782878d4dca783c61ac04f	syn51470736	syn51365303				
EUR	LATS1	LATS1_O95835_OID30523_v1_Inflammation_II.tar	https://www.synapse.org/Synapse:syn52362250	545464320		b4f64ba9c6f3dab7828a3c3756fe7706	syn52362250	syn51365303				
EUR	LAT	LAT_O43561_OID20640_v1_Inflammation.tar	https://www.synapse.org/Synapse:syn51471462	549181440		881604ee0bfa620295ed5ae85bfa86cb	syn51471462	syn51365303				
EUR	LAYN	LAYN_Q6UX15_OID20970_v1_Neurology.tar	https://www.synapse.org/Synapse:syn51470137				syn51470137	syn51365303				
EUR	LBP	LBP_P18428_OID20355_v1_Cardiometabolic.tar	https://www.synapse.org/Synapse:syn51471331				syn51471331	syn51365303				
EUR	LBR	LBR_Q14739_OID21034_v1_Neurology.tar	https://www.synapse.org/Synapse:syn51469973	548956160		c94a884a9ae18777fc2459fdd9b48526	syn51469973	syn51365303				
EUR	LCAT	LCAT_P04180_OID30677_v1_Inflammation_II.tar	https://www.synapse.org/Synapse:syn52363655	549038080		52671a402051eb2651da74c39d9cb1a7	syn52363655	syn51365303				
EUR	LCN15	LCN15_Q6UWW0_OID31032_v1_Neurology_II.tar	https://www.synapse.org/Synapse:syn52362575	548945920		9a278dffc8e135ceb9a6031d3cbec830	syn52362575	syn51365303				
EUR	LCN2	LCN2_P80188_OID20392_v1_Cardiometabolic.tar	https://www.synapse.org/Synapse:syn51469558				syn51469558	syn51365303				
EUR	LCP1	LCP1_P13796_OID30367_v1_Cardiometabolic_II.tar	https://www.synapse.org/Synapse:syn52361570				syn52361570	syn51365303				
EUR	LDLRAP1	LDLRAP1_Q5SW96_OID31068_v1_Neurology_II.tar	https://www.synapse.org/Synapse:syn52361838				syn52361838	syn51365303				
EUR	LDLR	LDLR_P01130_OID20240_v1_Cardiometabolic.tar	https://www.synapse.org/Synapse:syn51469717	548843520		c12102c42e96c163707915b50522d1ba	syn51469717	syn51365303				
EUR	LECT2	LECT2_O14960_OID30320_v1_Cardiometabolic_II.tar	https://www.synapse.org/Synapse:syn52361410				syn52361410	syn51365303				
EUR	LEFTY2	LEFTY2_O00292_OID21454_v1_Oncology.tar	https://www.synapse.org/Synapse:syn51471187				syn51471187	syn51365303				
EUR	LEG1	LEG1_Q6P5S2_OID30608_v1_Inflammation_II.tar	https://www.synapse.org/Synapse:syn52362338	542464000		735e61b147859d501c2e9d12d558a482	syn52362338	syn51365303				
EUR	LELP1	LELP1_Q5T871_OID30845_v1_Neurology_II.tar	https://www.synapse.org/Synapse:syn52362775				syn52362775	syn51365303				
EUR	LEO1	LEO1_Q8WVC0_OID30991_v1_Neurology_II.tar	https://www.synapse.org/Synapse:syn52362597				syn52362597	syn51365303				
EUR	LEPR	LEPR_P48357_OID20128_v1_Cardiometabolic.tar	https://www.synapse.org/Synapse:syn51468573				syn51468573	syn51365303				
EUR	LEP	LEP_P41159_OID20187_v1_Cardiometabolic.tar	https://www.synapse.org/Synapse:syn51468690				syn51468690	syn51365303				
EUR	LETM1	LETM1_O95202_OID31018_v1_Neurology_II.tar	https://www.synapse.org/Synapse:syn52361270	548567040		26a6f90cc2a0d8d6e9616c2c036b9b06	syn52361270	syn51365303				
EUR	LGALS1	LGALS1_P09382_OID20154_v1_Cardiometabolic.tar	https://www.synapse.org/Synapse:syn51469621				syn51469621	syn51365303				
EUR	LGALS3BP	LGALS3BP_Q08380_OID30765_v1_Inflammation_II.tar	https://www.synapse.org/Synapse:syn52363602				syn52363602	syn51365303				
EUR	LGALS3	LGALS3_P17931_OID20284_v1_Cardiometabolic.tar	https://www.synapse.org/Synapse:syn51470186	548864000		cc9c1c30e07924f9b78dc926ada13a6e	syn51470186	syn51365303				
EUR	LGALS4	LGALS4_P56470_OID20748_v1_Inflammation.tar	https://www.synapse.org/Synapse:syn51469541				syn51469541	syn51365303				
EUR	LGALS7	LGALS7_LGALS7B_P47929_OID21406_v1_Oncology.tar	https://www.synapse.org/Synapse:syn51468441	547665920		8808c09b6acdfa5d510bcceb6a735e98	syn51468441	syn51365303				
EUR	LGALS8	LGALS8_O00214_OID21041_v1_Neurology.tar	https://www.synapse.org/Synapse:syn51471143	549109760		d2aa36e00433877bc83bbab5a5a899b0	syn51471143	syn51365303				
EUR	LGALS9	LGALS9_O00182_OID20781_v1_Inflammation.tar	https://www.synapse.org/Synapse:syn51471230				syn51471230	syn51365303				
EUR	LGMN	LGMN_Q99538_OID20773_v1_Inflammation.tar	https://www.synapse.org/Synapse:syn51468722	548638720		5f57b81c9ee68e8ebe87434e5c46c2b0	syn51468722	syn51365303				
EUR	LHB	LHB_P01229_OID21248_v1_Oncology.tar	https://www.synapse.org/Synapse:syn51471250				syn51471250	syn51365303				
EUR	LHPP	LHPP_Q9H008_OID20749_v1_Inflammation.tar	https://www.synapse.org/Synapse:syn51469165	548526080		1e20eeee079d589abcff152cc1099f8c	syn51469165	syn51365303				
EUR	LIFR	LIFR_P42702_OID20606_v1_Inflammation.tar	https://www.synapse.org/Synapse:syn51469919	548003840		d2959af6bbd531eaef50bef328e716e7	syn51469919	syn51365303				
EUR	LIF	LIF_P15018_OID20824_v1_Neurology.tar	https://www.synapse.org/Synapse:syn51468615				syn51468615	syn51365303				
EUR	LILRA2	LILRA2_Q8N149_OID21152_v1_Neurology.tar	https://www.synapse.org/Synapse:syn51470958	548628480		da6a3f6c80f5852705161c0a3545a9db	syn51470958	syn51365303				
EUR	LILRA3	LILRA3_Q8N6C8_OID30376_v1_Cardiometabolic_II.tar	https://www.synapse.org/Synapse:syn52362124				syn52362124	syn51365303				
EUR	LILRA4	LILRA4_P59901_OID30162_v1_Cardiometabolic_II.tar	https://www.synapse.org/Synapse:syn52362411				syn52362411	syn51365303				
EUR	LILRA5	LILRA5_A6NI73_OID20209_v1_Cardiometabolic.tar	https://www.synapse.org/Synapse:syn51468712				syn51468712	syn51365303				
EUR	LILRA6	LILRA6_Q6PI73_OID30346_v1_Cardiometabolic_II.tar	https://www.synapse.org/Synapse:syn52363586	550246400		b4b877066bd851994b80905e5aff72ae	syn52363586	syn51365303				
EUR	LILRB1	LILRB1_Q8NHL6_OID20323_v1_Cardiometabolic.tar	https://www.synapse.org/Synapse:syn51469086	550144000		fa72cdae971f2b99283c9939e420cbe8	syn51469086	syn51365303				
EUR	LILRB2	LILRB2_Q8N423_OID20301_v1_Cardiometabolic.tar	https://www.synapse.org/Synapse:syn51468619				syn51468619	syn51365303				
EUR	LILRB4	LILRB4_Q8NHJ6_OID20429_v1_Inflammation.tar	https://www.synapse.org/Synapse:syn51469926	546662400		1017fccf14f101644210e87e07230fd4	syn51469926	syn51365303				
EUR	LILRB5	LILRB5_O75023_OID20324_v1_Cardiometabolic.tar	https://www.synapse.org/Synapse:syn51469508				syn51469508	syn51365303				
EUR	LIPF	LIPF_P07098_OID30266_v1_Cardiometabolic_II.tar	https://www.synapse.org/Synapse:syn52361266	545914880		38f3d09472a2aea0d65428255e8b2712	syn52361266	syn51365303				
EUR	LMNB1	LMNB1_P20700_OID31501_v1_Oncology_II.tar	https://www.synapse.org/Synapse:syn52361422				syn52361422	syn51365303				
EUR	LMNB2	LMNB2_Q03252_OID31109_v1_Neurology_II.tar	https://www.synapse.org/Synapse:syn52362598				syn52362598	syn51365303				
EUR	LMOD1	LMOD1_P29536_OID30212_v1_Cardiometabolic_II.tar	https://www.synapse.org/Synapse:syn52363622				syn52363622	syn51365303				
EUR	LMOD1	LMOD1_P29536_OID30547_v1_Inflammation_II.tar	https://www.synapse.org/Synapse:syn52362671				syn52362671	syn51365303				
EUR	LMOD1	LMOD1_P29536_OID31014_v1_Neurology_II.tar	https://www.synapse.org/Synapse:syn52362634	549068800		a2786a11e91e12924720e3e53886e772	syn52362634	syn51365303				
EUR	LMOD1	LMOD1_P29536_OID31416_v1_Oncology_II.tar	https://www.synapse.org/Synapse:syn52363004				syn52363004	syn51365303				
EUR	LMOD2	LMOD2_Q6P5Q4_OID30864_v1_Neurology_II.tar	https://www.synapse.org/Synapse:syn52363387				syn52363387	syn51365303				
EUR	LONP1	LONP1_P36776_OID30219_v1_Cardiometabolic_II.tar	https://www.synapse.org/Synapse:syn52361791				syn52361791	syn51365303				
EUR	LPA	LPA_P08519_OID30747_v1_Inflammation_II.tar	https://www.synapse.org/Synapse:syn52361776				syn52361776	syn51365303				
EUR	LPCAT2	LPCAT2_Q7L5N7_OID21290_v1_Oncology.tar	https://www.synapse.org/Synapse:syn51470909				syn51470909	syn51365303				
EUR	LPL	LPL_P06858_OID20188_v1_Cardiometabolic.tar	https://www.synapse.org/Synapse:syn51469090				syn51469090	syn51365303				
EUR	LPO	LPO_P22079_OID20963_v1_Neurology.tar	https://www.synapse.org/Synapse:syn51468791				syn51468791	syn51365303				
EUR	LPP	LPP_Q93052_OID30190_v1_Cardiometabolic_II.tar	https://www.synapse.org/Synapse:syn52361503				syn52361503	syn51365303				
EUR	LRCH4	LRCH4_O75427_OID30191_v1_Cardiometabolic_II.tar	https://www.synapse.org/Synapse:syn52361826	545146880		a967bc9d6faa55ec0b8a93bf2a09d368	syn52361826	syn51365303				
EUR	LRFN2	LRFN2_Q9ULH4_OID30895_v1_Neurology_II.tar	https://www.synapse.org/Synapse:syn52362445	545566720		6bcfd066fd35f9336509caff56935d26	syn52362445	syn51365303				
EUR	LRG1	LRG1_P02750_OID30751_v1_Inflammation_II.tar	https://www.synapse.org/Synapse:syn52361353				syn52361353	syn51365303				
EUR	LRIG1	LRIG1_Q96JA1_OID21429_v1_Oncology.tar	https://www.synapse.org/Synapse:syn51470141				syn51470141	syn51365303				
EUR	LRIG3	LRIG3_Q6UXM1_OID30450_v1_Inflammation_II.tar	https://www.synapse.org/Synapse:syn52361587	545075200		e1eb6269c5409aca1908eb46606d7c3d	syn52361587	syn51365303				
EUR	LRP11	LRP11_Q86VZ4_OID20185_v1_Cardiometabolic.tar	https://www.synapse.org/Synapse:syn51471245	548495360		1768a8d6d490284e56375c7afa6814ff	syn51471245	syn51365303				
EUR	LRP1	LRP1_Q07954_OID21293_v1_Oncology.tar	https://www.synapse.org/Synapse:syn51469538				syn51469538	syn51365303				
EUR	LRP2BP	LRP2BP_Q9P2M1_OID30907_v1_Neurology_II.tar	https://www.synapse.org/Synapse:syn52362513				syn52362513	syn51365303				
EUR	LRP2	LRP2_P98164_OID30960_v1_Neurology_II.tar	https://www.synapse.org/Synapse:syn52362011				syn52362011	syn51365303				
EUR	LRPAP1	LRPAP1_P30533_OID21059_v1_Neurology.tar	https://www.synapse.org/Synapse:syn51471427				syn51471427	syn51365303				
EUR	LRRC25	LRRC25_Q8N386_OID21333_v1_Oncology.tar	https://www.synapse.org/Synapse:syn51471390				syn51471390	syn51365303				
EUR	LRRC37A2	LRRC37A2_A6NM11_OID31440_v1_Oncology_II.tar	https://www.synapse.org/Synapse:syn52363503	550021120		e10ae6cb42e2e74454f2847e761ae3bc	syn52363503	syn51365303				
EUR	LRRC38	LRRC38_Q5VT99_OID30924_v1_Neurology_II.tar	https://www.synapse.org/Synapse:syn52363644				syn52363644	syn51365303				
EUR	LRRC59	LRRC59_Q96AG4_OID30361_v1_Cardiometabolic_II.tar	https://www.synapse.org/Synapse:syn52363477				syn52363477	syn51365303				
EUR	LRRFIP1	LRRFIP1_Q32MZ4_OID31344_v1_Oncology_II.tar	https://www.synapse.org/Synapse:syn52363466				syn52363466	syn51365303				
EUR	LRRN1	LRRN1_Q6UXK5_OID20438_v1_Inflammation.tar	https://www.synapse.org/Synapse:syn51470237				syn51470237	syn51365303				
EUR	LRTM1	LRTM1_Q9HBL6_OID30906_v1_Neurology_II.tar	https://www.synapse.org/Synapse:syn52362607				syn52362607	syn51365303				
EUR	LRTM2	LRTM2_Q8N967_OID31020_v1_Neurology_II.tar	https://www.synapse.org/Synapse:syn52362364				syn52362364	syn51365303				
EUR	LSM1	LSM1_O15116_OID21210_v1_Oncology.tar	https://www.synapse.org/Synapse:syn51469037				syn51469037	syn51365303				
EUR	LSM8	LSM8_O95777_OID31269_v1_Oncology_II.tar	https://www.synapse.org/Synapse:syn52362251				syn52362251	syn51365303				
EUR	LSP1	LSP1_P33241_OID20530_v1_Inflammation.tar	https://www.synapse.org/Synapse:syn51469118	548034560		5c5c9b0a7c7ea4237541a33b16ae1579	syn51469118	syn51365303				
EUR	LTA4H	LTA4H_P09960_OID21452_v1_Oncology.tar	https://www.synapse.org/Synapse:syn51469673	548976640		0063ab98c5e85194092702f78a8e4e48	syn51469673	syn51365303				
EUR	LTA	LTA_P01374_OID20586_v1_Inflammation.tar	https://www.synapse.org/Synapse:syn51471381				syn51471381	syn51365303				
EUR	LTBP2	LTBP2_Q14767_OID20254_v1_Cardiometabolic.tar	https://www.synapse.org/Synapse:syn51468411				syn51468411	syn51365303				
EUR	LTBP3	LTBP3_Q9NS15_OID21191_v1_Oncology.tar	https://www.synapse.org/Synapse:syn51468782	545638400		bc8d69a988bfd22d47c17343de89b436	syn51468782	syn51365303				
EUR	LTBR	LTBR_P36941_OID20768_v1_Inflammation.tar	https://www.synapse.org/Synapse:syn51468616				syn51468616	syn51365303				
EUR	LTB	LTB_Q06643_OID31383_v1_Oncology_II.tar	https://www.synapse.org/Synapse:syn52362439				syn52362439	syn51365303				
EUR	LTO1	LTO1_Q8WV07_OID20434_v1_Inflammation.tar	https://www.synapse.org/Synapse:syn51469486				syn51469486	syn51365303				
EUR	LUZP2	LUZP2_Q86TE4_OID31402_v1_Oncology_II.tar	https://www.synapse.org/Synapse:syn52362512				syn52362512	syn51365303				
EUR	LXN	LXN_Q9BS40_OID21003_v1_Neurology.tar	https://www.synapse.org/Synapse:syn51469561				syn51469561	syn51365303				
EUR	LY6D	LY6D_Q14210_OID20708_v1_Inflammation.tar	https://www.synapse.org/Synapse:syn51469142	547481600		b2b2c192adfc285ec44147dd621f9fcf	syn51469142	syn51365303				
EUR	LY75	LY75_O60449_OID20580_v1_Inflammation.tar	https://www.synapse.org/Synapse:syn51471426	549294080		e3a155707bccc9c9ca419f0ec009f9ec	syn51471426	syn51365303				
EUR	LY96	LY96_Q9Y6Y9_OID20945_v1_Neurology.tar	https://www.synapse.org/Synapse:syn51471402	547133440		093471334d4465524c1f81924e0d83fd	syn51471402	syn51365303				
EUR	LY9	LY9_Q9HBG7_OID20670_v1_Inflammation.tar	https://www.synapse.org/Synapse:syn51469877				syn51469877	syn51365303				
EUR	LYAR	LYAR_Q9NX58_OID21264_v1_Oncology.tar	https://www.synapse.org/Synapse:syn51469990				syn51469990	syn51365303				
EUR	LYN	LYN_P07948_OID21350_v1_Oncology.tar	https://www.synapse.org/Synapse:syn51468702				syn51468702	syn51365303				
EUR	LYPD1	LYPD1_Q8N2G4_OID20821_v1_Neurology.tar	https://www.synapse.org/Synapse:syn51469106				syn51469106	syn51365303				
EUR	LYPD3	LYPD3_O95274_OID21530_v1_Oncology.tar	https://www.synapse.org/Synapse:syn51468454	548198400		cd8e75b9482f76ffb4a94543dd2b68ba	syn51468454	syn51365303				
EUR	LYPD8	LYPD8_Q6UX82_OID21251_v1_Oncology.tar	https://www.synapse.org/Synapse:syn51470156	545556480		a9286bb905c58714cc51a7805f80ff53	syn51470156	syn51365303				
EUR	LYPLA2	LYPLA2_O95372_OID30817_v1_Neurology_II.tar	https://www.synapse.org/Synapse:syn52362217				syn52362217	syn51365303				
EUR	LYSMD3	LYSMD3_Q7Z3D4_OID30950_v1_Neurology_II.tar	https://www.synapse.org/Synapse:syn52363017				syn52363017	syn51365303				
EUR	LYVE1	LYVE1_Q9Y5Y7_OID30728_v1_Inflammation_II.tar	https://www.synapse.org/Synapse:syn52363601				syn52363601	syn51365303				
EUR	LYZL2	LYZL2_Q7Z4W2_OID31180_v1_Oncology_II.tar	https://www.synapse.org/Synapse:syn52362328				syn52362328	syn51365303				
EUR	LZTFL1	LZTFL1_Q9NQ48_OID30637_v1_Inflammation_II.tar	https://www.synapse.org/Synapse:syn52361981				syn52361981	syn51365303				
EUR	M6PR	M6PR_P20645_OID30208_v1_Cardiometabolic_II.tar	https://www.synapse.org/Synapse:syn52363045				syn52363045	syn51365303				
EUR	MAD1L1	MAD1L1_Q9Y6D9_OID20904_v1_Neurology.tar	https://www.synapse.org/Synapse:syn51468906	546764800		ffd4cace332938fbdd8955aeb7c877e7	syn51468906	syn51365303				
EUR	MAEA	MAEA_Q7L5Y9_OID21206_v1_Oncology.tar	https://www.synapse.org/Synapse:syn51469494				syn51469494	syn51365303				
EUR	MAGEA3	MAGEA3_P43357_OID31331_v1_Oncology_II.tar	https://www.synapse.org/Synapse:syn52361442				syn52361442	syn51365303				
EUR	MAGED1	MAGED1_Q9Y5V3_OID21181_v1_Oncology.tar	https://www.synapse.org/Synapse:syn51470096	545167360		c7e20e1766324dc43446098eade66d98	syn51470096	syn51365303				
EUR	MAG	MAG_P20916_OID30967_v1_Neurology_II.tar	https://www.synapse.org/Synapse:syn52363606				syn52363606	syn51365303				
EUR	MAMDC2	MAMDC2_Q7Z304_OID30309_v1_Cardiometabolic_II.tar	https://www.synapse.org/Synapse:syn52362492				syn52362492	syn51365303				
EUR	MAMDC4	MAMDC4_Q6UXC1_OID31342_v1_Oncology_II.tar	https://www.synapse.org/Synapse:syn52361390	548372480		ce7dfd7f4a74c2a83b1062c6a69c8af3	syn52361390	syn51365303				
EUR	MAN1A2	MAN1A2_O60476_OID30262_v1_Cardiometabolic_II.tar	https://www.synapse.org/Synapse:syn52362244				syn52362244	syn51365303				
EUR	MAN2B2	MAN2B2_Q9Y2E5_OID30306_v1_Cardiometabolic_II.tar	https://www.synapse.org/Synapse:syn52362685				syn52362685	syn51365303				
EUR	MANEAL	MANEAL_Q5VSG8_OID31244_v1_Oncology_II.tar	https://www.synapse.org/Synapse:syn52362156				syn52362156	syn51365303				
EUR	MANF	MANF_P55145_OID20707_v1_Inflammation.tar	https://www.synapse.org/Synapse:syn51470058				syn51470058	syn51365303				
EUR	MANSC1	MANSC1_Q9H8J5_OID21492_v1_Oncology.tar	https://www.synapse.org/Synapse:syn51470075	548372480		69819de4e1c282188daed7782011cc51	syn51470075	syn51365303				
EUR	MANSC4	MANSC4_A6NHS7_OID30141_v1_Cardiometabolic_II.tar	https://www.synapse.org/Synapse:syn52361447	545914880		b99cedf8ecef9f072918a42aeb814dd6	syn52361447	syn51365303				
EUR	MAP1LC3A	MAP1LC3A_Q9H492_OID30868_v1_Neurology_II.tar	https://www.synapse.org/Synapse:syn52361460				syn52361460	syn51365303				
EUR	MAP1LC3B2	MAP1LC3B2_A6NCE7_OID30074_v1_Cardiometabolic_II.tar	https://www.synapse.org/Synapse:syn52361893				syn52361893	syn51365303				
EUR	MAP2K1	MAP2K1_Q02750_OID31468_v1_Oncology_II.tar	https://www.synapse.org/Synapse:syn52363484				syn52363484	syn51365303				
EUR	MAP2K6	MAP2K6_P52564_OID20552_v1_Inflammation.tar	https://www.synapse.org/Synapse:syn51470628				syn51470628	syn51365303				
EUR	MAP2	MAP2_P11137_OID31138_v1_Neurology_II.tar	https://www.synapse.org/Synapse:syn52362735	548556800		d902b0a78216aa52d4eeb1e245416105	syn52362735	syn51365303				
EUR	MAP3K5	MAP3K5_Q99683_OID21253_v1_Oncology.tar	https://www.synapse.org/Synapse:syn51469714				syn51469714	syn51365303				
EUR	MAP4K5	MAP4K5_Q9Y4K4_OID20899_v1_Neurology.tar	https://www.synapse.org/Synapse:syn51468747				syn51468747	syn51365303				
EUR	MAPK13	MAPK13_O15264_OID31205_v1_Oncology_II.tar	https://www.synapse.org/Synapse:syn52362618				syn52362618	syn51365303				
EUR	MAPK9	MAPK9_P45984_OID20557_v1_Inflammation.tar	https://www.synapse.org/Synapse:syn51470211				syn51470211	syn51365303				
EUR	MAPKAPK2	MAPKAPK2_P49137_OID31293_v1_Oncology_II.tar	https://www.synapse.org/Synapse:syn52362738				syn52362738	syn51365303				
EUR	MAPRE3	MAPRE3_Q9UPY8_OID31177_v1_Oncology_II.tar	https://www.synapse.org/Synapse:syn52361920				syn52361920	syn51365303				
EUR	MAPT	MAPT_P10636_OID20830_v1_Neurology.tar	https://www.synapse.org/Synapse:syn51468621				syn51468621	syn51365303				
EUR	MARCO	MARCO_Q9UEW3_OID20210_v1_Cardiometabolic.tar	https://www.synapse.org/Synapse:syn51469646	548188160		95959d13d913b3485aa562a18d137e6b	syn51469646	syn51365303				
EUR	MARS1	MARS1_P56192_OID30658_v1_Inflammation_II.tar	https://www.synapse.org/Synapse:syn52361885				syn52361885	syn51365303				
EUR	MASP1	MASP1_P48740_OID20954_v1_Neurology.tar	https://www.synapse.org/Synapse:syn51469145	547082240		77caace03895856878938a9efa1945af	syn51469145	syn51365303				
EUR	MATN2	MATN2_O00339_OID20767_v1_Inflammation.tar	https://www.synapse.org/Synapse:syn51470834	548392960		60bd262254aa6b516d963b5b9b92a6cb	syn51470834	syn51365303				
EUR	MATN3	MATN3_O15232_OID20979_v1_Neurology.tar	https://www.synapse.org/Synapse:syn51470264				syn51470264	syn51365303				
EUR	MAVS	MAVS_Q7Z434_OID21204_v1_Oncology.tar	https://www.synapse.org/Synapse:syn51470236	545310720		bd453caa41dc60af90a59241b762e635	syn51470236	syn51365303				
EUR	MAX	MAX_P61244_OID20877_v1_Neurology.tar	https://www.synapse.org/Synapse:syn51469792				syn51469792	syn51365303				
EUR	MBL2	MBL2_P11226_OID30759_v1_Inflammation_II.tar	https://www.synapse.org/Synapse:syn52361473				syn52361473	syn51365303				
EUR	MB	MB_P02144_OID20263_v1_Cardiometabolic.tar	https://www.synapse.org/Synapse:syn51468641	549980160		474236e3a9aadc14bd550d8b508f1d21	syn51468641	syn51365303				
EUR	MCAM	MCAM_P43121_OID20343_v1_Cardiometabolic.tar	https://www.synapse.org/Synapse:syn51468812	548556800		8efe991a1ea54b3b82212fc1c425cd1d	syn51468812	syn51365303				
EUR	MCEE	MCEE_Q96PE7_OID31033_v1_Neurology_II.tar	https://www.synapse.org/Synapse:syn52361730				syn52361730	syn51365303				
EUR	MCEMP1	MCEMP1_Q8IX19_OID30501_v1_Inflammation_II.tar	https://www.synapse.org/Synapse:syn52361448				syn52361448	syn51365303				
EUR	MCFD2	MCFD2_Q8NI22_OID20171_v1_Cardiometabolic.tar	https://www.synapse.org/Synapse:syn51470370	547778560		8720b122adff5ee704e5a3410a10f2f6	syn51470370	syn51365303				
EUR	MCTS1	MCTS1_Q9ULC4_OID31444_v1_Oncology_II.tar	https://www.synapse.org/Synapse:syn52362305				syn52362305	syn51365303				
EUR	MDGA1	MDGA1_Q8NFP4_OID20951_v1_Neurology.tar	https://www.synapse.org/Synapse:syn51468612				syn51468612	syn51365303				
EUR	MDH1	MDH1_P40925_OID30669_v1_Inflammation_II.tar	https://www.synapse.org/Synapse:syn52362706				syn52362706	syn51365303				
EUR	MDK	MDK_P21741_OID21489_v1_Oncology.tar	https://www.synapse.org/Synapse:syn51468479	548464640		2370c5a564f8d09b9ef54fe20c3578af	syn51468479	syn51365303				
EUR	MDM1	MDM1_Q8TC05_OID30945_v1_Neurology_II.tar	https://www.synapse.org/Synapse:syn52362757				syn52362757	syn51365303				
EUR	MECR	MECR_Q9BV79_OID30274_v1_Cardiometabolic_II.tar	https://www.synapse.org/Synapse:syn52362968	545699840		5cc65fb8dc9086da21bc1ac6b03d2771	syn52362968	syn51365303				
EUR	MED18	MED18_Q9BUE0_OID21236_v1_Oncology.tar	https://www.synapse.org/Synapse:syn51469769				syn51469769	syn51365303				
EUR	MED21	MED21_Q13503_OID30066_v1_Cardiometabolic_II.tar	https://www.synapse.org/Synapse:syn52363156				syn52363156	syn51365303				
EUR	MEGF10	MEGF10_Q96KG7_OID20746_v1_Inflammation.tar	https://www.synapse.org/Synapse:syn51469075	548341760		4ace80902c1793679d77d6a3574a09d3	syn51469075	syn51365303				
EUR	MEGF11	MEGF11_A6BM72_OID30099_v1_Cardiometabolic_II.tar	https://www.synapse.org/Synapse:syn52361918				syn52361918	syn51365303				
EUR	MEGF9	MEGF9_Q9H1U4_OID20285_v1_Cardiometabolic.tar	https://www.synapse.org/Synapse:syn51470984				syn51470984	syn51365303				
EUR	MELTF	MELTF_P08582_OID30347_v1_Cardiometabolic_II.tar	https://www.synapse.org/Synapse:syn52362678	549447680		07c71b9a7651482c32b79e03d2599fef	syn52362678	syn51365303				
EUR	MENT	MENT_Q9BUN1_OID30595_v1_Inflammation_II.tar	https://www.synapse.org/Synapse:syn52362687	546816000		26189242cf6443167a5f75b45c365afa	syn52362687	syn51365303				
EUR	MEP1A	MEP1A_Q16819_OID31459_v1_Oncology_II.tar	https://www.synapse.org/Synapse:syn52361326				syn52361326	syn51365303				
EUR	MEP1B	MEP1B_Q16820_OID20168_v1_Cardiometabolic.tar	https://www.synapse.org/Synapse:syn51471270	549672960		b9ca4ff67f5737a636e44a361c6a1907	syn51471270	syn51365303				
EUR	MEPE	MEPE_Q9NQ76_OID20753_v1_Inflammation.tar	https://www.synapse.org/Synapse:syn51470035	548065280		e7eda833b6cd7df05729ad9780af219c	syn51470035	syn51365303				
EUR	MERTK	MERTK_Q12866_OID20657_v1_Inflammation.tar	https://www.synapse.org/Synapse:syn51470745	549437440		56865aec089113e31a548457f18d2113	syn51470745	syn51365303				
EUR	MESD	MESD_Q14696_OID21099_v1_Neurology.tar	https://www.synapse.org/Synapse:syn51471282				syn51471282	syn51365303				
EUR	METAP1D	METAP1D_Q6UB28_OID20519_v1_Inflammation.tar	https://www.synapse.org/Synapse:syn51470184	547860480		02bb8fc553e71dea837d06a5b89ec922	syn51470184	syn51365303				
EUR	METAP1	METAP1_P53582_OID20815_v1_Neurology.tar	https://www.synapse.org/Synapse:syn51468886				syn51468886	syn51365303				
EUR	METAP2	METAP2_P50579_OID21437_v1_Oncology.tar	https://www.synapse.org/Synapse:syn51470100	548761600		e3048a0a76ad676c0af7f5af8899caf5	syn51470100	syn51365303				
EUR	MET	MET_P08581_OID20269_v1_Cardiometabolic.tar	https://www.synapse.org/Synapse:syn51470941	549171200		62b3a1fa5dbfbde4f5d20d589d6cecc1	syn51470941	syn51365303				
EUR	MFAP3L	MFAP3L_O75121_OID30933_v1_Neurology_II.tar	https://www.synapse.org/Synapse:syn52361382				syn52361382	syn51365303				
EUR	MFAP3	MFAP3_P55082_OID20057_v1_Cardiometabolic.tar	https://www.synapse.org/Synapse:syn51469984				syn51469984	syn51365303				
EUR	MFAP4	MFAP4_P55083_OID30598_v1_Inflammation_II.tar	https://www.synapse.org/Synapse:syn52361629				syn52361629	syn51365303				
EUR	MFAP5	MFAP5_Q13361_OID20239_v1_Cardiometabolic.tar	https://www.synapse.org/Synapse:syn51469323				syn51469323	syn51365303				
EUR	MFGE8	MFGE8_Q08431_OID21134_v1_Neurology.tar	https://www.synapse.org/Synapse:syn51469554	548096000		2f5a2fbd697eb77aab8ea329b9784cd9	syn51469554	syn51365303				
EUR	MGLL	MGLL_Q99685_OID20711_v1_Inflammation.tar	https://www.synapse.org/Synapse:syn51470160				syn51470160	syn51365303				
EUR	MGMT	MGMT_P16455_OID20588_v1_Inflammation.tar	https://www.synapse.org/Synapse:syn51470904				syn51470904	syn51365303				
EUR	MIA	MIA_Q16674_OID21531_v1_Oncology.tar	https://www.synapse.org/Synapse:syn51470192				syn51470192	syn51365303				
EUR	MICALL2	MICALL2_Q8IY33_OID30889_v1_Neurology_II.tar	https://www.synapse.org/Synapse:syn52361621				syn52361621	syn51365303				
EUR	MICB	MICB_MICA_Q29980_Q29983_OID20593_v1_Inflammation.tar	https://www.synapse.org/Synapse:syn51468471	549447680		6cac6a582f3fb3e34279f360a206723a	syn51468471	syn51365303				
EUR	MIF	MIF_P14174_OID21073_v1_Neurology.tar	https://www.synapse.org/Synapse:syn51470937	547737600		0756aab137656817f7c9d83ff2d07920	syn51470937	syn51365303				
EUR	MILR1	MILR1_Q7Z6M3_OID20482_v1_Inflammation.tar	https://www.synapse.org/Synapse:syn51470259	546232320		ce1384db3c6a468345351a51b7e4d97b	syn51470259	syn51365303				
EUR	MINDY1	MINDY1_Q8N5J2_OID31399_v1_Oncology_II.tar	https://www.synapse.org/Synapse:syn52362625	548311040		669ae146a1e65e0e8dfc469468bd479d	syn52362625	syn51365303				
EUR	MINK1	MINK1_Q8N4C8_OID31156_v1_Neurology_II.tar	https://www.synapse.org/Synapse:syn52363016				syn52363016	syn51365303				
EUR	MITD1	MITD1_Q8WV92_OID20959_v1_Neurology.tar	https://www.synapse.org/Synapse:syn51468988				syn51468988	syn51365303				
EUR	MKI67	MKI67_P46013_OID30455_v1_Inflammation_II.tar	https://www.synapse.org/Synapse:syn52362511				syn52362511	syn51365303				
EUR	MLLT1	MLLT1_Q03111_OID31211_v1_Oncology_II.tar	https://www.synapse.org/Synapse:syn52361419				syn52361419	syn51365303				
EUR	MLN	MLN_P12872_OID20541_v1_Inflammation.tar	https://www.synapse.org/Synapse:syn51468734	548464640		47fe352cb9a407120187363fe388ce2b	syn51468734	syn51365303				
EUR	MME	MME_P08473_OID21307_v1_Oncology.tar	https://www.synapse.org/Synapse:syn51470229	547880960		1af50c69fe4e8d8e533dbabe7c5cd64c	syn51470229	syn51365303				
EUR	MMP10	MMP10_P09238_OID20687_v1_Inflammation.tar	https://www.synapse.org/Synapse:syn51470913				syn51470913	syn51365303				
EUR	MMP12	MMP12_P39900_OID21439_v1_Oncology.tar	https://www.synapse.org/Synapse:syn51469901				syn51469901	syn51365303				
EUR	MMP13	MMP13_P45452_OID20807_v1_Neurology.tar	https://www.synapse.org/Synapse:syn51471215				syn51471215	syn51365303				
EUR	MMP15	MMP15_P51511_OID30299_v1_Cardiometabolic_II.tar	https://www.synapse.org/Synapse:syn52362812				syn52362812	syn51365303				
EUR	MMP1	MMP1_P03956_OID20672_v1_Inflammation.tar	https://www.synapse.org/Synapse:syn51468526	543447040		946e0487eca008e42aedd14dc0b0f5e3	syn51468526	syn51365303				
EUR	MMP3	MMP3_P08254_OID21083_v1_Neurology.tar	https://www.synapse.org/Synapse:syn51470108				syn51470108	syn51365303				
EUR	MMP7	MMP7_P09237_OID20087_v1_Cardiometabolic.tar	https://www.synapse.org/Synapse:syn51469139				syn51469139	syn51365303				
EUR	MMP8	MMP8_P22894_OID21019_v1_Neurology.tar	https://www.synapse.org/Synapse:syn51469904				syn51469904	syn51365303				
EUR	MMP9	MMP9_P14780_OID21103_v1_Neurology.tar	https://www.synapse.org/Synapse:syn51469362				syn51469362	syn51365303				
EUR	MMUT	MMUT_P22033_OID30159_v1_Cardiometabolic_II.tar	https://www.synapse.org/Synapse:syn52362018				syn52362018	syn51365303				
EUR	MN1	MN1_Q10571_OID30908_v1_Neurology_II.tar	https://www.synapse.org/Synapse:syn52362431				syn52362431	syn51365303				
EUR	MNAT1	MNAT1_P51948_OID31327_v1_Oncology_II.tar	https://www.synapse.org/Synapse:syn52363050				syn52363050	syn51365303				
EUR	MNDA	MNDA_P41218_OID20156_v1_Cardiometabolic.tar	https://www.synapse.org/Synapse:syn51470955				syn51470955	syn51365303				
EUR	MOCS2	MOCS2_O96007_OID30638_v1_Inflammation_II.tar	https://www.synapse.org/Synapse:syn52363530				syn52363530	syn51365303				
EUR	MOG	MOG_Q16653_OID21384_v1_Oncology.tar	https://www.synapse.org/Synapse:syn51470915				syn51470915	syn51365303				
EUR	MORC3	MORC3_Q14149_OID31073_v1_Neurology_II.tar	https://www.synapse.org/Synapse:syn52361930				syn52361930	syn51365303				
EUR	MORF4L1	MORF4L1_Q9UBU8_OID31257_v1_Oncology_II.tar	https://www.synapse.org/Synapse:syn52362161				syn52362161	syn51365303				
EUR	MORF4L2	MORF4L2_Q15014_OID31160_v1_Oncology_II.tar	https://www.synapse.org/Synapse:syn52362580				syn52362580	syn51365303				
EUR	MORN4	MORN4_Q8NDC4_OID31217_v1_Oncology_II.tar	https://www.synapse.org/Synapse:syn52361572				syn52361572	syn51365303				
EUR	MPHOSPH8	MPHOSPH8_Q99549_OID20092_v1_Cardiometabolic.tar	https://www.synapse.org/Synapse:syn51471353	545751040		6aaeac4cfcab7c22e1eb0e4710b3ca9f	syn51471353	syn51365303				
EUR	MPIG6B	MPIG6B_O95866_OID20779_v1_Inflammation.tar	https://www.synapse.org/Synapse:syn51469026				syn51469026	syn51365303				
EUR	MPI	MPI_P34949_OID21288_v1_Oncology.tar	https://www.synapse.org/Synapse:syn51468697				syn51468697	syn51365303				
EUR	MPO	MPO_P05164_OID21100_v1_Neurology.tar	https://www.synapse.org/Synapse:syn51469805				syn51469805	syn51365303				
EUR	MPRIP	MPRIP_Q6WCQ1_OID31420_v1_Oncology_II.tar	https://www.synapse.org/Synapse:syn52361497				syn52361497	syn51365303				
EUR	MRC1	MRC1_P22897_OID30694_v1_Inflammation_II.tar	https://www.synapse.org/Synapse:syn52362646				syn52362646	syn51365303				
EUR	MRI1	MRI1_Q9BV20_OID30891_v1_Neurology_II.tar	https://www.synapse.org/Synapse:syn52363031				syn52363031	syn51365303				
EUR	MRPL24	MRPL24_Q96A35_OID30178_v1_Cardiometabolic_II.tar	https://www.synapse.org/Synapse:syn52363035				syn52363035	syn51365303				
EUR	MRPL28	MRPL28_Q13084_OID31023_v1_Neurology_II.tar	https://www.synapse.org/Synapse:syn52363654				syn52363654	syn51365303				
EUR	MRPL46	MRPL46_Q9H2W6_OID20858_v1_Neurology.tar	https://www.synapse.org/Synapse:syn51468996				syn51468996	syn51365303				
EUR	MRPL52	MRPL52_Q86TS9_OID31239_v1_Oncology_II.tar	https://www.synapse.org/Synapse:syn52363064				syn52363064	syn51365303				
EUR	MRPL58	MRPL58_Q14197_OID31036_v1_Neurology_II.tar	https://www.synapse.org/Synapse:syn52361760				syn52361760	syn51365303				
EUR	MRPS16	MRPS16_Q9Y3D3_OID30489_v1_Inflammation_II.tar	https://www.synapse.org/Synapse:syn52362660				syn52362660	syn51365303				
EUR	MSLNL	MSLNL_Q96KJ4_OID30939_v1_Neurology_II.tar	https://www.synapse.org/Synapse:syn52363646				syn52363646	syn51365303				
EUR	MSLN	MSLN_Q13421_OID21380_v1_Oncology.tar	https://www.synapse.org/Synapse:syn51469070				syn51469070	syn51365303				
EUR	MSMB	MSMB_P08118_OID20275_v1_Cardiometabolic.tar	https://www.synapse.org/Synapse:syn51468800				syn51468800	syn51365303				
EUR	MSR1	MSR1_P21757_OID21063_v1_Neurology.tar	https://www.synapse.org/Synapse:syn51469208	549396480		36c33545dc05ad58bf93e378e61cae0a	syn51469208	syn51365303				
EUR	MSRA	MSRA_Q9UJ68_OID21513_v1_Oncology.tar	https://www.synapse.org/Synapse:syn51470518				syn51470518	syn51365303				
EUR	MST1	MST1_P26927_OID30713_v1_Inflammation_II.tar	https://www.synapse.org/Synapse:syn52363520	548823040		cd38f2b64965d59985c3956dd5929872	syn52363520	syn51365303				
EUR	MSTN	MSTN_O14793_OID20115_v1_Cardiometabolic.tar	https://www.synapse.org/Synapse:syn51471262				syn51471262	syn51365303				
EUR	MTDH	MTDH_Q86UE4_OID30538_v1_Inflammation_II.tar	https://www.synapse.org/Synapse:syn52361610				syn52361610	syn51365303				
EUR	MTHFD2	MTHFD2_P13995_OID31078_v1_Neurology_II.tar	https://www.synapse.org/Synapse:syn52362410				syn52362410	syn51365303				
EUR	MTHFSD	MTHFSD_Q2M296_OID31305_v1_Oncology_II.tar	https://www.synapse.org/Synapse:syn52362550				syn52362550	syn51365303				
EUR	MTIF3	MTIF3_Q9H2K0_OID31513_v1_Oncology_II.tar	https://www.synapse.org/Synapse:syn52361881	548290560		e89b24e10524fe8964d923bc595b6878	syn52361881	syn51365303				
EUR	MTPN	MTPN_P58546_OID20080_v1_Cardiometabolic.tar	https://www.synapse.org/Synapse:syn51470469				syn51470469	syn51365303				
EUR	MTR	MTR_Q99707_OID30110_v1_Cardiometabolic_II.tar	https://www.synapse.org/Synapse:syn52361613				syn52361613	syn51365303				
EUR	MTSS1	MTSS1_O43312_OID31492_v1_Oncology_II.tar	https://www.synapse.org/Synapse:syn52361852				syn52361852	syn51365303				
EUR	MTSS2	MTSS2_Q765P7_OID31409_v1_Oncology_II.tar	https://www.synapse.org/Synapse:syn52362679	548270080		289bc2038a0af0d62e967a8c28a4e37e	syn52362679	syn51365303				
EUR	MTUS1	MTUS1_Q9ULD2_OID31315_v1_Oncology_II.tar	https://www.synapse.org/Synapse:syn52363003				syn52363003	syn51365303				
EUR	MUC13	MUC13_Q9H3R2_OID20866_v1_Neurology.tar	https://www.synapse.org/Synapse:syn51470249				syn51470249	syn51365303				
EUR	MUC16	MUC16_Q8WXI7_OID21378_v1_Oncology.tar	https://www.synapse.org/Synapse:syn51469906				syn51469906	syn51365303				
EUR	MUC2	MUC2_Q02817_OID30377_v1_Cardiometabolic_II.tar	https://www.synapse.org/Synapse:syn52362546	549652480		7bd90749dce2ea1a2c995d25608ed387	syn52362546	syn51365303				
EUR	MUCL3	MUCL3_Q3MIW9_OID31170_v1_Oncology_II.tar	https://www.synapse.org/Synapse:syn52361974				syn52361974	syn51365303				
EUR	MVK	MVK_Q03426_OID20459_v1_Inflammation.tar	https://www.synapse.org/Synapse:syn51470487				syn51470487	syn51365303				
EUR	MXRA8	MXRA8_Q9BRK3_OID30583_v1_Inflammation_II.tar	https://www.synapse.org/Synapse:syn52361932	546478080		d23e56adbbf3c73d8ff6783fe68f3cea	syn52361932	syn51365303				
EUR	MYBPC1	MYBPC1_Q00872_OID30296_v1_Cardiometabolic_II.tar	https://www.synapse.org/Synapse:syn52361608	549160960		59370a15b7b5ee823f8733d7837e7f2c	syn52361608	syn51365303				
EUR	MYBPC2	MYBPC2_Q14324_OID30199_v1_Cardiometabolic_II.tar	https://www.synapse.org/Synapse:syn52361946	545945600		05ad80bfaf2075f96b64ca9ab39826f5	syn52361946	syn51365303				
EUR	MYCBP2	MYCBP2_O75592_OID30996_v1_Neurology_II.tar	https://www.synapse.org/Synapse:syn52363669				syn52363669	syn51365303				
EUR	MYDGF	MYDGF_Q969H8_OID30313_v1_Cardiometabolic_II.tar	https://www.synapse.org/Synapse:syn52361875				syn52361875	syn51365303				
EUR	MYH4	MYH4_Q9Y623_OID30061_v1_Cardiometabolic_II.tar	https://www.synapse.org/Synapse:syn52361933				syn52361933	syn51365303				
EUR	MYH7B	MYH7B_A7E2Y1_OID31178_v1_Oncology_II.tar	https://www.synapse.org/Synapse:syn52363630				syn52363630	syn51365303				
EUR	MYH9	MYH9_P35579_OID30382_v1_Cardiometabolic_II.tar	https://www.synapse.org/Synapse:syn52362458	548792320		d5c64a65db4e90219185f5b8ea35b2e1	syn52362458	syn51365303				
EUR	MYL1	MYL1_P05976_OID30120_v1_Cardiometabolic_II.tar	https://www.synapse.org/Synapse:syn52361858				syn52361858	syn51365303				
EUR	MYL3	MYL3_P08590_OID30251_v1_Cardiometabolic_II.tar	https://www.synapse.org/Synapse:syn52362049				syn52362049	syn51365303				
EUR	MYL4	MYL4_P12829_OID30245_v1_Cardiometabolic_II.tar	https://www.synapse.org/Synapse:syn52362505	545884160		05b74f311f2236d990b76c7a9eb524ec	syn52362505	syn51365303				
EUR	MYL6B	MYL6B_P14649_OID30936_v1_Neurology_II.tar	https://www.synapse.org/Synapse:syn52363379				syn52363379	syn51365303				
EUR	MYLPF	MYLPF_Q96A32_OID30917_v1_Neurology_II.tar	https://www.synapse.org/Synapse:syn52362435				syn52362435	syn51365303				
EUR	MYO6	MYO6_Q9UM54_OID30989_v1_Neurology_II.tar	https://www.synapse.org/Synapse:syn52361619				syn52361619	syn51365303				
EUR	MYO9B	MYO9B_Q13459_OID20451_v1_Inflammation.tar	https://www.synapse.org/Synapse:syn51470178				syn51470178	syn51365303				
EUR	MYOC	MYOC_Q99972_OID21121_v1_Neurology.tar	https://www.synapse.org/Synapse:syn51470129	548290560		f38387e97d0875eb3b33f52d7ba23c87	syn51470129	syn51365303				
EUR	MYOM1	MYOM1_P52179_OID30834_v1_Neurology_II.tar	https://www.synapse.org/Synapse:syn52363176				syn52363176	syn51365303				
EUR	MYOM2	MYOM2_P54296_OID30131_v1_Cardiometabolic_II.tar	https://www.synapse.org/Synapse:syn52361435	545105920		f682c71969a31276d19ced5cf0d845e3	syn52361435	syn51365303				
EUR	MYOM3	MYOM3_Q5VTT5_OID30633_v1_Inflammation_II.tar	https://www.synapse.org/Synapse:syn52362524	546478080		6121546ddb5e0633b7e4da404ee0088c	syn52362524	syn51365303				
EUR	MZB1	MZB1_Q8WU39_OID20732_v1_Inflammation.tar	https://www.synapse.org/Synapse:syn51469571				syn51469571	syn51365303				
EUR	MZT1	MZT1_Q08AG7_OID21186_v1_Oncology.tar	https://www.synapse.org/Synapse:syn51471263	545259520		19c439411346480b0c0d44ce7ac072f1	syn51471263	syn51365303				
EUR	NAA10	NAA10_P41227_OID30188_v1_Cardiometabolic_II.tar	https://www.synapse.org/Synapse:syn52361609				syn52361609	syn51365303				
EUR	NAA80	NAA80_Q93015_OID30893_v1_Neurology_II.tar	https://www.synapse.org/Synapse:syn52361799	545638400		b8a57da7bb8f6b9ebf513494df6188bf	syn52361799	syn51365303				
EUR	NAAA	NAAA_Q02083_OID20931_v1_Neurology.tar	https://www.synapse.org/Synapse:syn51469365	547123200		4ac46e689f94235ed350daea5c7c4d6d	syn51469365	syn51365303				
EUR	NACC1	NACC1_Q96RE7_OID31393_v1_Oncology_II.tar	https://www.synapse.org/Synapse:syn52363572				syn52363572	syn51365303				
EUR	NADK	NADK_O95544_OID20178_v1_Cardiometabolic.tar	https://www.synapse.org/Synapse:syn51470016				syn51470016	syn51365303				
EUR	NAGA	NAGA_P17050_OID30509_v1_Inflammation_II.tar	https://www.synapse.org/Synapse:syn52363077	545290240		d7b1651e3002368bec001ca5c9b9e98b	syn52363077	syn51365303				
EUR	NAGK	NAGK_Q9UJ70_OID30271_v1_Cardiometabolic_II.tar	https://www.synapse.org/Synapse:syn52362501	545587200		87ec98e8bc3a2aa87def1561fb068dbb	syn52362501	syn51365303				
EUR	NAGPA	NAGPA_Q9UK23_OID30643_v1_Inflammation_II.tar	https://www.synapse.org/Synapse:syn52361565	546375680		e4a82d2a87de40e9028dad7769206a35	syn52361565	syn51365303				
EUR	NAMPT	NAMPT_P43490_OID21227_v1_Oncology.tar	https://www.synapse.org/Synapse:syn51469285				syn51469285	syn51365303				
EUR	NAP1L4	NAP1L4_Q99733_OID31475_v1_Oncology_II.tar	https://www.synapse.org/Synapse:syn52361825				syn52361825	syn51365303				
EUR	NAPRT	NAPRT_Q6XQN6_OID31114_v1_Neurology_II.tar	https://www.synapse.org/Synapse:syn52362961				syn52362961	syn51365303				
EUR	NARS1	NARS1_O43776_OID31035_v1_Neurology_II.tar	https://www.synapse.org/Synapse:syn52362941				syn52362941	syn51365303				
EUR	NBL1	NBL1_P41271_OID21486_v1_Oncology.tar	https://www.synapse.org/Synapse:syn51469325				syn51469325	syn51365303				
EUR	NBN	NBN_O60934_OID20442_v1_Inflammation.tar	https://www.synapse.org/Synapse:syn51468705				syn51468705	syn51365303				
EUR	NCAM1	NCAM1_P13591_OID20354_v1_Cardiometabolic.tar	https://www.synapse.org/Synapse:syn51469937				syn51469937	syn51365303				
EUR	NCAM2	NCAM2_O15394_OID21095_v1_Neurology.tar	https://www.synapse.org/Synapse:syn51469060				syn51469060	syn51365303				
EUR	NCAN	NCAN_O14594_OID21055_v1_Neurology.tar	https://www.synapse.org/Synapse:syn51470022				syn51470022	syn51365303				
EUR	NCF2	NCF2_P19878_OID20567_v1_Inflammation.tar	https://www.synapse.org/Synapse:syn51469723				syn51469723	syn51365303				
EUR	NCK2	NCK2_O43639_OID20683_v1_Inflammation.tar	https://www.synapse.org/Synapse:syn51468916				syn51468916	syn51365303				
EUR	NCLN	NCLN_Q969V3_OID20448_v1_Inflammation.tar	https://www.synapse.org/Synapse:syn51471343				syn51471343	syn51365303				
EUR	NCR1	NCR1_O76036_OID20566_v1_Inflammation.tar	https://www.synapse.org/Synapse:syn51468711	548003840		bbd8123cc90b4b09fc545fd0a2bf53c9	syn51468711	syn51365303				
EUR	NCR3LG1	NCR3LG1_Q68D85_OID31490_v1_Oncology_II.tar	https://www.synapse.org/Synapse:syn52363459				syn52363459	syn51365303				
EUR	NCS1	NCS1_P62166_OID21458_v1_Oncology.tar	https://www.synapse.org/Synapse:syn51471407				syn51471407	syn51365303				
EUR	NDRG1	NDRG1_Q92597_OID20792_v1_Neurology.tar	https://www.synapse.org/Synapse:syn51469885				syn51469885	syn51365303				
EUR	NDST1	NDST1_P52848_OID31369_v1_Oncology_II.tar	https://www.synapse.org/Synapse:syn52363266				syn52363266	syn51365303				
EUR	NDUFA5	NDUFA5_Q16718_OID30520_v1_Inflammation_II.tar	https://www.synapse.org/Synapse:syn52363346				syn52363346	syn51365303				
EUR	NDUFB7	NDUFB7_P17568_OID31521_v1_Oncology_II.tar	https://www.synapse.org/Synapse:syn52362963				syn52362963	syn51365303				
EUR	NDUFS6	NDUFS6_O75380_OID21224_v1_Oncology.tar	https://www.synapse.org/Synapse:syn51471315				syn51471315	syn51365303				
EUR	NEB	NEB_P20929_OID30105_v1_Cardiometabolic_II.tar	https://www.synapse.org/Synapse:syn52361980				syn52361980	syn51365303				
EUR	NECAP2	NECAP2_Q9NVZ3_OID30089_v1_Cardiometabolic_II.tar	https://www.synapse.org/Synapse:syn52362060				syn52362060	syn51365303				
EUR	NECTIN1	NECTIN1_Q15223_OID30545_v1_Inflammation_II.tar	https://www.synapse.org/Synapse:syn52362027				syn52362027	syn51365303				
EUR	NECTIN2	NECTIN2_Q92692_OID20222_v1_Cardiometabolic.tar	https://www.synapse.org/Synapse:syn51471139				syn51471139	syn51365303				
EUR	NECTIN4	NECTIN4_Q96NY8_OID21490_v1_Oncology.tar	https://www.synapse.org/Synapse:syn51470023				syn51470023	syn51365303				
EUR	NEDD4L	NEDD4L_Q96PU5_OID30521_v1_Inflammation_II.tar	https://www.synapse.org/Synapse:syn52362726				syn52362726	syn51365303				
EUR	NEDD9	NEDD9_Q14511_OID30503_v1_Inflammation_II.tar	https://www.synapse.org/Synapse:syn52363261				syn52363261	syn51365303				
EUR	NEFL	NEFL_P07196_OID20871_v1_Neurology.tar	https://www.synapse.org/Synapse:syn51469014				syn51469014	syn51365303				
EUR	NEK7	NEK7_Q8TDX7_OID31250_v1_Oncology_II.tar	https://www.synapse.org/Synapse:syn52362785				syn52362785	syn51365303				
EUR	NELL1	NELL1_Q92832_OID21494_v1_Oncology.tar	https://www.synapse.org/Synapse:syn51469719	548669440		7078bf9e476c68d84cbc259563b7559c	syn51469719	syn51365303				
EUR	NELL2	NELL2_Q99435_OID20706_v1_Inflammation.tar	https://www.synapse.org/Synapse:syn51469063				syn51469063	syn51365303				
EUR	NENF	NENF_Q9UMX5_OID31354_v1_Oncology_II.tar	https://www.synapse.org/Synapse:syn52362440				syn52362440	syn51365303				
EUR	NEO1	NEO1_Q92859_OID31066_v1_Neurology_II.tar	https://www.synapse.org/Synapse:syn52362427				syn52362427	syn51365303				
EUR	NEXN	NEXN_Q0ZGT2_OID30678_v1_Inflammation_II.tar	https://www.synapse.org/Synapse:syn52363661				syn52363661	syn51365303				
EUR	NFASC	NFASC_O94856_OID20634_v1_Inflammation.tar	https://www.synapse.org/Synapse:syn51468940	549703680		d01186a1d6c795b377d6a8bd15cd394f	syn51468940	syn51365303				
EUR	NFAT5	NFAT5_O94916_OID30522_v1_Inflammation_II.tar	https://www.synapse.org/Synapse:syn52361255				syn52361255	syn51365303				
EUR	NFATC1	NFATC1_O95644_OID20545_v1_Inflammation.tar	https://www.synapse.org/Synapse:syn51471027				syn51471027	syn51365303				
EUR	NFATC3	NFATC3_Q12968_OID20470_v1_Inflammation.tar	https://www.synapse.org/Synapse:syn51470355				syn51470355	syn51365303				
EUR	NFE2	NFE2_Q16621_OID30268_v1_Cardiometabolic_II.tar	https://www.synapse.org/Synapse:syn52362983	545822720		5482447b30a73d81f7115be1eccf0b33	syn52362983	syn51365303				
EUR	NFIC	NFIC_P08651_OID30988_v1_Neurology_II.tar	https://www.synapse.org/Synapse:syn52361432				syn52361432	syn51365303				
EUR	NFKB1	NFKB1_P19838_OID30160_v1_Cardiometabolic_II.tar	https://www.synapse.org/Synapse:syn52361796				syn52361796	syn51365303				
EUR	NFKB2	NFKB2_Q00653_OID31258_v1_Oncology_II.tar	https://www.synapse.org/Synapse:syn52362366				syn52362366	syn51365303				
EUR	NFKBIE	NFKBIE_O00221_OID21212_v1_Oncology.tar	https://www.synapse.org/Synapse:syn51471363				syn51471363	syn51365303				
EUR	NFU1	NFU1_Q9UMS0_OID31510_v1_Oncology_II.tar	https://www.synapse.org/Synapse:syn52363563				syn52363563	syn51365303				
EUR	NFX1	NFX1_Q12986_OID30158_v1_Cardiometabolic_II.tar	https://www.synapse.org/Synapse:syn52362417				syn52362417	syn51365303				
EUR	NFYA	NFYA_P23511_OID30134_v1_Cardiometabolic_II.tar	https://www.synapse.org/Synapse:syn52361561	545034240		844bfb1f2c1526f66abbd09fee64b03b	syn52361561	syn51365303				
EUR	NGFR	NGFR_P08138_OID30300_v1_Cardiometabolic_II.tar	https://www.synapse.org/Synapse:syn52361514				syn52361514	syn51365303				
EUR	NGF	NGF_P01138_OID20920_v1_Neurology.tar	https://www.synapse.org/Synapse:syn51471267				syn51471267	syn51365303				
EUR	NGRN	NGRN_Q9NPE2_OID31115_v1_Neurology_II.tar	https://www.synapse.org/Synapse:syn52362378				syn52362378	syn51365303				
EUR	NHLRC3	NHLRC3_Q5JS37_OID30614_v1_Inflammation_II.tar	https://www.synapse.org/Synapse:syn52361329				syn52361329	syn51365303				
EUR	NID1	NID1_P14543_OID20362_v1_Cardiometabolic.tar	https://www.synapse.org/Synapse:syn51469406	548014080		75545fdf815fd792221d159719194b1e	syn51469406	syn51365303				
EUR	NID2	NID2_Q14112_OID21085_v1_Neurology.tar	https://www.synapse.org/Synapse:syn51468415				syn51468415	syn51365303				
EUR	NINJ1	NINJ1_Q92982_OID21167_v1_Oncology.tar	https://www.synapse.org/Synapse:syn51470965	545269760		6770c4f7bba93baca33eb4e05253f618	syn51470965	syn51365303				
EUR	NIT1	NIT1_Q86X76_OID30252_v1_Cardiometabolic_II.tar	https://www.synapse.org/Synapse:syn52361994				syn52361994	syn51365303				
EUR	NIT2	NIT2_Q9NQR4_OID30336_v1_Cardiometabolic_II.tar	https://www.synapse.org/Synapse:syn52361349				syn52361349	syn51365303				
EUR	NLGN1	NLGN1_Q8N2Q7_OID30900_v1_Neurology_II.tar	https://www.synapse.org/Synapse:syn52361424				syn52361424	syn51365303				
EUR	NLGN2	NLGN2_Q8NFZ4_OID30878_v1_Neurology_II.tar	https://www.synapse.org/Synapse:syn52361525				syn52361525	syn51365303				
EUR	NME1	NME1_P15531_OID30451_v1_Inflammation_II.tar	https://www.synapse.org/Synapse:syn52361868				syn52361868	syn51365303				
EUR	NME3	NME3_Q13232_OID20789_v1_Inflammation.tar	https://www.synapse.org/Synapse:syn51469411	548136960		65ab1ecc4e475742b874df3a286c2c68	syn51469411	syn51365303				
EUR	NMI	NMI_Q13287_OID31378_v1_Oncology_II.tar	https://www.synapse.org/Synapse:syn52362984	547962880		43d12a182abc3371817a2b52b29fafa8	syn52362984	syn51365303				
EUR	NMNAT1	NMNAT1_Q9HAN9_OID20913_v1_Neurology.tar	https://www.synapse.org/Synapse:syn51469505				syn51469505	syn51365303				
EUR	NMRK2	NMRK2_Q9NPI5_OID31163_v1_Oncology_II.tar	https://www.synapse.org/Synapse:syn52363631				syn52363631	syn51365303				
EUR	NMT1	NMT1_P30419_OID31021_v1_Neurology_II.tar	https://www.synapse.org/Synapse:syn52361758				syn52361758	syn51365303				
EUR	NOMO1	NOMO1_Q15155_OID21106_v1_Neurology.tar	https://www.synapse.org/Synapse:syn51470607	548239360		d444cf1976b7cf240f38d97ba7964ed4	syn51470607	syn51365303				
EUR	NOP56	NOP56_O00567_OID30055_v1_Cardiometabolic_II.tar	https://www.synapse.org/Synapse:syn52362537				syn52362537	syn51365303				
EUR	NOS1	NOS1_P29475_OID20863_v1_Neurology.tar	https://www.synapse.org/Synapse:syn51469556				syn51469556	syn51365303				
EUR	NOS2	NOS2_P35228_OID30087_v1_Cardiometabolic_II.tar	https://www.synapse.org/Synapse:syn52362605				syn52362605	syn51365303				
EUR	NOS3	NOS3_P29474_OID20834_v1_Neurology.tar	https://www.synapse.org/Synapse:syn51471432	545361920		b80a35391e6f3cc7441ec04ef6a5c1fa	syn51471432	syn51365303				
EUR	NOTCH1	NOTCH1_P46531_OID20311_v1_Cardiometabolic.tar	https://www.synapse.org/Synapse:syn51471248				syn51471248	syn51365303				
EUR	NOTCH2	NOTCH2_Q04721_OID30407_v1_Cardiometabolic_II.tar	https://www.synapse.org/Synapse:syn52362023	549212160		896c5988a0d13ab2e3578b3d183fa801	syn52362023	syn51365303				
EUR	NOTCH3	NOTCH3_Q9UM47_OID20253_v1_Cardiometabolic.tar	https://www.synapse.org/Synapse:syn51469038	549601280		46062b216c17c6e08d638bdbe076758a	syn51469038	syn51365303				
EUR	NPC2	NPC2_P61916_OID30418_v1_Cardiometabolic_II.tar	https://www.synapse.org/Synapse:syn52361860	547031040		641c762948a14b3033a7da0378e4d930	syn52361860	syn51365303				
EUR	NPDC1	NPDC1_Q9NQX5_OID20205_v1_Cardiometabolic.tar	https://www.synapse.org/Synapse:syn51470101				syn51470101	syn51365303				
EUR	NPHS1	NPHS1_O60500_OID30540_v1_Inflammation_II.tar	https://www.synapse.org/Synapse:syn52363102				syn52363102	syn51365303				
EUR	NPHS2	NPHS2_Q9NP85_OID30462_v1_Inflammation_II.tar	https://www.synapse.org/Synapse:syn52362831				syn52362831	syn51365303				
EUR	NPL	NPL_Q9BXD5_OID30329_v1_Cardiometabolic_II.tar	https://www.synapse.org/Synapse:syn52362562	549457920		a355e6d0c1c9aa82c55d683ea0438dca	syn52362562	syn51365303				
EUR	NPM1	NPM1_P06748_OID20961_v1_Neurology.tar	https://www.synapse.org/Synapse:syn51469119				syn51469119	syn51365303				
EUR	NPPB	NPPB_P16860_OID20049_v1_Cardiometabolic.tar	https://www.synapse.org/Synapse:syn51471418				syn51471418	syn51365303				
EUR	NPPC	NPPC_P23582_OID20568_v1_Inflammation.tar	https://www.synapse.org/Synapse:syn51468586				syn51468586	syn51365303				
EUR	NPR1	NPR1_P16066_OID30116_v1_Cardiometabolic_II.tar	https://www.synapse.org/Synapse:syn52361682				syn52361682	syn51365303				
EUR	NPTN	NPTN_Q9Y639_OID21235_v1_Oncology.tar	https://www.synapse.org/Synapse:syn51469639				syn51469639	syn51365303				
EUR	NPTX1	NPTX1_Q15818_OID21074_v1_Neurology.tar	https://www.synapse.org/Synapse:syn51468578	548597760		f6decc235a7ec5acd58bfeb2b92095ab	syn51468578	syn51365303				
EUR	NPTX2	NPTX2_P47972_OID30390_v1_Cardiometabolic_II.tar	https://www.synapse.org/Synapse:syn52361417	549683200		8d328ea10d9ec1a33c55dffbf8a85be0	syn52361417	syn51365303				
EUR	NPTXR	NPTXR_O95502_OID20191_v1_Cardiometabolic.tar	https://www.synapse.org/Synapse:syn51471033				syn51471033	syn51365303				
EUR	NPY	NPY_P01303_OID21388_v1_Oncology.tar	https://www.synapse.org/Synapse:syn51468446	549048320		2b6ff98fffa460beb7609d61f6eddb39	syn51468446	syn51365303				
EUR	NRCAM	NRCAM_Q92823_OID20229_v1_Cardiometabolic.tar	https://www.synapse.org/Synapse:syn51469672	548096000		d4b3508bd5fffb00e88a312927867e10	syn51469672	syn51365303				
EUR	NRGN	NRGN_Q92686_OID30674_v1_Inflammation_II.tar	https://www.synapse.org/Synapse:syn52363383				syn52363383	syn51365303				
EUR	NRN1	NRN1_Q9NPD7_OID30983_v1_Neurology_II.tar	https://www.synapse.org/Synapse:syn52362784				syn52362784	syn51365303				
EUR	NRP1	NRP1_O14786_OID20390_v1_Cardiometabolic.tar	https://www.synapse.org/Synapse:syn51471036	548720640		098fcaef3d3f8378e31a530001ceea06	syn51471036	syn51365303				
EUR	NRP2	NRP2_O60462_OID21081_v1_Neurology.tar	https://www.synapse.org/Synapse:syn51470145	548157440		06965158012e25ca41200e9c476f605c	syn51470145	syn51365303				
EUR	NRTN	NRTN_Q99748_OID20465_v1_Inflammation.tar	https://www.synapse.org/Synapse:syn51470373				syn51470373	syn51365303				
EUR	NRXN3	NRXN3_Q9Y4C0_OID30901_v1_Neurology_II.tar	https://www.synapse.org/Synapse:syn52362756				syn52362756	syn51365303				
EUR	NSFL1C	NSFL1C_Q9UNZ2_OID21022_v1_Neurology.tar	https://www.synapse.org/Synapse:syn51471408				syn51471408	syn51365303				
EUR	NT5C1A	NT5C1A_Q9BXI3_OID31102_v1_Neurology_II.tar	https://www.synapse.org/Synapse:syn52362019				syn52362019	syn51365303				
EUR	NT5C3A	NT5C3A_Q9H0P0_OID20553_v1_Inflammation.tar	https://www.synapse.org/Synapse:syn51468754				syn51468754	syn51365303				
EUR	NT5C	NT5C_Q8TCD5_OID30294_v1_Cardiometabolic_II.tar	https://www.synapse.org/Synapse:syn52361456				syn52361456	syn51365303				
EUR	NT5E	NT5E_P21589_OID21498_v1_Oncology.tar	https://www.synapse.org/Synapse:syn51469398	548997120		b5dd77ac77656f71c82dfad6f6205c1c	syn51469398	syn51365303				
EUR	NTF3	NTF3_P20783_OID20591_v1_Inflammation.tar	https://www.synapse.org/Synapse:syn51471290	547932160		1348c94a165e027a76e3eb3aa5cc2e61	syn51471290	syn51365303				
EUR	NTF4	NTF4_P34130_OID21208_v1_Oncology.tar	https://www.synapse.org/Synapse:syn51471151				syn51471151	syn51365303				
EUR	NTRK2	NTRK2_Q16620_OID20136_v1_Cardiometabolic.tar	https://www.synapse.org/Synapse:syn51470527				syn51470527	syn51365303				
EUR	NTRK3	NTRK3_Q16288_OID21057_v1_Neurology.tar	https://www.synapse.org/Synapse:syn51469905	549017600		b78673abcfa79378f8a8725ff13a006a	syn51469905	syn51365303				
EUR	NTPROBNP	NTproBNP_NTproBNP_OID20125_v1_Cardiometabolic.tar	https://www.synapse.org/Synapse:syn51471153				syn51471153	syn51365303				
EUR	NUB1	NUB1_Q9Y5A7_OID20510_v1_Inflammation.tar	https://www.synapse.org/Synapse:syn51468637				syn51468637	syn51365303				
EUR	NUBP1	NUBP1_P53384_OID31412_v1_Oncology_II.tar	https://www.synapse.org/Synapse:syn52362829				syn52362829	syn51365303				
EUR	NUCB2	NUCB2_P80303_OID21448_v1_Oncology.tar	https://www.synapse.org/Synapse:syn51471266	548894720		6a87b34be1cefe348607a8f30ced9eff	syn51471266	syn51365303				
EUR	NUDC	NUDC_Q9Y266_OID20623_v1_Inflammation.tar	https://www.synapse.org/Synapse:syn51471253	549222400		8d95bd24221e518a970c7e60ad2819e0	syn51471253	syn51365303				
EUR	NUDT10	NUDT10_Q8NFP7_OID30198_v1_Cardiometabolic_II.tar	https://www.synapse.org/Synapse:syn52363164				syn52363164	syn51365303				
EUR	NUDT15	NUDT15_Q9NV35_OID30102_v1_Cardiometabolic_II.tar	https://www.synapse.org/Synapse:syn52361653				syn52361653	syn51365303				
EUR	NUDT16	NUDT16_Q96DE0_OID31484_v1_Oncology_II.tar	https://www.synapse.org/Synapse:syn52361902	548147200		5a3800093d508556de4899d7987619b7	syn52361902	syn51365303				
EUR	NUDT2	NUDT2_P50583_OID21308_v1_Oncology.tar	https://www.synapse.org/Synapse:syn51470426	547491840		598839c4651788aab4fbe810dcad999d	syn51470426	syn51365303				
EUR	NUDT5	NUDT5_Q9UKK9_OID21115_v1_Neurology.tar	https://www.synapse.org/Synapse:syn51468723				syn51468723	syn51365303				
EUR	NUMB	NUMB_P49757_OID30568_v1_Inflammation_II.tar	https://www.synapse.org/Synapse:syn52361297				syn52361297	syn51365303				
EUR	NUP50	NUP50_Q9UKX7_OID30100_v1_Cardiometabolic_II.tar	https://www.synapse.org/Synapse:syn52361596				syn52361596	syn51365303				
EUR	NXPE4	NXPE4_Q6UWF7_OID30076_v1_Cardiometabolic_II.tar	https://www.synapse.org/Synapse:syn52363485	544972800		db99274f40515398a93f62769e3a9061	syn52363485	syn51365303				
EUR	NXPH1	NXPH1_P58417_OID20849_v1_Neurology.tar	https://www.synapse.org/Synapse:syn51469923				syn51469923	syn51365303				
EUR	NXPH3	NXPH3_O95157_OID30565_v1_Inflammation_II.tar	https://www.synapse.org/Synapse:syn52361720				syn52361720	syn51365303				
EUR	OBP2B	OBP2B_Q9NPH6_OID20980_v1_Neurology.tar	https://www.synapse.org/Synapse:syn51470759	548116480		ab5c175c81f923a762823aeee328c792	syn51470759	syn51365303				
EUR	OCLN	OCLN_Q16625_OID31069_v1_Neurology_II.tar	https://www.synapse.org/Synapse:syn52361739				syn52361739	syn51365303				
EUR	ODAM	ODAM_A1E959_OID20793_v1_Neurology.tar	https://www.synapse.org/Synapse:syn51468993				syn51468993	syn51365303				
EUR	OFD1	OFD1_O75665_OID31268_v1_Oncology_II.tar	https://www.synapse.org/Synapse:syn52361727				syn52361727	syn51365303				
EUR	OGA	OGA_O60502_OID31465_v1_Oncology_II.tar	https://www.synapse.org/Synapse:syn52362690	548372480		f92ba4a7a3096d399724377294b3bf2c	syn52362690	syn51365303				
EUR	OGFR	OGFR_Q9NZT2_OID21360_v1_Oncology.tar	https://www.synapse.org/Synapse:syn51469608	547553280		6c6ebae6261c07b41e5b75dd1702ff23	syn51469608	syn51365303				
EUR	OGN	OGN_P20774_OID21123_v1_Neurology.tar	https://www.synapse.org/Synapse:syn51469331	548710400		8931493b120a819cf9c0abc83bec6965	syn51469331	syn51365303				
EUR	OGT	OGT_O15294_OID31300_v1_Oncology_II.tar	https://www.synapse.org/Synapse:syn52361423				syn52361423	syn51365303				
EUR	OLFM4	OLFM4_Q6UX06_OID30665_v1_Inflammation_II.tar	https://www.synapse.org/Synapse:syn52361678				syn52361678	syn51365303				
EUR	OLR1	OLR1_P78380_OID20183_v1_Cardiometabolic.tar	https://www.synapse.org/Synapse:syn51470348				syn51470348	syn51365303				
EUR	OMD	OMD_Q99983_OID20725_v1_Inflammation.tar	https://www.synapse.org/Synapse:syn51469046				syn51469046	syn51365303				
EUR	OMG	OMG_P23515_OID21352_v1_Oncology.tar	https://www.synapse.org/Synapse:syn51469495				syn51469495	syn51365303				
EUR	OMP	OMP_P47874_OID30835_v1_Neurology_II.tar	https://www.synapse.org/Synapse:syn52362954				syn52362954	syn51365303				
EUR	OPHN1	OPHN1_O60890_OID31087_v1_Neurology_II.tar	https://www.synapse.org/Synapse:syn52361409				syn52361409	syn51365303				
EUR	OPLAH	OPLAH_O14841_OID30201_v1_Cardiometabolic_II.tar	https://www.synapse.org/Synapse:syn52361464				syn52361464	syn51365303				
EUR	OPTC	OPTC_Q9UBM4_OID21362_v1_Oncology.tar	https://www.synapse.org/Synapse:syn51471340	547624960		24e9860aed0dda42a0624f2b3c2de4f1	syn51471340	syn51365303				
EUR	ORM1	ORM1_P02763_OID30768_v1_Inflammation_II.tar	https://www.synapse.org/Synapse:syn52363469				syn52363469	syn51365303				
EUR	OSBPL2	OSBPL2_Q9H1P3_OID31085_v1_Neurology_II.tar	https://www.synapse.org/Synapse:syn52363512				syn52363512	syn51365303				
EUR	OSCAR	OSCAR_Q8IYS5_OID20776_v1_Inflammation.tar	https://www.synapse.org/Synapse:syn51468789				syn51468789	syn51365303				
EUR	OSMR	OSMR_Q99650_OID20356_v1_Cardiometabolic.tar	https://www.synapse.org/Synapse:syn51468497	549273600		0099547efbf5e57cb365d2f6abbd577a	syn51468497	syn51365303				
EUR	OSM	OSM_P13725_OID20574_v1_Inflammation.tar	https://www.synapse.org/Synapse:syn51471024	547491840		0d117116834b115199783ff686dd061e	syn51471024	syn51365303				
EUR	OSTN	OSTN_P61366_OID30909_v1_Neurology_II.tar	https://www.synapse.org/Synapse:syn52362394				syn52362394	syn51365303				
EUR	OTOA	OTOA_Q7RTW8_OID30825_v1_Neurology_II.tar	https://www.synapse.org/Synapse:syn52363175				syn52363175	syn51365303				
EUR	OTUD6B	OTUD6B_Q8N6M0_OID31487_v1_Oncology_II.tar	https://www.synapse.org/Synapse:syn52362109				syn52362109	syn51365303				
EUR	OTUD7B	OTUD7B_Q6GQQ9_OID31064_v1_Neurology_II.tar	https://www.synapse.org/Synapse:syn52361322	548597760		34a8bba2aed1fe75512315cd58d76b86	syn52361322	syn51365303				
EUR	OXCT1	OXCT1_P55809_OID30227_v1_Cardiometabolic_II.tar	https://www.synapse.org/Synapse:syn52362675	545710080		3e5ad8382a2156f3e5dcfceeb20c59a5	syn52362675	syn51365303				
EUR	OXT	OXT_P01178_OID21047_v1_Neurology.tar	https://www.synapse.org/Synapse:syn51471255				syn51471255	syn51365303				
EUR	P4HB	P4HB_P07237_OID21509_v1_Oncology.tar	https://www.synapse.org/Synapse:syn51469427				syn51469427	syn51365303				
EUR	PACS2	PACS2_Q86VP3_OID30186_v1_Cardiometabolic_II.tar	https://www.synapse.org/Synapse:syn52362345				syn52362345	syn51365303				
EUR	PADI2	PADI2_Q9Y2J8_OID20467_v1_Inflammation.tar	https://www.synapse.org/Synapse:syn51469092				syn51469092	syn51365303				
EUR	PADI4	PADI4_Q9UM07_OID20832_v1_Neurology.tar	https://www.synapse.org/Synapse:syn51469653				syn51469653	syn51365303				
EUR	PAEP	PAEP_P09466_OID20925_v1_Neurology.tar	https://www.synapse.org/Synapse:syn51470345				syn51470345	syn51365303				
EUR	PAFAH1B3	PAFAH1B3_Q15102_OID30998_v1_Neurology_II.tar	https://www.synapse.org/Synapse:syn52361594				syn52361594	syn51365303				
EUR	PAFAH2	PAFAH2_Q99487_OID31286_v1_Oncology_II.tar	https://www.synapse.org/Synapse:syn52361922				syn52361922	syn51365303				
EUR	PAG1	PAG1_Q9NWQ8_OID20108_v1_Cardiometabolic.tar	https://www.synapse.org/Synapse:syn51470285	545689600		778351ab85192ed3165866bb90cdfe07	syn51470285	syn51365303				
EUR	PAGR1	PAGR1_Q9BTK6_OID30206_v1_Cardiometabolic_II.tar	https://www.synapse.org/Synapse:syn52362132				syn52362132	syn51365303				
EUR	PAIP2B	PAIP2B_Q9ULR5_OID31228_v1_Oncology_II.tar	https://www.synapse.org/Synapse:syn52361732				syn52361732	syn51365303				
EUR	PAK4	PAK4_O96013_OID20819_v1_Neurology.tar	https://www.synapse.org/Synapse:syn51469121				syn51469121	syn51365303				
EUR	PALLD	PALLD_Q8WX93_OID30444_v1_Inflammation_II.tar	https://www.synapse.org/Synapse:syn52362499				syn52362499	syn51365303				
EUR	PALM2	PALM2_Q8IXS6_OID31096_v1_Neurology_II.tar	https://www.synapse.org/Synapse:syn52361987				syn52361987	syn51365303				
EUR	PALM3	PALM3_A6NDB9_OID30182_v1_Cardiometabolic_II.tar	https://www.synapse.org/Synapse:syn52362068				syn52362068	syn51365303				
EUR	PALM	PALM_O75781_OID31515_v1_Oncology_II.tar	https://www.synapse.org/Synapse:syn52361953				syn52361953	syn51365303				
EUR	PAMR1	PAMR1_Q6UXH9_OID21153_v1_Neurology.tar	https://www.synapse.org/Synapse:syn51470347				syn51470347	syn51365303				
EUR	PAM	PAM_P19021_OID20291_v1_Cardiometabolic.tar	https://www.synapse.org/Synapse:syn51468774				syn51468774	syn51365303				
EUR	PAPPA	PAPPA_Q13219_OID20421_v1_Inflammation.tar	https://www.synapse.org/Synapse:syn51470103	546150400		dcf9334b52b16866a737ed59a691d882	syn51470103	syn51365303				
EUR	PARD3	PARD3_Q8TEW0_OID31301_v1_Oncology_II.tar	https://www.synapse.org/Synapse:syn52362837				syn52362837	syn51365303				
EUR	PARK7	PARK7_Q99497_OID21160_v1_Neurology.tar	https://www.synapse.org/Synapse:syn51469971	548014080		e8680df3946fde8843d1fbb42dc37fbe	syn51469971	syn51365303				
EUR	PARP1	PARP1_P09874_OID20500_v1_Inflammation.tar	https://www.synapse.org/Synapse:syn51471000				syn51471000	syn51365303				
EUR	PAXX	PAXX_Q9BUH6_OID30591_v1_Inflammation_II.tar	https://www.synapse.org/Synapse:syn52363425				syn52363425	syn51365303				
EUR	PBK	PBK_Q96KB5_OID31158_v1_Oncology_II.tar	https://www.synapse.org/Synapse:syn52361383				syn52361383	syn51365303				
EUR	PBLD	PBLD_P30039_OID20839_v1_Neurology.tar	https://www.synapse.org/Synapse:syn51471319				syn51471319	syn51365303				
EUR	PBXIP1	PBXIP1_Q96AQ6_OID31435_v1_Oncology_II.tar	https://www.synapse.org/Synapse:syn52362443				syn52362443	syn51365303				
EUR	PCARE	PCARE_A6NGG8_OID30838_v1_Neurology_II.tar	https://www.synapse.org/Synapse:syn52361850				syn52361850	syn51365303				
EUR	PCBD1	PCBD1_P61457_OID30610_v1_Inflammation_II.tar	https://www.synapse.org/Synapse:syn52363481	546129920		d229b7701220c9037ed17914e823d48b	syn52363481	syn51365303				
EUR	PCBP2	PCBP2_Q15366_OID31003_v1_Neurology_II.tar	https://www.synapse.org/Synapse:syn52361505				syn52361505	syn51365303				
EUR	PCDH12	PCDH12_Q9NPG4_OID31045_v1_Neurology_II.tar	https://www.synapse.org/Synapse:syn52363058				syn52363058	syn51365303				
EUR	PCDH17	PCDH17_O14917_OID20132_v1_Cardiometabolic.tar	https://www.synapse.org/Synapse:syn51471403	548362240		861ae0396e7b92f5fac4f329de034f40	syn51471403	syn51365303				
EUR	PCDH1	PCDH1_Q08174_OID20614_v1_Inflammation.tar	https://www.synapse.org/Synapse:syn51470507				syn51470507	syn51365303				
EUR	PCDH7	PCDH7_O60245_OID31456_v1_Oncology_II.tar	https://www.synapse.org/Synapse:syn52361975				syn52361975	syn51365303				
EUR	PCDH9	PCDH9_Q9HC56_OID31516_v1_Oncology_II.tar	https://www.synapse.org/Synapse:syn52362487	548546560		ab00b561bc98e9455f1e0f92f5fb5e5d	syn52362487	syn51365303				
EUR	PCDHB15	PCDHB15_Q9Y5E8_OID31377_v1_Oncology_II.tar	https://www.synapse.org/Synapse:syn52362523				syn52362523	syn51365303				
EUR	PCNA	PCNA_P12004_OID31161_v1_Oncology_II.tar	https://www.synapse.org/Synapse:syn52362441				syn52362441	syn51365303				
EUR	PCOLCE	PCOLCE_Q15113_OID20384_v1_Cardiometabolic.tar	https://www.synapse.org/Synapse:syn51469377				syn51469377	syn51365303				
EUR	PCSK7	PCSK7_Q16549_OID31410_v1_Oncology_II.tar	https://www.synapse.org/Synapse:syn52362468				syn52362468	syn51365303				
EUR	PCSK9	PCSK9_Q8NBP7_OID20235_v1_Cardiometabolic.tar	https://www.synapse.org/Synapse:syn51468818				syn51468818	syn51365303				
EUR	PCYT2	PCYT2_Q99447_OID31519_v1_Oncology_II.tar	https://www.synapse.org/Synapse:syn52362688				syn52362688	syn51365303				
EUR	PDAP1	PDAP1_Q13442_OID30323_v1_Cardiometabolic_II.tar	https://www.synapse.org/Synapse:syn52363015				syn52363015	syn51365303				
EUR	PDCD1LG2	PDCD1LG2_Q9BQ51_OID21273_v1_Oncology.tar	https://www.synapse.org/Synapse:syn51469457				syn51469457	syn51365303				
EUR	PDCD1	PDCD1_Q15116_OID21396_v1_Oncology.tar	https://www.synapse.org/Synapse:syn51469202	548802560		7c978572eacdb7d9d5f57eb0ac1ed91b	syn51469202	syn51365303				
EUR	PDCD5	PDCD5_O14737_OID21021_v1_Neurology.tar	https://www.synapse.org/Synapse:syn51470492				syn51470492	syn51365303				
EUR	PDCD6	PDCD6_O75340_OID20163_v1_Cardiometabolic.tar	https://www.synapse.org/Synapse:syn51471004				syn51471004	syn51365303				
EUR	PDCL2	PDCL2_Q8N4E4_OID31168_v1_Oncology_II.tar	https://www.synapse.org/Synapse:syn52361449				syn52361449	syn51365303				
EUR	PDE1C	PDE1C_Q14123_OID31201_v1_Oncology_II.tar	https://www.synapse.org/Synapse:syn52361577				syn52361577	syn51365303				
EUR	PDE4D	PDE4D_Q08499_OID30084_v1_Cardiometabolic_II.tar	https://www.synapse.org/Synapse:syn52361677				syn52361677	syn51365303				
EUR	PDE5A	PDE5A_O76074_OID30584_v1_Inflammation_II.tar	https://www.synapse.org/Synapse:syn52362810				syn52362810	syn51365303				
EUR	PDGFA	PDGFA_P04085_OID20313_v1_Cardiometabolic.tar	https://www.synapse.org/Synapse:syn51468463	549324800		a6cd277194678ddfed82092cfa96340f	syn51468463	syn51365303				
EUR	PDGFB	PDGFB_P01127_OID20741_v1_Inflammation.tar	https://www.synapse.org/Synapse:syn51471311	548515840		05bf05b4c5f5fee114a98bc5c9ed76dd	syn51471311	syn51365303				
EUR	PDGFC	PDGFC_Q9NRA1_OID21183_v1_Oncology.tar	https://www.synapse.org/Synapse:syn51471188				syn51471188	syn51365303				
EUR	PDGFRA	PDGFRA_P16234_OID20133_v1_Cardiometabolic.tar	https://www.synapse.org/Synapse:syn51469826	548157440		c12813bfd9f52f672b544eb3be84e047	syn51469826	syn51365303				
EUR	PDGFRB	PDGFRB_P09619_OID20268_v1_Cardiometabolic.tar	https://www.synapse.org/Synapse:syn51469897				syn51469897	syn51365303				
EUR	PDIA2	PDIA2_Q13087_OID31214_v1_Oncology_II.tar	https://www.synapse.org/Synapse:syn52363672				syn52363672	syn51365303				
EUR	PDIA3	PDIA3_P30101_OID30573_v1_Inflammation_II.tar	https://www.synapse.org/Synapse:syn52362329				syn52362329	syn51365303				
EUR	PDIA4	PDIA4_P13667_OID30375_v1_Cardiometabolic_II.tar	https://www.synapse.org/Synapse:syn52361391				syn52361391	syn51365303				
EUR	PDIA5	PDIA5_Q14554_OID31209_v1_Oncology_II.tar	https://www.synapse.org/Synapse:syn52362047	544573440		a5e11d0bb6eecb78dc52bb718ef320fb	syn52362047	syn51365303				
EUR	PDLIM5	PDLIM5_Q96HC4_OID31063_v1_Neurology_II.tar	https://www.synapse.org/Synapse:syn52361848	548618240		d5b51fccb83cd408e886af9dcfd6ad9e	syn52361848	syn51365303				
EUR	PDLIM7	PDLIM7_Q9NR12_OID20729_v1_Inflammation.tar	https://www.synapse.org/Synapse:syn51468815	548546560		0d5f343e241a7b65ffd687d9508a40bd	syn51468815	syn51365303				
EUR	PDP1	PDP1_Q9P0J1_OID21176_v1_Oncology.tar	https://www.synapse.org/Synapse:syn51470309				syn51470309	syn51365303				
EUR	PDRG1	PDRG1_Q9NUG6_OID30912_v1_Neurology_II.tar	https://www.synapse.org/Synapse:syn52362500				syn52362500	syn51365303				
EUR	PDXDC1	PDXDC1_Q6P996_OID31226_v1_Oncology_II.tar	https://www.synapse.org/Synapse:syn52363107				syn52363107	syn51365303				
EUR	PDZD2	PDZD2_O15018_OID30151_v1_Cardiometabolic_II.tar	https://www.synapse.org/Synapse:syn52362491				syn52362491	syn51365303				
EUR	PDZK1	PDZK1_Q5T2W1_OID30550_v1_Inflammation_II.tar	https://www.synapse.org/Synapse:syn52361520				syn52361520	syn51365303				
EUR	PEAR1	PEAR1_Q5VY43_OID20257_v1_Cardiometabolic.tar	https://www.synapse.org/Synapse:syn51471461				syn51471461	syn51365303				
EUR	PEBP1	PEBP1_P30086_OID21087_v1_Neurology.tar	https://www.synapse.org/Synapse:syn51469016				syn51469016	syn51365303				
EUR	PECAM1	PECAM1_P16284_OID21131_v1_Neurology.tar	https://www.synapse.org/Synapse:syn51469995	548136960		1f272c34879f9a5ffcc763762e22cb55	syn51469995	syn51365303				
EUR	PECR	PECR_Q9BY49_OID30228_v1_Cardiometabolic_II.tar	https://www.synapse.org/Synapse:syn52361816				syn52361816	syn51365303				
EUR	PENK	PENK_P01210_OID30666_v1_Inflammation_II.tar	https://www.synapse.org/Synapse:syn52361379				syn52361379	syn51365303				
EUR	PEPD	PEPD_P12955_OID30688_v1_Inflammation_II.tar	https://www.synapse.org/Synapse:syn52361777				syn52361777	syn51365303				
EUR	PER3	PER3_P56645_OID30511_v1_Inflammation_II.tar	https://www.synapse.org/Synapse:syn52361841				syn52361841	syn51365303				
EUR	PF4	PF4_P02776_OID30764_v1_Inflammation_II.tar	https://www.synapse.org/Synapse:syn52361602				syn52361602	syn51365303				
EUR	PFDN2	PFDN2_Q9UHV9_OID20892_v1_Neurology.tar	https://www.synapse.org/Synapse:syn51471029				syn51471029	syn51365303				
EUR	PFDN4	PFDN4_Q9NQP4_OID31212_v1_Oncology_II.tar	https://www.synapse.org/Synapse:syn52362368				syn52362368	syn51365303				
EUR	PFDN6	PFDN6_O15212_OID30938_v1_Neurology_II.tar	https://www.synapse.org/Synapse:syn52361337				syn52361337	syn51365303				
EUR	PFKFB2	PFKFB2_O60825_OID21356_v1_Oncology.tar	https://www.synapse.org/Synapse:syn51470090	547317760		60b7593adcd2a7364ac1beed19f135d7	syn51470090	syn51365303				
EUR	PGA4	PGA4_P0DJD7_OID30699_v1_Inflammation_II.tar	https://www.synapse.org/Synapse:syn52362497				syn52362497	syn51365303				
EUR	PGD	PGD_P52209_OID30344_v1_Cardiometabolic_II.tar	https://www.synapse.org/Synapse:syn52362759	548956160		5f70a6538e85f07cf5a64a670bc475da	syn52362759	syn51365303				
EUR	PGF	PGF_P49763_OID20673_v1_Inflammation.tar	https://www.synapse.org/Synapse:syn51471197				syn51471197	syn51365303				
EUR	PGLYRP1	PGLYRP1_O75594_OID20338_v1_Cardiometabolic.tar	https://www.synapse.org/Synapse:syn51468420	548833280		b61d8a7eb286f3c056225e9208729387	syn51468420	syn51365303				
EUR	PGLYRP2	PGLYRP2_Q96PD5_OID30742_v1_Inflammation_II.tar	https://www.synapse.org/Synapse:syn52363423				syn52363423	syn51365303				
EUR	PGLYRP4	PGLYRP4_Q96LB8_OID30101_v1_Cardiometabolic_II.tar	https://www.synapse.org/Synapse:syn52362796				syn52362796	syn51365303				
EUR	PGM2	PGM2_Q96G03_OID30904_v1_Neurology_II.tar	https://www.synapse.org/Synapse:syn52362817				syn52362817	syn51365303				
EUR	PGR	PGR_P06401_OID30460_v1_Inflammation_II.tar	https://www.synapse.org/Synapse:syn52361783				syn52361783	syn51365303				
EUR	PHACTR2	PHACTR2_O75167_OID31009_v1_Neurology_II.tar	https://www.synapse.org/Synapse:syn52362939	548608000		84846b4baf237e74a01dd9521b251265	syn52362939	syn51365303				
EUR	PHLDB1	PHLDB1_Q86UU1_OID31467_v1_Oncology_II.tar	https://www.synapse.org/Synapse:syn52363043				syn52363043	syn51365303				
EUR	PHLDB2	PHLDB2_Q86SQ0_OID31167_v1_Oncology_II.tar	https://www.synapse.org/Synapse:syn52362655				syn52362655	syn51365303				
EUR	PHOSPHO1	PHOSPHO1_Q8TCT1_OID20922_v1_Neurology.tar	https://www.synapse.org/Synapse:syn51468717				syn51468717	syn51365303				
EUR	PHYKPL	PHYKPL_Q8IUZ5_OID30634_v1_Inflammation_II.tar	https://www.synapse.org/Synapse:syn52362955				syn52362955	syn51365303				
EUR	PI16	PI16_Q6UXB8_OID30676_v1_Inflammation_II.tar	https://www.synapse.org/Synapse:syn52362827				syn52362827	syn51365303				
EUR	PI3	PI3_P19957_OID20326_v1_Cardiometabolic.tar	https://www.synapse.org/Synapse:syn51469564	546621440		4df0b76dc4c7f3b1dbf17f41f6eed7a0	syn51469564	syn51365303				
EUR	PIBF1	PIBF1_Q8WXW3-4_OID31061_v1_Neurology_II.tar	https://www.synapse.org/Synapse:syn52361315				syn52361315	syn51365303				
EUR	PIGR	PIGR_P01833_OID21102_v1_Neurology.tar	https://www.synapse.org/Synapse:syn51471071				syn51471071	syn51365303				
EUR	PIK3AP1	PIK3AP1_Q6ZUJ8_OID20587_v1_Inflammation.tar	https://www.synapse.org/Synapse:syn51468908	548055040		047c31dff2154d7d2b3a4773da0e572e	syn51468908	syn51365303				
EUR	PIK3IP1	PIK3IP1_Q96FE7_OID21094_v1_Neurology.tar	https://www.synapse.org/Synapse:syn51471272	548218880		8c7f7bf03f5a0861144c784fcaae3d91	syn51471272	syn51365303				
EUR	PIKFYVE	PIKFYVE_Q9Y2I7_OID30465_v1_Inflammation_II.tar	https://www.synapse.org/Synapse:syn52361581				syn52361581	syn51365303				
EUR	PILRA	PILRA_Q9UKJ1_OID21129_v1_Neurology.tar	https://www.synapse.org/Synapse:syn51470989				syn51470989	syn51365303				
EUR	PILRB	PILRB_Q9UKJ0_OID20197_v1_Cardiometabolic.tar	https://www.synapse.org/Synapse:syn51468895				syn51468895	syn51365303				
EUR	PINLYP	PINLYP_A6NC86_OID30651_v1_Inflammation_II.tar	https://www.synapse.org/Synapse:syn52362790	547000320		3f2a42346a0e859cefc506168e152d59	syn52362790	syn51365303				
EUR	PITHD1	PITHD1_Q9GZP4_OID31215_v1_Oncology_II.tar	https://www.synapse.org/Synapse:syn52363368				syn52363368	syn51365303				
EUR	PKD1	PKD1_P98161_OID30328_v1_Cardiometabolic_II.tar	https://www.synapse.org/Synapse:syn52361756	549365760		c81c6923c8409cc818fe823c77467377	syn52361756	syn51365303				
EUR	PKD2	PKD2_Q13563_OID30184_v1_Cardiometabolic_II.tar	https://www.synapse.org/Synapse:syn52362150	545085440		e6ab4a3a648977a2dfdfb08532a2ed62	syn52362150	syn51365303				
EUR	PKLR	PKLR_P30613_OID20682_v1_Inflammation.tar	https://www.synapse.org/Synapse:syn51469956				syn51469956	syn51365303				
EUR	PKN3	PKN3_Q6P5Z2_OID31311_v1_Oncology_II.tar	https://www.synapse.org/Synapse:syn52363276	546805760		01458cdba603fbfcaca2090c9754340d	syn52363276	syn51365303				
EUR	PLA2G10	PLA2G10_O15496_OID21002_v1_Neurology.tar	https://www.synapse.org/Synapse:syn51470921	547307520		d3d2c8c39df28e5209f0d650d0726b32	syn51470921	syn51365303				
EUR	PLA2G15	PLA2G15_Q8NCC3_OID21473_v1_Oncology.tar	https://www.synapse.org/Synapse:syn51468684				syn51468684	syn51365303				
EUR	PLA2G1B	PLA2G1B_P04054_OID20252_v1_Cardiometabolic.tar	https://www.synapse.org/Synapse:syn51471191				syn51471191	syn51365303				
EUR	PLA2G2A	PLA2G2A_P14555_OID20274_v1_Cardiometabolic.tar	https://www.synapse.org/Synapse:syn51471005	548239360		ff62d4616d72ad35924b34cda59143e1	syn51471005	syn51365303				
EUR	PLA2G4A	PLA2G4A_P47712_OID20685_v1_Inflammation.tar	https://www.synapse.org/Synapse:syn51468631				syn51468631	syn51365303				
EUR	PLA2G7	PLA2G7_Q13093_OID21105_v1_Neurology.tar	https://www.synapse.org/Synapse:syn51470483				syn51470483	syn51365303				
EUR	PLAT	PLAT_P00750_OID20247_v1_Cardiometabolic.tar	https://www.synapse.org/Synapse:syn51470210				syn51470210	syn51365303				
EUR	PLAUR	PLAUR_Q03405_OID20764_v1_Inflammation.tar	https://www.synapse.org/Synapse:syn51470176	547102720		d9dd43898c91f2bd7a6ef0a109681257	syn51470176	syn51365303				
EUR	PLAU	PLAU_P00749_OID21124_v1_Neurology.tar	https://www.synapse.org/Synapse:syn51470922	548157440		be984ae38ad76e514957d3ca097bf1d0	syn51470922	syn51365303				
EUR	PLB1	PLB1_Q6P1J6_OID31110_v1_Neurology_II.tar	https://www.synapse.org/Synapse:syn52362377				syn52362377	syn51365303				
EUR	PLCB1	PLCB1_Q9NQ66_OID30484_v1_Inflammation_II.tar	https://www.synapse.org/Synapse:syn52361640				syn52361640	syn51365303				
EUR	PLCB2	PLCB2_Q00722_OID31155_v1_Neurology_II.tar	https://www.synapse.org/Synapse:syn52362169				syn52362169	syn51365303				
EUR	PLEKHO1	PLEKHO1_Q53GL0_OID31088_v1_Neurology_II.tar	https://www.synapse.org/Synapse:syn52363506				syn52363506	syn51365303				
EUR	PLG	PLG_P00747_OID30785_v1_Inflammation_II.tar	https://www.synapse.org/Synapse:syn52362184				syn52362184	syn51365303				
EUR	PLIN1	PLIN1_O60240_OID20835_v1_Neurology.tar	https://www.synapse.org/Synapse:syn51469701				syn51469701	syn51365303				
EUR	PLIN3	PLIN3_O60664_OID20143_v1_Cardiometabolic.tar	https://www.synapse.org/Synapse:syn51471355	548003840		888ea62114c46e6dc600af0f2a6b92f4	syn51471355	syn51365303				
EUR	PLPBP	PLPBP_O94903_OID20144_v1_Cardiometabolic.tar	https://www.synapse.org/Synapse:syn51471451				syn51471451	syn51365303				
EUR	PLSCR3	PLSCR3_Q9NRY6_OID31146_v1_Neurology_II.tar	https://www.synapse.org/Synapse:syn52363014				syn52363014	syn51365303				
EUR	PLTP	PLTP_P55058_OID20238_v1_Cardiometabolic.tar	https://www.synapse.org/Synapse:syn51469473				syn51469473	syn51365303				
EUR	PLXDC1	PLXDC1_Q8IUK5_OID21258_v1_Oncology.tar	https://www.synapse.org/Synapse:syn51471221				syn51471221	syn51365303				
EUR	PLXDC2	PLXDC2_Q6UX71_OID31101_v1_Neurology_II.tar	https://www.synapse.org/Synapse:syn52362489	548608000		661e531f4493cb784db0a30a202577c7	syn52362489	syn51365303				
EUR	PLXNA4	PLXNA4_Q9HCM2_OID20597_v1_Inflammation.tar	https://www.synapse.org/Synapse:syn51468808	547860480		2eb0a050cea17b68d9e7c6a771c72344	syn51468808	syn51365303				
EUR	PLXNB2	PLXNB2_O15031_OID20317_v1_Cardiometabolic.tar	https://www.synapse.org/Synapse:syn51469647	549570560		fe92fc53cf95131c59e7d10842b87f39	syn51469647	syn51365303				
EUR	PLXNB3	PLXNB3_Q9ULL4_OID20160_v1_Cardiometabolic.tar	https://www.synapse.org/Synapse:syn51470601				syn51470601	syn51365303				
EUR	PM20D1	PM20D1_Q6GTS8_OID20149_v1_Cardiometabolic.tar	https://www.synapse.org/Synapse:syn51469548				syn51469548	syn51365303				
EUR	PMCH	PMCH_P20382_OID30172_v1_Cardiometabolic_II.tar	https://www.synapse.org/Synapse:syn52361374				syn52361374	syn51365303				
EUR	PMM2	PMM2_O15305_OID30125_v1_Cardiometabolic_II.tar	https://www.synapse.org/Synapse:syn52361625	545064960		2a27787152fc75faee728aab7a42e043	syn52361625	syn51365303				
EUR	PMS1	PMS1_P54277_OID30943_v1_Neurology_II.tar	https://www.synapse.org/Synapse:syn52363008				syn52363008	syn51365303				
EUR	PMVK	PMVK_Q15126_OID20850_v1_Neurology.tar	https://www.synapse.org/Synapse:syn51469085				syn51469085	syn51365303				
EUR	PNLIPRP1	PNLIPRP1_P54315_OID31122_v1_Neurology_II.tar	https://www.synapse.org/Synapse:syn52362494	548689920		39364d984e6e0b44f297f3980186b84b	syn52362494	syn51365303				
EUR	PNLIPRP2	PNLIPRP2_P54317_OID20775_v1_Inflammation.tar	https://www.synapse.org/Synapse:syn51471235				syn51471235	syn51365303				
EUR	PNLIP	PNLIP_P16233_OID30693_v1_Inflammation_II.tar	https://www.synapse.org/Synapse:syn52362015	549058560		127714077addc40b5a0ed30797db4066	syn52362015	syn51365303				
EUR	PNMA1	PNMA1_Q8ND90_OID30194_v1_Cardiometabolic_II.tar	https://www.synapse.org/Synapse:syn52362295				syn52362295	syn51365303				
EUR	PNMA2	PNMA2_Q9UL42_OID30842_v1_Neurology_II.tar	https://www.synapse.org/Synapse:syn52361753				syn52361753	syn51365303				
EUR	PNPT1	PNPT1_Q8TCS8_OID20445_v1_Inflammation.tar	https://www.synapse.org/Synapse:syn51471184				syn51471184	syn51365303				
EUR	PODXL2	PODXL2_Q9NZ53_OID21487_v1_Oncology.tar	https://www.synapse.org/Synapse:syn51471362	548464640		b9d53fa3aa6f2aa424356dbfb1df2b2d	syn51471362	syn51365303				
EUR	PODXL	PODXL_O00592_OID21358_v1_Oncology.tar	https://www.synapse.org/Synapse:syn51470613				syn51470613	syn51365303				
EUR	POF1B	POF1B_Q8WVV4_OID30504_v1_Inflammation_II.tar	https://www.synapse.org/Synapse:syn52363024				syn52363024	syn51365303				
EUR	POLR2A	POLR2A_P24928_OID30440_v1_Inflammation_II.tar	https://www.synapse.org/Synapse:syn52361992				syn52361992	syn51365303				
EUR	POLR2F	POLR2F_P61218_OID21283_v1_Oncology.tar	https://www.synapse.org/Synapse:syn51471274				syn51471274	syn51365303				
EUR	POMC	POMC_P01189_OID30282_v1_Cardiometabolic_II.tar	https://www.synapse.org/Synapse:syn52363065				syn52363065	syn51365303				
EUR	PON1	PON1_P27169_OID30704_v1_Inflammation_II.tar	https://www.synapse.org/Synapse:syn52362504				syn52362504	syn51365303				
EUR	PON2	PON2_Q15165_OID20088_v1_Cardiometabolic.tar	https://www.synapse.org/Synapse:syn51468813	546703360		02763c0fdc36d03e97b130014b9d0346	syn51468813	syn51365303				
EUR	PON3	PON3_Q15166_OID20777_v1_Inflammation.tar	https://www.synapse.org/Synapse:syn51470617				syn51470617	syn51365303				
EUR	POSTN	POSTN_Q15063_OID30410_v1_Cardiometabolic_II.tar	https://www.synapse.org/Synapse:syn52361398				syn52361398	syn51365303				
EUR	PPBP	PPBP_P02775_OID30761_v1_Inflammation_II.tar	https://www.synapse.org/Synapse:syn52362114	548116480		fd1f2fe9c4ac6ddb82d5945ce6b705a0	syn52362114	syn51365303				
EUR	PPCDC	PPCDC_Q96CD2_OID21027_v1_Neurology.tar	https://www.synapse.org/Synapse:syn51469052				syn51469052	syn51365303				
EUR	PPIB	PPIB_P23284_OID20331_v1_Cardiometabolic.tar	https://www.synapse.org/Synapse:syn51469009	547829760		9e5679978a857acff90e96f01a8d0aa6	syn51469009	syn51365303				
EUR	PPIE	PPIE_Q9UNP9_OID31279_v1_Oncology_II.tar	https://www.synapse.org/Synapse:syn52362362				syn52362362	syn51365303				
EUR	PPIF	PPIF_P30405_OID30385_v1_Cardiometabolic_II.tar	https://www.synapse.org/Synapse:syn52361532				syn52361532	syn51365303				
EUR	PPL	PPL_O60437_OID30564_v1_Inflammation_II.tar	https://www.synapse.org/Synapse:syn52361339				syn52361339	syn51365303				
EUR	PPM1A	PPM1A_P35813_OID21184_v1_Oncology.tar	https://www.synapse.org/Synapse:syn51470659				syn51470659	syn51365303				
EUR	PPM1B	PPM1B_O75688_OID30548_v1_Inflammation_II.tar	https://www.synapse.org/Synapse:syn52362139				syn52362139	syn51365303				
EUR	PPM1F	PPM1F_P49593_OID30350_v1_Cardiometabolic_II.tar	https://www.synapse.org/Synapse:syn52362215				syn52362215	syn51365303				
EUR	PPME1	PPME1_Q9Y570_OID21347_v1_Oncology.tar	https://www.synapse.org/Synapse:syn51470990	547543040		ac06ffdd2875c62b19ef255f4848b813	syn51470990	syn51365303				
EUR	PPP1CC	PPP1CC_P36873_OID31360_v1_Oncology_II.tar	https://www.synapse.org/Synapse:syn52361773				syn52361773	syn51365303				
EUR	PPP1R12A	PPP1R12A_O14974_OID21475_v1_Oncology.tar	https://www.synapse.org/Synapse:syn51470095	548433920		2131825e20070019fe310f4a792a8822	syn51470095	syn51365303				
EUR	PPP1R12B	PPP1R12B_O60237_OID31304_v1_Oncology_II.tar	https://www.synapse.org/Synapse:syn52363667				syn52363667	syn51365303				
EUR	PPP1R14A	PPP1R14A_Q96A00_OID31011_v1_Neurology_II.tar	https://www.synapse.org/Synapse:syn52361807				syn52361807	syn51365303				
EUR	PPP1R14D	PPP1R14D_Q9NXH3_OID30997_v1_Neurology_II.tar	https://www.synapse.org/Synapse:syn52362198				syn52362198	syn51365303				
EUR	PPP1R2	PPP1R2_P41236_OID20176_v1_Cardiometabolic.tar	https://www.synapse.org/Synapse:syn51469367				syn51469367	syn51365303				
EUR	PPP1R9B	PPP1R9B_Q96SB3_OID20643_v1_Inflammation.tar	https://www.synapse.org/Synapse:syn51469752				syn51469752	syn51365303				
EUR	PPP2R5A	PPP2R5A_Q15172_OID31502_v1_Oncology_II.tar	https://www.synapse.org/Synapse:syn52363106	548331520		f9b09d44d3c69f9ac10597646cf51b83	syn52363106	syn51365303				
EUR	PPP3R1	PPP3R1_P63098_OID20902_v1_Neurology.tar	https://www.synapse.org/Synapse:syn51471203				syn51471203	syn51365303				
EUR	PPT1	PPT1_P50897_OID30947_v1_Neurology_II.tar	https://www.synapse.org/Synapse:syn52361330				syn52361330	syn51365303				
EUR	PPY	PPY_P01298_OID21516_v1_Oncology.tar	https://www.synapse.org/Synapse:syn51469001				syn51469001	syn51365303				
EUR	PQBP1	PQBP1_O60828_OID21172_v1_Oncology.tar	https://www.synapse.org/Synapse:syn51471013				syn51471013	syn51365303				
EUR	PRAME	PRAME_P78395_OID31165_v1_Oncology_II.tar	https://www.synapse.org/Synapse:syn52363616				syn52363616	syn51365303				
EUR	PRAP1	PRAP1_Q96NZ9_OID30391_v1_Cardiometabolic_II.tar	https://www.synapse.org/Synapse:syn52361911	549099520		96c79c5f1548260c2ed9712325e49336	syn52361911	syn51365303				
EUR	PRC1	PRC1_O43663_OID31345_v1_Oncology_II.tar	https://www.synapse.org/Synapse:syn52363470				syn52363470	syn51365303				
EUR	PRCP	PRCP_P42785_OID20337_v1_Cardiometabolic.tar	https://www.synapse.org/Synapse:syn51469988	549109760		4ce4178b76478401468a35d2b2eef08f	syn51469988	syn51365303				
EUR	PRDX1	PRDX1_Q06830_OID20962_v1_Neurology.tar	https://www.synapse.org/Synapse:syn51471009				syn51471009	syn51365303				
EUR	PRDX2	PRDX2_P32119_OID30668_v1_Inflammation_II.tar	https://www.synapse.org/Synapse:syn52361258				syn52361258	syn51365303				
EUR	PRDX3	PRDX3_P30048_OID20483_v1_Inflammation.tar	https://www.synapse.org/Synapse:syn51471205				syn51471205	syn51365303				
EUR	PRDX5	PRDX5_P30044_OID20644_v1_Inflammation.tar	https://www.synapse.org/Synapse:syn51470091				syn51470091	syn51365303				
EUR	PRDX6	PRDX6_P30041_OID21404_v1_Oncology.tar	https://www.synapse.org/Synapse:syn51469451				syn51469451	syn51365303				
EUR	PREB	PREB_Q9HCU5_OID20439_v1_Inflammation.tar	https://www.synapse.org/Synapse:syn51469580				syn51469580	syn51365303				
EUR	PRELP	PRELP_P51888_OID20766_v1_Inflammation.tar	https://www.synapse.org/Synapse:syn51469308				syn51469308	syn51365303				
EUR	PRG2	PRG2_P13727_OID30381_v1_Cardiometabolic_II.tar	https://www.synapse.org/Synapse:syn52361676				syn52361676	syn51365303				
EUR	PRG3	PRG3_Q9Y2Y8_OID30383_v1_Cardiometabolic_II.tar	https://www.synapse.org/Synapse:syn52362608	548884480		f515b8940c5b30422447e0117467967b	syn52362608	syn51365303				
EUR	PRKAB1	PRKAB1_Q9Y478_OID20444_v1_Inflammation.tar	https://www.synapse.org/Synapse:syn51469154				syn51469154	syn51365303				
EUR	PRKAG3	PRKAG3_Q9UGI9_OID30941_v1_Neurology_II.tar	https://www.synapse.org/Synapse:syn52363081				syn52363081	syn51365303				
EUR	PRKAR1A	PRKAR1A_P10644_OID20146_v1_Cardiometabolic.tar	https://www.synapse.org/Synapse:syn51470655	548014080		a081a7ec80795aa37116efa7f63bf680	syn51470655	syn51365303				
EUR	PRKAR2A	PRKAR2A_P13861_OID31119_v1_Neurology_II.tar	https://www.synapse.org/Synapse:syn52363561	548341760		e09a81effcab97e7a3559fc2ac537e7f	syn52363561	syn51365303				
EUR	PRKCQ	PRKCQ_Q04759_OID20468_v1_Inflammation.tar	https://www.synapse.org/Synapse:syn51469962				syn51469962	syn51365303				
EUR	PRKD2	PRKD2_Q9BZL6_OID30140_v1_Cardiometabolic_II.tar	https://www.synapse.org/Synapse:syn52361767				syn52361767	syn51365303				
EUR	PRKG1	PRKG1_Q13976_OID30621_v1_Inflammation_II.tar	https://www.synapse.org/Synapse:syn52363145	546232320		524a68673ac4241cfa98ee0a03e843ff	syn52363145	syn51365303				
EUR	PRKRA	PRKRA_O75569_OID21225_v1_Oncology.tar	https://www.synapse.org/Synapse:syn51468623				syn51468623	syn51365303				
EUR	PRL	PRL_P01236_OID21033_v1_Neurology.tar	https://www.synapse.org/Synapse:syn51470128				syn51470128	syn51365303				
EUR	PRND	PRND_Q9UKY0_OID31124_v1_Neurology_II.tar	https://www.synapse.org/Synapse:syn52362836	548618240		47b339fe13de7b832f23906ea7d63a93	syn52362836	syn51365303				
EUR	PROCR	PROCR_Q9UNN8_OID30149_v1_Cardiometabolic_II.tar	https://www.synapse.org/Synapse:syn52361673				syn52361673	syn51365303				
EUR	PROC	PROC_P04070_OID20402_v1_Cardiometabolic.tar	https://www.synapse.org/Synapse:syn51470272				syn51470272	syn51365303				
EUR	PROK1	PROK1_P58294_OID20543_v1_Inflammation.tar	https://www.synapse.org/Synapse:syn51469064				syn51469064	syn51365303				
EUR	PROS1	PROS1_P07225_OID30737_v1_Inflammation_II.tar	https://www.synapse.org/Synapse:syn52363048				syn52363048	syn51365303				
EUR	PRR4	PRR4_Q16378_OID30607_v1_Inflammation_II.tar	https://www.synapse.org/Synapse:syn52362075	546099200		872ddcc1582e62ec148609e39d002ace	syn52362075	syn51365303				
EUR	PRR5	PRR5_P85299_OID30457_v1_Inflammation_II.tar	https://www.synapse.org/Synapse:syn52363308				syn52363308	syn51365303				
EUR	PRRT3	PRRT3_Q5FWE3_OID30276_v1_Cardiometabolic_II.tar	https://www.synapse.org/Synapse:syn52361679				syn52361679	syn51365303				
EUR	PRSS22	PRSS22_Q9GZN4_OID30483_v1_Inflammation_II.tar	https://www.synapse.org/Synapse:syn52362760				syn52362760	syn51365303				
EUR	PRSS27	PRSS27_Q9BQR3_OID20212_v1_Cardiometabolic.tar	https://www.synapse.org/Synapse:syn51469194	548044800		cc6863cf0d9668a736986446c8e1adf1	syn51469194	syn51365303				
EUR	PRSS2	PRSS2_P07478_OID20364_v1_Cardiometabolic.tar	https://www.synapse.org/Synapse:syn51469147	548382720		9ecf3c85dcb53762f0a99b4c4695c5e0	syn51469147	syn51365303				
EUR	PRSS53	PRSS53_Q2L4Q9_OID31093_v1_Neurology_II.tar	https://www.synapse.org/Synapse:syn52362293	549734400		6a9d47989caee28fc86455bfcdbf4eb1	syn52362293	syn51365303				
EUR	PRSS8	PRSS8_Q16651_OID20763_v1_Inflammation.tar	https://www.synapse.org/Synapse:syn51470497				syn51470497	syn51365303				
EUR	PRTFDC1	PRTFDC1_Q9NRG1_OID20867_v1_Neurology.tar	https://www.synapse.org/Synapse:syn51468581				syn51468581	syn51365303				
EUR	PRTG	PRTG_Q2VWP7_OID21443_v1_Oncology.tar	https://www.synapse.org/Synapse:syn51471317				syn51471317	syn51365303				
EUR	PRTN3	PRTN3_P24158_OID20329_v1_Cardiometabolic.tar	https://www.synapse.org/Synapse:syn51469755	544798720		99561225183194a42b57bd47ba262447	syn51469755	syn51365303				
EUR	PRUNE2	PRUNE2_Q8WUY3_OID31270_v1_Oncology_II.tar	https://www.synapse.org/Synapse:syn52363076				syn52363076	syn51365303				
EUR	PSAPL1	PSAPL1_Q6NUJ1_OID31473_v1_Oncology_II.tar	https://www.synapse.org/Synapse:syn52362693	548945920		92a85b015c9ce1bbf61f3c8669ccb128	syn52362693	syn51365303				
EUR	PSAP	PSAP_P07602_OID30419_v1_Cardiometabolic_II.tar	https://www.synapse.org/Synapse:syn52362823				syn52362823	syn51365303				
EUR	PSCA	PSCA_O43653_OID31493_v1_Oncology_II.tar	https://www.synapse.org/Synapse:syn52361780				syn52361780	syn51365303				
EUR	PSG1	PSG1_P11464_OID20916_v1_Neurology.tar	https://www.synapse.org/Synapse:syn51469512	548096000		84878920d8b016a0e77fa3488e2d5897	syn51469512	syn51365303				
EUR	PSIP1	PSIP1_O75475_OID20534_v1_Inflammation.tar	https://www.synapse.org/Synapse:syn51468804				syn51468804	syn51365303				
EUR	PSMA1	PSMA1_P25786_OID21221_v1_Oncology.tar	https://www.synapse.org/Synapse:syn51469876				syn51469876	syn51365303				
EUR	PSMC3	PSMC3_P17980_OID31200_v1_Oncology_II.tar	https://www.synapse.org/Synapse:syn52361490				syn52361490	syn51365303				
EUR	PSMD1	PSMD1_Q99460_OID31058_v1_Neurology_II.tar	https://www.synapse.org/Synapse:syn52362992				syn52362992	syn51365303				
EUR	PSMD5	PSMD5_Q16401_OID30918_v1_Neurology_II.tar	https://www.synapse.org/Synapse:syn52362957				syn52362957	syn51365303				
EUR	PSMD9	PSMD9_O00233_OID21304_v1_Oncology.tar	https://www.synapse.org/Synapse:syn51468599				syn51468599	syn51365303				
EUR	PSME1	PSME1_Q06323_OID20969_v1_Neurology.tar	https://www.synapse.org/Synapse:syn51469394				syn51469394	syn51365303				
EUR	PSME2	PSME2_Q9UL46_OID20989_v1_Neurology.tar	https://www.synapse.org/Synapse:syn51468474				syn51468474	syn51365303				
EUR	PSMG3	PSMG3_Q9BT73_OID20549_v1_Inflammation.tar	https://www.synapse.org/Synapse:syn51468733				syn51468733	syn51365303				
EUR	PSMG4	PSMG4_Q5JS54_OID30514_v1_Inflammation_II.tar	https://www.synapse.org/Synapse:syn52363535				syn52363535	syn51365303				
EUR	PSPN	PSPN_O60542_OID20511_v1_Inflammation.tar	https://www.synapse.org/Synapse:syn51470982	549150720		c69b5a02eb1e0b91a54c6128783ed389	syn51470982	syn51365303				
EUR	PSRC1	PSRC1_Q6PGN9_OID21169_v1_Oncology.tar	https://www.synapse.org/Synapse:syn51469011				syn51469011	syn51365303				
EUR	PSTPIP2	PSTPIP2_Q9H939_OID30596_v1_Inflammation_II.tar	https://www.synapse.org/Synapse:syn52362526				syn52362526	syn51365303				
EUR	PTEN	PTEN_P60484_OID20794_v1_Neurology.tar	https://www.synapse.org/Synapse:syn51469903				syn51469903	syn51365303				
EUR	PTGDS	PTGDS_P41222_OID20408_v1_Cardiometabolic.tar	https://www.synapse.org/Synapse:syn51471026	547000320		2c258b1816d1ed9b00b35b035ae83d04	syn51471026	syn51365303				
EUR	PTGES2	PTGES2_Q9H7Z7_OID30561_v1_Inflammation_II.tar	https://www.synapse.org/Synapse:syn52361598				syn52361598	syn51365303				
EUR	PTGR1	PTGR1_Q14914_OID30297_v1_Cardiometabolic_II.tar	https://www.synapse.org/Synapse:syn52361763	549201920		4e8095f6a00b0456b9e07b54df2350ab	syn52361763	syn51365303				
EUR	PTH1R	PTH1R_Q03431_OID20571_v1_Inflammation.tar	https://www.synapse.org/Synapse:syn51471299				syn51471299	syn51365303				
EUR	PTH	PTH_P01270_OID30963_v1_Neurology_II.tar	https://www.synapse.org/Synapse:syn52362490				syn52362490	syn51365303				
EUR	PTK7	PTK7_Q13308_OID20880_v1_Neurology.tar	https://www.synapse.org/Synapse:syn51470112				syn51470112	syn51365303				
EUR	PTN	PTN_P21246_OID20083_v1_Cardiometabolic.tar	https://www.synapse.org/Synapse:syn51469054				syn51469054	syn51365303				
EUR	PTP4A3	PTP4A3_O75365_OID30469_v1_Inflammation_II.tar	https://www.synapse.org/Synapse:syn52361476				syn52361476	syn51365303				
EUR	PTPN1	PTPN1_P18031_OID20908_v1_Neurology.tar	https://www.synapse.org/Synapse:syn51469143				syn51469143	syn51365303				
EUR	PTPN6	PTPN6_P29350_OID20717_v1_Inflammation.tar	https://www.synapse.org/Synapse:syn51470464				syn51470464	syn51365303				
EUR	PTPN9	PTPN9_P43378_OID30437_v1_Inflammation_II.tar	https://www.synapse.org/Synapse:syn52363005				syn52363005	syn51365303				
EUR	PTPRB	PTPRB_P23467_OID30324_v1_Cardiometabolic_II.tar	https://www.synapse.org/Synapse:syn52363339	549273600		c4e85d5f689819975a22fb83115f8092	syn52363339	syn51365303				
EUR	PTPRC	PTPRC_P08575_OID30380_v1_Cardiometabolic_II.tar	https://www.synapse.org/Synapse:syn52363205				syn52363205	syn51365303				
EUR	PTPRF	PTPRF_P10586_OID20310_v1_Cardiometabolic.tar	https://www.synapse.org/Synapse:syn51469928				syn51469928	syn51365303				
EUR	PTPRH	PTPRH_Q9HD43_OID31433_v1_Oncology_II.tar	https://www.synapse.org/Synapse:syn52362147	548997120		e46f628c3e7885328ace1a6c28701877	syn52362147	syn51365303				
EUR	PTPRK	PTPRK_Q15262_OID31461_v1_Oncology_II.tar	https://www.synapse.org/Synapse:syn52363588	548331520		0a563307d222c1997ed3cdc9d69cdbbf	syn52363588	syn51365303				
EUR	PTPRM	PTPRM_P28827_OID20598_v1_Inflammation.tar	https://www.synapse.org/Synapse:syn51469577	548352000		a869eb9c58a81ef957418a9cd8d1557b	syn51469577	syn51365303				
EUR	PTPRN2	PTPRN2_Q92932_OID20912_v1_Neurology.tar	https://www.synapse.org/Synapse:syn51468608				syn51468608	syn51365303				
EUR	PTPRR	PTPRR_Q15256_OID31099_v1_Neurology_II.tar	https://www.synapse.org/Synapse:syn52362539				syn52362539	syn51365303				
EUR	PTPRS	PTPRS_Q13332_OID20306_v1_Cardiometabolic.tar	https://www.synapse.org/Synapse:syn51468713	549427200		b15447511937551cc7b8be27905f9b36	syn51468713	syn51365303				
EUR	PTPRZ1	PTPRZ1_P23471_OID30343_v1_Cardiometabolic_II.tar	https://www.synapse.org/Synapse:syn52362772	549386240		c235e1798dae923808770031be2f7619	syn52362772	syn51365303				
EUR	PTRHD1	PTRHD1_Q6GMV3_OID30659_v1_Inflammation_II.tar	https://www.synapse.org/Synapse:syn52361342				syn52361342	syn51365303				
EUR	PTS	PTS_Q03393_OID20847_v1_Neurology.tar	https://www.synapse.org/Synapse:syn51469314				syn51469314	syn51365303				
EUR	PTTG1	PTTG1_O95997_OID31326_v1_Oncology_II.tar	https://www.synapse.org/Synapse:syn52361642				syn52361642	syn51365303				
EUR	PTX3	PTX3_P26022_OID20570_v1_Inflammation.tar	https://www.synapse.org/Synapse:syn51469397				syn51469397	syn51365303				
EUR	PVALB	PVALB_P20472_OID21420_v1_Oncology.tar	https://www.synapse.org/Synapse:syn51468961	549130240		ae3f08f4b130936eceef8da424a5d972	syn51468961	syn51365303				
EUR	PVR	PVR_P15151_OID21011_v1_Neurology.tar	https://www.synapse.org/Synapse:syn51469699	549754880		85b5f56fb7dd6ef6bb29eb901b1fcf1e	syn51469699	syn51365303				
EUR	PXDNL	PXDNL_A1KZ92_OID31405_v1_Oncology_II.tar	https://www.synapse.org/Synapse:syn52362896				syn52362896	syn51365303				
EUR	PXN	PXN_P49023_OID20822_v1_Neurology.tar	https://www.synapse.org/Synapse:syn51468613				syn51468613	syn51365303				
EUR	PYDC1	PYDC1_Q8WXC3_OID30202_v1_Cardiometabolic_II.tar	https://www.synapse.org/Synapse:syn52362040	546416640		a5b11c45164882c7c6486babd355c0e8	syn52362040	syn51365303				
EUR	PYY	PYY_P10082_OID30150_v1_Cardiometabolic_II.tar	https://www.synapse.org/Synapse:syn52361510				syn52361510	syn51365303				
EUR	PZP	PZP_P20742_OID30730_v1_Inflammation_II.tar	https://www.synapse.org/Synapse:syn52361571				syn52361571	syn51365303				
EUR	QDPR	QDPR_P09417_OID20174_v1_Cardiometabolic.tar	https://www.synapse.org/Synapse:syn51470893				syn51470893	syn51365303				
EUR	QPCT	QPCT_Q16769_OID20320_v1_Cardiometabolic.tar	https://www.synapse.org/Synapse:syn51468447	548372480		f76b29ebf87a2b2ff56ba169a00a9980	syn51468447	syn51365303				
EUR	QSOX1	QSOX1_O00391_OID30729_v1_Inflammation_II.tar	https://www.synapse.org/Synapse:syn52362163				syn52362163	syn51365303				
EUR	RAB10	RAB10_P61026_OID30357_v1_Cardiometabolic_II.tar	https://www.synapse.org/Synapse:syn52361509	548833280		67ed30e54b44d76e7847d188855af1f0	syn52361509	syn51365303				
EUR	RAB11FIP3	RAB11FIP3_O75154_OID30325_v1_Cardiometabolic_II.tar	https://www.synapse.org/Synapse:syn52363565				syn52363565	syn51365303				
EUR	RAB27B	RAB27B_O00194_OID30354_v1_Cardiometabolic_II.tar	https://www.synapse.org/Synapse:syn52362455	548853760		d4d6944d9f8ed424716dbf7d264617c3	syn52362455	syn51365303				
EUR	RAB2B	RAB2B_Q8WUD1_OID31362_v1_Oncology_II.tar	https://www.synapse.org/Synapse:syn52362661				syn52362661	syn51365303				
EUR	RAB33A	RAB33A_Q14088_OID30122_v1_Cardiometabolic_II.tar	https://www.synapse.org/Synapse:syn52361615	545034240		9c2837240a80113161fd93e7a7e3caa2	syn52361615	syn51365303				
EUR	RAB37	RAB37_Q96AX2_OID20425_v1_Inflammation.tar	https://www.synapse.org/Synapse:syn51468481				syn51468481	syn51365303				
EUR	RAB39B	RAB39B_Q96DA2_OID30069_v1_Cardiometabolic_II.tar	https://www.synapse.org/Synapse:syn52362271				syn52362271	syn51365303				
EUR	RAB3GAP1	RAB3GAP1_Q15042_OID30829_v1_Neurology_II.tar	https://www.synapse.org/Synapse:syn52362085				syn52362085	syn51365303				
EUR	RAB44	RAB44_Q7Z6P3_OID31346_v1_Oncology_II.tar	https://www.synapse.org/Synapse:syn52362520				syn52362520	syn51365303				
EUR	RAB6A	RAB6A_P20340_OID20608_v1_Inflammation.tar	https://www.synapse.org/Synapse:syn51469942				syn51469942	syn51365303				
EUR	RAB6B	RAB6B_Q9NRW1_OID20817_v1_Neurology.tar	https://www.synapse.org/Synapse:syn51471259				syn51471259	syn51365303				
EUR	RABEP1	RABEP1_Q15276_OID30647_v1_Inflammation_II.tar	https://www.synapse.org/Synapse:syn52362981				syn52362981	syn51365303				
EUR	RABEPK	RABEPK_Q7Z6M1_OID21163_v1_Oncology.tar	https://www.synapse.org/Synapse:syn51469452				syn51469452	syn51365303				
EUR	RABGAP1L	RABGAP1L_Q5R372_OID20447_v1_Inflammation.tar	https://www.synapse.org/Synapse:syn51470978				syn51470978	syn51365303				
EUR	RAC3	RAC3_P60763_OID30958_v1_Neurology_II.tar	https://www.synapse.org/Synapse:syn52362629				syn52362629	syn51365303				
EUR	RAD23B	RAD23B_P54727_OID21166_v1_Oncology.tar	https://www.synapse.org/Synapse:syn51469779				syn51469779	syn51365303				
EUR	RAD51	RAD51_Q06609_OID31254_v1_Oncology_II.tar	https://www.synapse.org/Synapse:syn52363497				syn52363497	syn51365303				
EUR	RALB	RALB_P11234_OID30567_v1_Inflammation_II.tar	https://www.synapse.org/Synapse:syn52361257				syn52361257	syn51365303				
EUR	RALY	RALY_Q9UKM9_OID31382_v1_Oncology_II.tar	https://www.synapse.org/Synapse:syn52363463				syn52363463	syn51365303				
EUR	RANBP1	RANBP1_P43487_OID30258_v1_Cardiometabolic_II.tar	https://www.synapse.org/Synapse:syn52362094				syn52362094	syn51365303				
EUR	RANBP2	RANBP2_P49792_OID30812_v1_Neurology_II.tar	https://www.synapse.org/Synapse:syn52362103				syn52362103	syn51365303				
EUR	RANGAP1	RANGAP1_P46060_OID21203_v1_Oncology.tar	https://www.synapse.org/Synapse:syn51470820				syn51470820	syn51365303				
EUR	RAP1A	RAP1A_P62834_OID30452_v1_Inflammation_II.tar	https://www.synapse.org/Synapse:syn52362529				syn52362529	syn51365303				
EUR	RAPGEF2	RAPGEF2_Q9Y4G8_OID31337_v1_Oncology_II.tar	https://www.synapse.org/Synapse:syn52362453	546826240		4c49d2b7f4e08b335ed0a9ae4ff63148	syn52362453	syn51365303				
EUR	RARRES1	RARRES1_P49788_OID21177_v1_Oncology.tar	https://www.synapse.org/Synapse:syn51471395	545474560		8e798047dd89573aba9bf86b7b278050	syn51471395	syn51365303				
EUR	RARRES2	RARRES2_Q99969_OID20373_v1_Cardiometabolic.tar	https://www.synapse.org/Synapse:syn51469352	548669440		227a09275d7fb3af091611bf0a43ab24	syn51469352	syn51365303				
EUR	RASA1	RASA1_P20936_OID20826_v1_Neurology.tar	https://www.synapse.org/Synapse:syn51469170				syn51469170	syn51365303				
EUR	RASGRF1	RASGRF1_Q13972_OID31213_v1_Oncology_II.tar	https://www.synapse.org/Synapse:syn52362672				syn52362672	syn51365303				
EUR	RASSF2	RASSF2_P50749_OID21194_v1_Oncology.tar	https://www.synapse.org/Synapse:syn51468779				syn51468779	syn51365303				
EUR	RBFOX3	RBFOX3_A6NFN3_OID30984_v1_Neurology_II.tar	https://www.synapse.org/Synapse:syn52362379	548956160		ea584a7d92bd1f2faef0dce3c4d1513d	syn52362379	syn51365303				
EUR	RBKS	RBKS_Q9H477_OID20986_v1_Neurology.tar	https://www.synapse.org/Synapse:syn51471305	545423360		df65c94d475fafff2aca258d0e33cbf5	syn51471305	syn51365303				
EUR	RBM17	RBM17_Q96I25_OID31034_v1_Neurology_II.tar	https://www.synapse.org/Synapse:syn52362614				syn52362614	syn51365303				
EUR	RBM19	RBM19_Q9Y4C8_OID30090_v1_Cardiometabolic_II.tar	https://www.synapse.org/Synapse:syn52362153				syn52362153	syn51365303				
EUR	RBM25	RBM25_P49756_OID31236_v1_Oncology_II.tar	https://www.synapse.org/Synapse:syn52362005				syn52362005	syn51365303				
EUR	RBP1	RBP1_P09455_OID30913_v1_Neurology_II.tar	https://www.synapse.org/Synapse:syn52362129				syn52362129	syn51365303				
EUR	RBP2	RBP2_P50120_OID21365_v1_Oncology.tar	https://www.synapse.org/Synapse:syn51469659	547420160		a942a1e1ab13f14a26fa7ecea31e79da	syn51469659	syn51365303				
EUR	RBP5	RBP5_P82980_OID21369_v1_Oncology.tar	https://www.synapse.org/Synapse:syn51470983	547635200		54ccfe374456c8a4323b9a901ea9298e	syn51470983	syn51365303				
EUR	RBP7	RBP7_Q96R05_OID31526_v1_Oncology_II.tar	https://www.synapse.org/Synapse:syn52362160				syn52362160	syn51365303				
EUR	RBPMS2	RBPMS2_Q6ZRY4_OID30257_v1_Cardiometabolic_II.tar	https://www.synapse.org/Synapse:syn52362337	545792000		c13a977b654dfbe3f203c308af0de00d	syn52362337	syn51365303				
EUR	RBPMS	RBPMS_Q93062_OID30507_v1_Inflammation_II.tar	https://www.synapse.org/Synapse:syn52362315				syn52362315	syn51365303				
EUR	RCC1	RCC1_P18754_OID31356_v1_Oncology_II.tar	https://www.synapse.org/Synapse:syn52362456				syn52362456	syn51365303				
EUR	RCOR1	RCOR1_Q9UKL0_OID20073_v1_Cardiometabolic.tar	https://www.synapse.org/Synapse:syn51470180	545699840		9b41035dd64b184722cf400a2c4481f7	syn51470180	syn51365303				
EUR	RECK	RECK_O95980_OID30234_v1_Cardiometabolic_II.tar	https://www.synapse.org/Synapse:syn52361484	546048000		65e9288e66cb652dedd7a12d6ca20b18	syn52361484	syn51365303				
EUR	REEP4	REEP4_Q9H6H4_OID31028_v1_Neurology_II.tar	https://www.synapse.org/Synapse:syn52363658				syn52363658	syn51365303				
EUR	REG1A	REG1A_P05451_OID20415_v1_Cardiometabolic.tar	https://www.synapse.org/Synapse:syn51470191				syn51470191	syn51365303				
EUR	REG1B	REG1B_P48304_OID20266_v1_Cardiometabolic.tar	https://www.synapse.org/Synapse:syn51469135	549560320		8251bfbb4b9496a965ec134723f8b208	syn51469135	syn51365303				
EUR	REG3A	REG3A_Q06141_OID20258_v1_Cardiometabolic.tar	https://www.synapse.org/Synapse:syn51470169	549519360		5fd8cda9f8003601b5937fbf5920b278	syn51470169	syn51365303				
EUR	REG3G	REG3G_Q6UW15_OID31408_v1_Oncology_II.tar	https://www.synapse.org/Synapse:syn52362110				syn52362110	syn51365303				
EUR	REG4	REG4_Q9BYZ8_OID20784_v1_Inflammation.tar	https://www.synapse.org/Synapse:syn51468730				syn51468730	syn51365303				
EUR	RELB	RELB_Q01201_OID30463_v1_Inflammation_II.tar	https://www.synapse.org/Synapse:syn52361683				syn52361683	syn51365303				
EUR	RELT	RELT_Q969Z4_OID21142_v1_Neurology.tar	https://www.synapse.org/Synapse:syn51468587				syn51468587	syn51365303				
EUR	REN	REN_P00797_OID20201_v1_Cardiometabolic.tar	https://www.synapse.org/Synapse:syn51470258				syn51470258	syn51365303				
EUR	REPS1	REPS1_Q96D71_OID30496_v1_Inflammation_II.tar	https://www.synapse.org/Synapse:syn52361952				syn52361952	syn51365303				
EUR	REST	REST_Q13127_OID31248_v1_Oncology_II.tar	https://www.synapse.org/Synapse:syn52361997				syn52361997	syn51365303				
EUR	RETN	RETN_Q9HD89_OID20327_v1_Cardiometabolic.tar	https://www.synapse.org/Synapse:syn51471223	547768320		8608d7564148f9c1ec7ab4187112691c	syn51471223	syn51365303				
EUR	RET	RET_P07949_OID21346_v1_Oncology.tar	https://www.synapse.org/Synapse:syn51468485				syn51468485	syn51365303				
EUR	REXO2	REXO2_Q9Y3B8_OID30075_v1_Cardiometabolic_II.tar	https://www.synapse.org/Synapse:syn52361455				syn52361455	syn51365303				
EUR	RFC4	RFC4_P35249_OID31376_v1_Oncology_II.tar	https://www.synapse.org/Synapse:syn52361830	548239360		f0cc53b74ae1d83425c14d904ac3217f	syn52361830	syn51365303				
EUR	RGCC	RGCC_Q9H4X1_OID31060_v1_Neurology_II.tar	https://www.synapse.org/Synapse:syn52362960	548608000		878c777ae9b12e19dddb52212dcced40	syn52362960	syn51365303				
EUR	RGL2	RGL2_O15211_OID31297_v1_Oncology_II.tar	https://www.synapse.org/Synapse:syn52362789				syn52362789	syn51365303				
EUR	RGMA	RGMA_Q96B86_OID21065_v1_Neurology.tar	https://www.synapse.org/Synapse:syn51470245	549099520		0ea657aa5b4ffd30e76c435abcf6df09	syn51470245	syn51365303				
EUR	RGMB	RGMB_Q6NW40_OID21045_v1_Neurology.tar	https://www.synapse.org/Synapse:syn51469128				syn51469128	syn51365303				
EUR	RGS10	RGS10_O43665_OID30999_v1_Neurology_II.tar	https://www.synapse.org/Synapse:syn52361674				syn52361674	syn51365303				
EUR	RGS8	RGS8_P57771_OID20454_v1_Inflammation.tar	https://www.synapse.org/Synapse:syn51471296				syn51471296	syn51365303				
EUR	RHOC	RHOC_P08134_OID20950_v1_Neurology.tar	https://www.synapse.org/Synapse:syn51471359				syn51471359	syn51365303				
EUR	RICTOR	RICTOR_Q6R327_OID30433_v1_Inflammation_II.tar	https://www.synapse.org/Synapse:syn52361268				syn52361268	syn51365303				
EUR	RIDA	RIDA_P52758_OID30635_v1_Inflammation_II.tar	https://www.synapse.org/Synapse:syn52362301				syn52362301	syn51365303				
EUR	RILPL2	RILPL2_Q969X0_OID30342_v1_Cardiometabolic_II.tar	https://www.synapse.org/Synapse:syn52362344				syn52362344	syn51365303				
EUR	RILP	RILP_Q96NA2_OID21436_v1_Oncology.tar	https://www.synapse.org/Synapse:syn51469114				syn51469114	syn51365303				
EUR	RIPK4	RIPK4_P57078_OID30138_v1_Cardiometabolic_II.tar	https://www.synapse.org/Synapse:syn52363158				syn52363158	syn51365303				
EUR	RLN1	RLN1_P04808_OID30995_v1_Neurology_II.tar	https://www.synapse.org/Synapse:syn52362335				syn52362335	syn51365303				
EUR	RLN2	RLN2_P04090_OID30601_v1_Inflammation_II.tar	https://www.synapse.org/Synapse:syn52362359				syn52362359	syn51365303				
EUR	RNASE10	RNASE10_Q5GAN6_OID30238_v1_Cardiometabolic_II.tar	https://www.synapse.org/Synapse:syn52361283				syn52361283	syn51365303				
EUR	RNASE1	RNASE1_P07998_OID30672_v1_Inflammation_II.tar	https://www.synapse.org/Synapse:syn52363345				syn52363345	syn51365303				
EUR	RNASE3	RNASE3_P12724_OID20203_v1_Cardiometabolic.tar	https://www.synapse.org/Synapse:syn51470147				syn51470147	syn51365303				
EUR	RNASE4	RNASE4_P34096_OID30705_v1_Inflammation_II.tar	https://www.synapse.org/Synapse:syn52363641				syn52363641	syn51365303				
EUR	RNASE6	RNASE6_Q93091_OID30689_v1_Inflammation_II.tar	https://www.synapse.org/Synapse:syn52362691				syn52362691	syn51365303				
EUR	RNASEH2A	RNASEH2A_O75792_OID31027_v1_Neurology_II.tar	https://www.synapse.org/Synapse:syn52361463				syn52361463	syn51365303				
EUR	RNASET2	RNASET2_O00584_OID20321_v1_Cardiometabolic.tar	https://www.synapse.org/Synapse:syn51469384	549304320		2d3daa58282767bf8b2abe87fdc7f9cd	syn51469384	syn51365303				
EUR	RNF149	RNF149_Q8NC42_OID30235_v1_Cardiometabolic_II.tar	https://www.synapse.org/Synapse:syn52362684				syn52362684	syn51365303				
EUR	RNF168	RNF168_Q8IYW5_OID30506_v1_Inflammation_II.tar	https://www.synapse.org/Synapse:syn52362574				syn52362574	syn51365303				
EUR	RNF31	RNF31_Q96EP0_OID30473_v1_Inflammation_II.tar	https://www.synapse.org/Synapse:syn52363486				syn52363486	syn51365303				
EUR	RNF41	RNF41_Q9H4P4_OID21179_v1_Oncology.tar	https://www.synapse.org/Synapse:syn51469896				syn51469896	syn51365303				
EUR	RNF43	RNF43_Q68DV7_OID31291_v1_Oncology_II.tar	https://www.synapse.org/Synapse:syn52362447				syn52362447	syn51365303				
EUR	RNF4	RNF4_P78317_OID31321_v1_Oncology_II.tar	https://www.synapse.org/Synapse:syn52362200				syn52362200	syn51365303				
EUR	RNF5	RNF5_Q99942_OID30218_v1_Cardiometabolic_II.tar	https://www.synapse.org/Synapse:syn52362121				syn52362121	syn51365303				
EUR	ROBO1	ROBO1_Q9Y6N7_OID20734_v1_Inflammation.tar	https://www.synapse.org/Synapse:syn51471454	548147200		1cc5f2acbc0aebb17eab07ecefe18de9	syn51471454	syn51365303				
EUR	ROBO2	ROBO2_Q9HCK4_OID21007_v1_Neurology.tar	https://www.synapse.org/Synapse:syn51469573	549140480		0383cccd6cecbeb81e02aa075508f1bb	syn51469573	syn51365303				
EUR	ROBO4	ROBO4_Q8WZ75_OID30226_v1_Cardiometabolic_II.tar	https://www.synapse.org/Synapse:syn52363604				syn52363604	syn51365303				
EUR	ROR1	ROR1_Q01973_OID20224_v1_Cardiometabolic.tar	https://www.synapse.org/Synapse:syn51468792	548218880		96788a0dc8db5313129da37aaabff698	syn51468792	syn51365303				
EUR	RP2	RP2_O75695_OID21302_v1_Oncology.tar	https://www.synapse.org/Synapse:syn51469148				syn51469148	syn51365303				
EUR	RPA2	RPA2_P15927_OID30453_v1_Inflammation_II.tar	https://www.synapse.org/Synapse:syn52361990				syn52361990	syn51365303				
EUR	RPE	RPE_Q96AT9_OID31324_v1_Oncology_II.tar	https://www.synapse.org/Synapse:syn52361891				syn52361891	syn51365303				
EUR	RPGR	RPGR_Q92834_OID30959_v1_Neurology_II.tar	https://www.synapse.org/Synapse:syn52363624				syn52363624	syn51365303				
EUR	RPL14	RPL14_P50914_OID30284_v1_Cardiometabolic_II.tar	https://www.synapse.org/Synapse:syn52362424				syn52362424	syn51365303				
EUR	RPS10	RPS10_P46783_OID30070_v1_Cardiometabolic_II.tar	https://www.synapse.org/Synapse:syn52363196				syn52363196	syn51365303				
EUR	RRAS	RRAS_P10301_OID30961_v1_Neurology_II.tar	https://www.synapse.org/Synapse:syn52361500				syn52361500	syn51365303				
EUR	RRM2B	RRM2B_Q7LG56_OID21174_v1_Oncology.tar	https://www.synapse.org/Synapse:syn51469200				syn51469200	syn51365303				
EUR	RRM2	RRM2_P31350_OID21187_v1_Oncology.tar	https://www.synapse.org/Synapse:syn51469575				syn51469575	syn51365303				
EUR	RRP15	RRP15_Q9Y3B9_OID30867_v1_Neurology_II.tar	https://www.synapse.org/Synapse:syn52363495				syn52363495	syn51365303				
EUR	RSPO1	RSPO1_Q2MKA7_OID20938_v1_Neurology.tar	https://www.synapse.org/Synapse:syn51470434	547205120		7a920ffcc2e22174592df4e4726ddc09	syn51470434	syn51365303				
EUR	RSPO3	RSPO3_Q9BXY4_OID21415_v1_Oncology.tar	https://www.synapse.org/Synapse:syn51470656	549212160		c0e28375d9f60b542d8620de05da7843	syn51470656	syn51365303				
EUR	RTBDN	RTBDN_Q9BSG5_OID21343_v1_Oncology.tar	https://www.synapse.org/Synapse:syn51469634	547522560		f4df9c5ec286977407f070e9696386a0	syn51469634	syn51365303				
EUR	RTKN2	RTKN2_Q8IZC4_OID30049_v1_Cardiometabolic_II.tar	https://www.synapse.org/Synapse:syn52362454				syn52362454	syn51365303				
EUR	RTN4IP1	RTN4IP1_Q8WWV3_OID31030_v1_Neurology_II.tar	https://www.synapse.org/Synapse:syn52361971	548546560		2fcee6631c51e271b706045503f85f52	syn52361971	syn51365303				
EUR	RTN4R	RTN4R_Q9BZR6_OID21424_v1_Oncology.tar	https://www.synapse.org/Synapse:syn51469568	549130240		2fb8f4abf66d84342752ba86bf92ce2a	syn51469568	syn51365303				
EUR	RUVBL1	RUVBL1_Q9Y265_OID21211_v1_Oncology.tar	https://www.synapse.org/Synapse:syn51471185				syn51471185	syn51365303				
EUR	RWDD1	RWDD1_Q9H446_OID21015_v1_Neurology.tar	https://www.synapse.org/Synapse:syn51468659				syn51468659	syn51365303				
EUR	RYR1	RYR1_P21817_OID30085_v1_Cardiometabolic_II.tar	https://www.synapse.org/Synapse:syn52361959				syn52361959	syn51365303				
EUR	S100A11	S100A11_P31949_OID20130_v1_Cardiometabolic.tar	https://www.synapse.org/Synapse:syn51470817				syn51470817	syn51365303				
EUR	S100A12	S100A12_P80511_OID21374_v1_Oncology.tar	https://www.synapse.org/Synapse:syn51471314				syn51471314	syn51365303				
EUR	S100A13	S100A13_Q99584_OID30529_v1_Inflammation_II.tar	https://www.synapse.org/Synapse:syn52362348				syn52362348	syn51365303				
EUR	S100A14	S100A14_Q9HCY8_OID30987_v1_Neurology_II.tar	https://www.synapse.org/Synapse:syn52363633	548577280		0a2f5e31e2b37acf95ddc05fe6704bc8	syn52363633	syn51365303				
EUR	S100A16	S100A16_Q96FQ6_OID20878_v1_Neurology.tar	https://www.synapse.org/Synapse:syn51469072				syn51469072	syn51365303				
EUR	S100A3	S100A3_P33764_OID31352_v1_Oncology_II.tar	https://www.synapse.org/Synapse:syn52363640				syn52363640	syn51365303				
EUR	S100A4	S100A4_P26447_OID21519_v1_Oncology.tar	https://www.synapse.org/Synapse:syn51469636				syn51469636	syn51365303				
EUR	S100G	S100G_P29377_OID31051_v1_Neurology_II.tar	https://www.synapse.org/Synapse:syn52361827				syn52361827	syn51365303				
EUR	S100P	S100P_P25815_OID20103_v1_Cardiometabolic.tar	https://www.synapse.org/Synapse:syn51471144				syn51471144	syn51365303				
EUR	SAA4	SAA4_P35542_OID30726_v1_Inflammation_II.tar	https://www.synapse.org/Synapse:syn52362450				syn52362450	syn51365303				
EUR	SAFB2	SAFB2_Q14151_OID31012_v1_Neurology_II.tar	https://www.synapse.org/Synapse:syn52362044				syn52362044	syn51365303				
EUR	SAG	SAG_P10523_OID30874_v1_Neurology_II.tar	https://www.synapse.org/Synapse:syn52363409				syn52363409	syn51365303				
EUR	SAMD9L	SAMD9L_Q8IVG5_OID20536_v1_Inflammation.tar	https://www.synapse.org/Synapse:syn51471279	548003840		66349e3218014f9a77c109a4e3bd1c08	syn51471279	syn51365303				
EUR	SAP18	SAP18_O00422_OID31323_v1_Oncology_II.tar	https://www.synapse.org/Synapse:syn52362307	546764800		25eb2c41bd09bf6c83f4959f5089486e	syn52362307	syn51365303				
EUR	SARG	SARG_Q9BW04_OID30331_v1_Cardiometabolic_II.tar	https://www.synapse.org/Synapse:syn52361320				syn52361320	syn51365303				
EUR	SART1	SART1_O43290_OID30113_v1_Cardiometabolic_II.tar	https://www.synapse.org/Synapse:syn52363664				syn52363664	syn51365303				
EUR	SAT1	SAT1_P21673_OID30111_v1_Cardiometabolic_II.tar	https://www.synapse.org/Synapse:syn52363529				syn52363529	syn51365303				
EUR	SAT2	SAT2_Q96F10_OID31306_v1_Oncology_II.tar	https://www.synapse.org/Synapse:syn52363468				syn52363468	syn51365303				
EUR	SATB1	SATB1_Q01826_OID31038_v1_Neurology_II.tar	https://www.synapse.org/Synapse:syn52363400				syn52363400	syn51365303				
EUR	SBSN	SBSN_Q6UWP8_OID30398_v1_Cardiometabolic_II.tar	https://www.synapse.org/Synapse:syn52362749	548833280		91835e98fb1a2ddcf80c1ecf814e19b2	syn52362749	syn51365303				
EUR	SCAMP3	SCAMP3_O14828_OID21332_v1_Oncology.tar	https://www.synapse.org/Synapse:syn51471011				syn51471011	syn51365303				
EUR	SCARA5	SCARA5_Q6ZMJ2_OID21058_v1_Neurology.tar	https://www.synapse.org/Synapse:syn51469924	549355520		74f25ad353b8f0b78f59610ab2d20dce	syn51469924	syn51365303				
EUR	SCARB1	SCARB1_Q8WTV0_OID20805_v1_Neurology.tar	https://www.synapse.org/Synapse:syn51468617				syn51468617	syn51365303				
EUR	SCARB2	SCARB2_Q14108_OID20943_v1_Neurology.tar	https://www.synapse.org/Synapse:syn51469013	545454080		c463c6994ab5b8c597f4550cef423034	syn51469013	syn51365303				
EUR	SCARF1	SCARF1_Q14162_OID20297_v1_Cardiometabolic.tar	https://www.synapse.org/Synapse:syn51468596	549498880		4ea35e2616fc2dfc6c520f4f09b52fd3	syn51468596	syn51365303				
EUR	SCARF2	SCARF2_Q96GP6_OID21048_v1_Neurology.tar	https://www.synapse.org/Synapse:syn51470606				syn51470606	syn51365303				
EUR	SCG2	SCG2_P13521_OID21400_v1_Oncology.tar	https://www.synapse.org/Synapse:syn51470963				syn51470963	syn51365303				
EUR	SCG3	SCG3_Q8WXD2_OID20728_v1_Inflammation.tar	https://www.synapse.org/Synapse:syn51469879				syn51469879	syn51365303				
EUR	SCGB1A1	SCGB1A1_P11684_OID20688_v1_Inflammation.tar	https://www.synapse.org/Synapse:syn51471148				syn51471148	syn51365303				
EUR	SCGB2A2	SCGB2A2_Q13296_OID30104_v1_Cardiometabolic_II.tar	https://www.synapse.org/Synapse:syn52362144				syn52362144	syn51365303				
EUR	SCGB3A1	SCGB3A1_Q96QR1_OID30577_v1_Inflammation_II.tar	https://www.synapse.org/Synapse:syn52362475				syn52362475	syn51365303				
EUR	SCGB3A2	SCGB3A2_Q96PL1_OID20723_v1_Inflammation.tar	https://www.synapse.org/Synapse:syn51470733	548352000		8f61614e0063e7f7e1b98769bfe9a56f	syn51470733	syn51365303				
EUR	SCGN	SCGN_O76038_OID20457_v1_Inflammation.tar	https://www.synapse.org/Synapse:syn51468869				syn51468869	syn51365303				
EUR	SCIN	SCIN_Q9Y6U3_OID30857_v1_Neurology_II.tar	https://www.synapse.org/Synapse:syn52362548				syn52362548	syn51365303				
EUR	SCLY	SCLY_Q96I15_OID21425_v1_Oncology.tar	https://www.synapse.org/Synapse:syn51468533				syn51468533	syn51365303				
EUR	SCN2A	SCN2A_Q99250_OID30833_v1_Neurology_II.tar	https://www.synapse.org/Synapse:syn52361630				syn52361630	syn51365303				
EUR	SCN2B	SCN2B_O60939_OID30948_v1_Neurology_II.tar	https://www.synapse.org/Synapse:syn52362318				syn52362318	syn51365303				
EUR	SCN3A	SCN3A_Q9NY46_OID30903_v1_Neurology_II.tar	https://www.synapse.org/Synapse:syn52362380				syn52362380	syn51365303				
EUR	SCN3B	SCN3B_Q9NY72_OID30804_v1_Neurology_II.tar	https://www.synapse.org/Synapse:syn52362725				syn52362725	syn51365303				
EUR	SCN4B	SCN4B_Q8IWT1_OID30277_v1_Cardiometabolic_II.tar	https://www.synapse.org/Synapse:syn52363029	546539520		eac6b62aef54ea5407a4398be3c4dd2b	syn52363029	syn51365303				
EUR	SCP2	SCP2_P22307_OID21161_v1_Oncology.tar	https://www.synapse.org/Synapse:syn51471450				syn51471450	syn51365303				
EUR	SCPEP1	SCPEP1_Q9HB40_OID30278_v1_Cardiometabolic_II.tar	https://www.synapse.org/Synapse:syn52363496				syn52363496	syn51365303				
EUR	SCRG1	SCRG1_O75711_OID30333_v1_Cardiometabolic_II.tar	https://www.synapse.org/Synapse:syn52361643				syn52361643	syn51365303				
EUR	SCRIB	SCRIB_Q14160_OID30225_v1_Cardiometabolic_II.tar	https://www.synapse.org/Synapse:syn52361938				syn52361938	syn51365303				
EUR	SCRIB	SCRIB_Q14160_OID30558_v1_Inflammation_II.tar	https://www.synapse.org/Synapse:syn52361431				syn52361431	syn51365303				
EUR	SCRIB	SCRIB_Q14160_OID31046_v1_Neurology_II.tar	https://www.synapse.org/Synapse:syn52363369				syn52363369	syn51365303				
EUR	SCRIB	SCRIB_Q14160_OID31455_v1_Oncology_II.tar	https://www.synapse.org/Synapse:syn52363087				syn52363087	syn51365303				
EUR	SCRN1	SCRN1_Q12765_OID20542_v1_Inflammation.tar	https://www.synapse.org/Synapse:syn51469566				syn51469566	syn51365303				
EUR	SCT	SCT_P09683_OID30951_v1_Neurology_II.tar	https://www.synapse.org/Synapse:syn52361395	545556480		07c32ed2c979b682e74256c891c2d717	syn52361395	syn51365303				
EUR	SDC1	SDC1_P18827_OID20169_v1_Cardiometabolic.tar	https://www.synapse.org/Synapse:syn51469318	548157440		da13aa91a1050a55b864a8d6abf3171e	syn51469318	syn51365303				
EUR	SDC4	SDC4_P31431_OID20216_v1_Cardiometabolic.tar	https://www.synapse.org/Synapse:syn51468428	548065280		d8585cf8eb464abfd47cdab9ba21c4bf	syn51468428	syn51365303				
EUR	SDCCAG8	SDCCAG8_Q86SQ7_OID31423_v1_Oncology_II.tar	https://www.synapse.org/Synapse:syn52361910				syn52361910	syn51365303				
EUR	SDHB	SDHB_P21912_OID31436_v1_Oncology_II.tar	https://www.synapse.org/Synapse:syn52362473	548331520		5013f7eb97d89211e586ae08746fe593	syn52362473	syn51365303				
EUR	SDK2	SDK2_Q58EX2_OID30662_v1_Inflammation_II.tar	https://www.synapse.org/Synapse:syn52363516				syn52363516	syn51365303				
EUR	SEC31A	SEC31A_O94979_OID30269_v1_Cardiometabolic_II.tar	https://www.synapse.org/Synapse:syn52362714	545730560		482e2876508615fa0714b2cc6d4bd257	syn52362714	syn51365303				
EUR	SEL1L	SEL1L_Q9UBV2_OID30196_v1_Cardiometabolic_II.tar	https://www.synapse.org/Synapse:syn52361733				syn52361733	syn51365303				
EUR	SELENOP	SELENOP_P49908_OID30745_v1_Inflammation_II.tar	https://www.synapse.org/Synapse:syn52362809				syn52362809	syn51365303				
EUR	SELE	SELE_P16581_OID20290_v1_Cardiometabolic.tar	https://www.synapse.org/Synapse:syn51469529	550113280		b0b91ece30a9e046e68950cd772ac3a3	syn51469529	syn51365303				
EUR	SELL	SELL_P14151_OID30752_v1_Inflammation_II.tar	https://www.synapse.org/Synapse:syn52362416	549386240		8f5894fd4ca9132b7d21624775029e3e	syn52362416	syn51365303				
EUR	SELPLG	SELPLG_Q14242_OID20560_v1_Inflammation.tar	https://www.synapse.org/Synapse:syn51470994				syn51470994	syn51365303				
EUR	SELP	SELP_P16109_OID20379_v1_Cardiometabolic.tar	https://www.synapse.org/Synapse:syn51469997	548474880		68c048ec4092e8d4fdcc4dae283d0127	syn51469997	syn51365303				
EUR	SEMA3F	SEMA3F_Q13275_OID20186_v1_Cardiometabolic.tar	https://www.synapse.org/Synapse:syn51468707				syn51468707	syn51365303				
EUR	SEMA3G	SEMA3G_Q9NS98_OID30599_v1_Inflammation_II.tar	https://www.synapse.org/Synapse:syn52362355				syn52362355	syn51365303				
EUR	SEMA4C	SEMA4C_Q9C0C4_OID21329_v1_Oncology.tar	https://www.synapse.org/Synapse:syn51469050				syn51469050	syn51365303				
EUR	SEMA4D	SEMA4D_Q92854_OID21020_v1_Neurology.tar	https://www.synapse.org/Synapse:syn51470208	548853760		40f85f279f4b770b0dec24ce25d34117	syn51470208	syn51365303				
EUR	SEMA6C	SEMA6C_Q9H3T2_OID30531_v1_Inflammation_II.tar	https://www.synapse.org/Synapse:syn52361934				syn52361934	syn51365303				
EUR	SEMA7A	SEMA7A_O75326_OID20283_v1_Cardiometabolic.tar	https://www.synapse.org/Synapse:syn51468600	549027840		2aae988cb48b11c4cd11d428c3df560d	syn51468600	syn51365303				
EUR	SEPTIN3	SEPTIN3_Q9UH03_OID31025_v1_Neurology_II.tar	https://www.synapse.org/Synapse:syn52363265	548689920		1215e843f808f2a0345bc6e7b95df180	syn52363265	syn51365303				
EUR	SEPTIN7	SEPTIN7_Q16181_OID31288_v1_Oncology_II.tar	https://www.synapse.org/Synapse:syn52363272				syn52363272	syn51365303				
EUR	SEPTIN8	SEPTIN8_Q92599_OID31079_v1_Neurology_II.tar	https://www.synapse.org/Synapse:syn52362858				syn52362858	syn51365303				
EUR	SEPTIN9	SEPTIN9_Q9UHD8_OID21279_v1_Oncology.tar	https://www.synapse.org/Synapse:syn51469679				syn51469679	syn51365303				
EUR	SERPINA11	SERPINA11_Q86U17_OID20281_v1_Cardiometabolic.tar	https://www.synapse.org/Synapse:syn51470110	550502400		7fc14b3172308b2cf4acb6d8134df676	syn51470110	syn51365303				
EUR	SERPINA12	SERPINA12_Q8IW75_OID20219_v1_Cardiometabolic.tar	https://www.synapse.org/Synapse:syn51469915	545546240		6afaa62879bc96812e62a29dd3dfd8f1	syn51469915	syn51365303				
EUR	SERPINA1	SERPINA1_P01009_OID30750_v1_Inflammation_II.tar	https://www.synapse.org/Synapse:syn52362433				syn52362433	syn51365303				
EUR	SERPINA3	SERPINA3_P01011_OID30786_v1_Inflammation_II.tar	https://www.synapse.org/Synapse:syn52363519				syn52363519	syn51365303				
EUR	SERPINA4	SERPINA4_P29622_OID30774_v1_Inflammation_II.tar	https://www.synapse.org/Synapse:syn52362640				syn52362640	syn51365303				
EUR	SERPINA5	SERPINA5_P05154_OID30763_v1_Inflammation_II.tar	https://www.synapse.org/Synapse:syn52363096	547471360		b0e2779d63181bd5a0e141db3e9fc102	syn52363096	syn51365303				
EUR	SERPINA6	SERPINA6_P08185_OID30743_v1_Inflammation_II.tar	https://www.synapse.org/Synapse:syn52361523				syn52361523	syn51365303				
EUR	SERPINA7	SERPINA7_P05543_OID30724_v1_Inflammation_II.tar	https://www.synapse.org/Synapse:syn52363467	549068800		555766ca2c097dde3aefe2402f2b56e4	syn52363467	syn51365303				
EUR	SERPINA9	SERPINA9_Q86WD7_OID21284_v1_Oncology.tar	https://www.synapse.org/Synapse:syn51469661				syn51469661	syn51365303				
EUR	SERPINB1	SERPINB1_P30740_OID21088_v1_Neurology.tar	https://www.synapse.org/Synapse:syn51468807	547512320		bbdc13c556a36e5c4be37350bfd250ae	syn51468807	syn51365303				
EUR	SERPINB5	SERPINB5_P36952_OID20064_v1_Cardiometabolic.tar	https://www.synapse.org/Synapse:syn51470999	545710080		3316c0ff70a51536652f784c737da5b9	syn51470999	syn51365303				
EUR	SERPINB6	SERPINB6_P35237_OID21023_v1_Neurology.tar	https://www.synapse.org/Synapse:syn51468764				syn51468764	syn51365303				
EUR	SERPINB8	SERPINB8_P50452_OID20630_v1_Inflammation.tar	https://www.synapse.org/Synapse:syn51469448				syn51469448	syn51365303				
EUR	SERPINB9	SERPINB9_P50453_OID20932_v1_Neurology.tar	https://www.synapse.org/Synapse:syn51470981				syn51470981	syn51365303				
EUR	SERPINC1	SERPINC1_P01008_OID30789_v1_Inflammation_II.tar	https://www.synapse.org/Synapse:syn52362157				syn52362157	syn51365303				
EUR	SERPIND1	SERPIND1_P05546_OID30767_v1_Inflammation_II.tar	https://www.synapse.org/Synapse:syn52362309	548904960		94eb42f4990e3066f976fa8131e2c4f1	syn52362309	syn51365303				
EUR	SERPINE1	SERPINE1_P05121_OID20342_v1_Cardiometabolic.tar	https://www.synapse.org/Synapse:syn51469133	549365760		101c0e9839f2cb405394718fdfc88890	syn51469133	syn51365303				
EUR	SERPINE2	SERPINE2_P07093_OID30359_v1_Cardiometabolic_II.tar	https://www.synapse.org/Synapse:syn52361299				syn52361299	syn51365303				
EUR	SERPINF1	SERPINF1_P36955_OID30757_v1_Inflammation_II.tar	https://www.synapse.org/Synapse:syn52362944				syn52362944	syn51365303				
EUR	SERPINF2	SERPINF2_P08697_OID30779_v1_Inflammation_II.tar	https://www.synapse.org/Synapse:syn52362020				syn52362020	syn51365303				
EUR	SERPING1	SERPING1_P05155_OID30777_v1_Inflammation_II.tar	https://www.synapse.org/Synapse:syn52362469	548966400		4713c12ac0253565c66d851248ce3186	syn52362469	syn51365303				
EUR	SERPINH1	SERPINH1_P50454_OID31322_v1_Oncology_II.tar	https://www.synapse.org/Synapse:syn52363651				syn52363651	syn51365303				
EUR	SERPINI1	SERPINI1_Q99574_OID30604_v1_Inflammation_II.tar	https://www.synapse.org/Synapse:syn52363061				syn52363061	syn51365303				
EUR	SERPINI2	SERPINI2_O75830_OID31504_v1_Oncology_II.tar	https://www.synapse.org/Synapse:syn52362508				syn52362508	syn51365303				
EUR	SESTD1	SESTD1_Q86VW0_OID20790_v1_Neurology.tar	https://www.synapse.org/Synapse:syn51469015				syn51469015	syn51365303				
EUR	SETMAR	SETMAR_Q53H47_OID20948_v1_Neurology.tar	https://www.synapse.org/Synapse:syn51470388	546856960		b70e96a8f13e77c281369806a7cd28b9	syn51470388	syn51365303				
EUR	SEZ6L2	SEZ6L2_Q6UXD5_OID21289_v1_Oncology.tar	https://www.synapse.org/Synapse:syn51471361	547921920		2ec8eedd68d995f37da9396eaf3f4c64	syn51471361	syn51365303				
EUR	SEZ6L	SEZ6L_Q9BYH1_OID21488_v1_Oncology.tar	https://www.synapse.org/Synapse:syn51469136	548577280		508e98fc491059acaedc7160c417d701	syn51469136	syn51365303				
EUR	SEZ6	SEZ6_Q53EL9_OID30968_v1_Neurology_II.tar	https://www.synapse.org/Synapse:syn52363507				syn52363507	syn51365303				
EUR	SF3B4	SF3B4_Q15427_OID21278_v1_Oncology.tar	https://www.synapse.org/Synapse:syn51469478				syn51469478	syn51365303				
EUR	SFRP1	SFRP1_Q8N474_OID20984_v1_Neurology.tar	https://www.synapse.org/Synapse:syn51471220	546856960		800f75e81e1ca8c602fa9d24a17ca79a	syn51471220	syn51365303				
EUR	SFRP4	SFRP4_Q6FHJ7_OID30648_v1_Inflammation_II.tar	https://www.synapse.org/Synapse:syn52361956	546283520		20fcec31d4db3c027e7500353a57abfe	syn52361956	syn51365303				
EUR	SFTPA1	SFTPA1_Q8IWL2_OID21165_v1_Oncology.tar	https://www.synapse.org/Synapse:syn51470306				syn51470306	syn51365303				
EUR	SFTPA2	SFTPA2_Q8IWL1_OID21218_v1_Oncology.tar	https://www.synapse.org/Synapse:syn51469959				syn51469959	syn51365303				
EUR	SFTPD	SFTPD_P35247_OID20214_v1_Cardiometabolic.tar	https://www.synapse.org/Synapse:syn51469425				syn51469425	syn51365303				
EUR	SGSH	SGSH_P51688_OID30341_v1_Cardiometabolic_II.tar	https://www.synapse.org/Synapse:syn52362446	548382720		30ebfee5193bbf0feb338ef60b514a0b	syn52362446	syn51365303				
EUR	SH2B3	SH2B3_Q9UQQ2_OID21222_v1_Oncology.tar	https://www.synapse.org/Synapse:syn51470224	545249280		3ca22fe949d80769f4ba38b134d05f2d	syn51470224	syn51365303				
EUR	SH2D1A	SH2D1A_O60880_OID20514_v1_Inflammation.tar	https://www.synapse.org/Synapse:syn51468461				syn51468461	syn51365303				
EUR	SH3BGRL2	SH3BGRL2_Q9UJC5_OID30863_v1_Neurology_II.tar	https://www.synapse.org/Synapse:syn52361396				syn52361396	syn51365303				
EUR	SH3BP1	SH3BP1_Q9Y3L3_OID31439_v1_Oncology_II.tar	https://www.synapse.org/Synapse:syn52362437	548362240		7ea062deebcff8aa7947b803fae3bbdb	syn52362437	syn51365303				
EUR	SH3GL3	SH3GL3_Q99963_OID31334_v1_Oncology_II.tar	https://www.synapse.org/Synapse:syn52363526				syn52363526	syn51365303				
EUR	SH3GLB2	SH3GLB2_Q9NR46_OID31145_v1_Neurology_II.tar	https://www.synapse.org/Synapse:syn52363901				syn52363901	syn51365303				
EUR	SHBG	SHBG_P04278_OID30685_v1_Inflammation_II.tar	https://www.synapse.org/Synapse:syn52362989				syn52362989	syn51365303				
EUR	SHC1	SHC1_P29353_OID31222_v1_Oncology_II.tar	https://www.synapse.org/Synapse:syn52361513				syn52361513	syn51365303				
EUR	SHD	SHD_Q96IW2_OID30098_v1_Cardiometabolic_II.tar	https://www.synapse.org/Synapse:syn52363184				syn52363184	syn51365303				
EUR	SHH	SHH_Q15465_OID30516_v1_Inflammation_II.tar	https://www.synapse.org/Synapse:syn52361605				syn52361605	syn51365303				
EUR	SHISA5	SHISA5_Q8N114_OID30387_v1_Cardiometabolic_II.tar	https://www.synapse.org/Synapse:syn52363513				syn52363513	syn51365303				
EUR	SHMT1	SHMT1_P34896_OID20714_v1_Inflammation.tar	https://www.synapse.org/Synapse:syn51471458				syn51471458	syn51365303				
EUR	SHPK	SHPK_Q9UHJ6_OID31292_v1_Oncology_II.tar	https://www.synapse.org/Synapse:syn52362705				syn52362705	syn51365303				
EUR	SIAE	SIAE_Q9HAT2_OID21503_v1_Oncology.tar	https://www.synapse.org/Synapse:syn51469091	548229120		1d23718bc84a8db72a1110c3ba0e1cd3	syn51469091	syn51365303				
EUR	SIGLEC10	SIGLEC10_Q96LC7_OID20537_v1_Inflammation.tar	https://www.synapse.org/Synapse:syn51470270				syn51470270	syn51365303				
EUR	SIGLEC15	SIGLEC15_Q6ZMC9_OID20812_v1_Neurology.tar	https://www.synapse.org/Synapse:syn51468883				syn51468883	syn51365303				
EUR	SIGLEC1	SIGLEC1_Q9BZZ2_OID20690_v1_Inflammation.tar	https://www.synapse.org/Synapse:syn51471379	548864000		3fe91941e45751a03088771f7532686e	syn51471379	syn51365303				
EUR	SIGLEC5	SIGLEC5_O15389_OID21082_v1_Neurology.tar	https://www.synapse.org/Synapse:syn51468635				syn51468635	syn51365303				
EUR	SIGLEC6	SIGLEC6_O43699_OID21394_v1_Oncology.tar	https://www.synapse.org/Synapse:syn51470986	549427200		8d87a2c21898c6e4346b714ab4f5626f	syn51470986	syn51365303				
EUR	SIGLEC7	SIGLEC7_Q9Y286_OID20190_v1_Cardiometabolic.tar	https://www.synapse.org/Synapse:syn51468627				syn51468627	syn51365303				
EUR	SIGLEC8	SIGLEC8_Q9NYZ4_OID30261_v1_Cardiometabolic_II.tar	https://www.synapse.org/Synapse:syn52361599	546273280		d8be070827bde4874e68fcd4c882dd03	syn52361599	syn51365303				
EUR	SIGLEC9	SIGLEC9_Q9Y336_OID21390_v1_Oncology.tar	https://www.synapse.org/Synapse:syn51470763	549775360		3dd5fae15f49baaae0ed9391a7d0d12f	syn51470763	syn51365303				
EUR	SIL1	SIL1_Q9H173_OID30207_v1_Cardiometabolic_II.tar	https://www.synapse.org/Synapse:syn52363283	545720320		174001c2979aea7b10138e0fea436637	syn52363283	syn51365303				
EUR	SIRPA	SIRPA_P78324_OID20304_v1_Cardiometabolic.tar	https://www.synapse.org/Synapse:syn51469925				syn51469925	syn51365303				
EUR	SIRPB1	SIRPB1_O00241_OID20739_v1_Inflammation.tar	https://www.synapse.org/Synapse:syn51469893				syn51469893	syn51365303				
EUR	SIRT1	SIRT1_Q96EB6_OID30439_v1_Inflammation_II.tar	https://www.synapse.org/Synapse:syn52361347				syn52361347	syn51365303				
EUR	SIRT2	SIRT2_Q8IXJ6_OID21375_v1_Oncology.tar	https://www.synapse.org/Synapse:syn51470902				syn51470902	syn51365303				
EUR	SIRT5	SIRT5_Q9NXA8_OID20820_v1_Neurology.tar	https://www.synapse.org/Synapse:syn51470450				syn51470450	syn51365303				
EUR	SIT1	SIT1_Q9Y3P8_OID20462_v1_Inflammation.tar	https://www.synapse.org/Synapse:syn51471147				syn51471147	syn51365303				
EUR	SKAP1	SKAP1_Q86WV1_OID20906_v1_Neurology.tar	https://www.synapse.org/Synapse:syn51468511				syn51468511	syn51365303				
EUR	SKAP2	SKAP2_O75563_OID20761_v1_Inflammation.tar	https://www.synapse.org/Synapse:syn51469007	548515840		ae6b182f46eb208ecf00f93c96a4cd28	syn51469007	syn51365303				
EUR	SKIV2L	SKIV2L_Q15477_OID30056_v1_Cardiometabolic_II.tar	https://www.synapse.org/Synapse:syn52363490				syn52363490	syn51365303				
EUR	SLA2	SLA2_Q9H6Q3_OID31017_v1_Neurology_II.tar	https://www.synapse.org/Synapse:syn52362758				syn52362758	syn51365303				
EUR	SLAMF1	SLAMF1_Q13291_OID20496_v1_Inflammation.tar	https://www.synapse.org/Synapse:syn51469725				syn51469725	syn51365303				
EUR	SLAMF6	SLAMF6_Q96DU3_OID21254_v1_Oncology.tar	https://www.synapse.org/Synapse:syn51468435				syn51468435	syn51365303				
EUR	SLAMF7	SLAMF7_Q9NQ25_OID20602_v1_Inflammation.tar	https://www.synapse.org/Synapse:syn51470455	548382720		1f3d42cb9a01b438916cef7bfee59763	syn51470455	syn51365303				
EUR	SLAMF8	SLAMF8_Q9P0V8_OID21214_v1_Oncology.tar	https://www.synapse.org/Synapse:syn51470938				syn51470938	syn51365303				
EUR	SLC12A2	SLC12A2_P55011_OID30077_v1_Cardiometabolic_II.tar	https://www.synapse.org/Synapse:syn52363212				syn52363212	syn51365303				
EUR	SLC13A1	SLC13A1_Q9BZW2_OID31388_v1_Oncology_II.tar	https://www.synapse.org/Synapse:syn52362041				syn52362041	syn51365303				
EUR	SLC16A1	SLC16A1_P53985_OID20799_v1_Neurology.tar	https://www.synapse.org/Synapse:syn51470262	545320960		e5cab5a763b85168e724d0cc568c8df9	syn51470262	syn51365303				
EUR	SLC1A4	SLC1A4_P43007_OID30926_v1_Neurology_II.tar	https://www.synapse.org/Synapse:syn52363001				syn52363001	syn51365303				
EUR	SLC27A4	SLC27A4_Q6P1M0_OID20814_v1_Neurology.tar	https://www.synapse.org/Synapse:syn51468866				syn51468866	syn51365303				
EUR	SLC28A1	SLC28A1_O00337_OID31220_v1_Oncology_II.tar	https://www.synapse.org/Synapse:syn52362601				syn52362601	syn51365303				
EUR	SLC34A3	SLC34A3_Q8N130_OID31203_v1_Oncology_II.tar	https://www.synapse.org/Synapse:syn52361487	544430080		998db9fb6cc5ed9ba9732fedbaca3737	syn52361487	syn51365303				
EUR	SLC39A14	SLC39A14_Q15043_OID20852_v1_Neurology.tar	https://www.synapse.org/Synapse:syn51471466				syn51471466	syn51365303				
EUR	SLC39A5	SLC39A5_Q6ZMH5_OID20539_v1_Inflammation.tar	https://www.synapse.org/Synapse:syn51469117	548034560		5334126516d05cbc2dcc436e1f308055	syn51469117	syn51365303				
EUR	SLC44A4	SLC44A4_Q53GD3_OID30897_v1_Neurology_II.tar	https://www.synapse.org/Synapse:syn52361436				syn52361436	syn51365303				
EUR	SLC4A1	SLC4A1_P02730_OID30369_v1_Cardiometabolic_II.tar	https://www.synapse.org/Synapse:syn52361883				syn52361883	syn51365303				
EUR	SLC51B	SLC51B_Q86UW2_OID30107_v1_Cardiometabolic_II.tar	https://www.synapse.org/Synapse:syn52361976				syn52361976	syn51365303				
EUR	SLC9A3R1	SLC9A3R1_O14745_OID30630_v1_Inflammation_II.tar	https://www.synapse.org/Synapse:syn52361754	546211840		73063a1e7df14c2e8f950550b9b22542	syn52361754	syn51365303				
EUR	SLC9A3R2	SLC9A3R2_Q15599_OID31445_v1_Oncology_II.tar	https://www.synapse.org/Synapse:syn52363257				syn52363257	syn51365303				
EUR	SLIRP	SLIRP_Q9GZT3_OID31174_v1_Oncology_II.tar	https://www.synapse.org/Synapse:syn52361892				syn52361892	syn51365303				
EUR	SLIT2	SLIT2_O94813_OID20862_v1_Neurology.tar	https://www.synapse.org/Synapse:syn51469437	545228800		f7e3fa09223e09562c611747e54d4c33	syn51469437	syn51365303				
EUR	SLITRK1	SLITRK1_Q96PX8_OID30510_v1_Inflammation_II.tar	https://www.synapse.org/Synapse:syn52362855	545638400		f39a33fa04b88479034ce5ca92defa5f	syn52362855	syn51365303				
EUR	SLITRK2	SLITRK2_Q9H156_OID21409_v1_Oncology.tar	https://www.synapse.org/Synapse:syn51468739				syn51468739	syn51365303				
EUR	SLITRK6	SLITRK6_Q9H5Y7_OID20094_v1_Cardiometabolic.tar	https://www.synapse.org/Synapse:syn51471157	545914880		83948473e85c033cdf1336fcb82674d5	syn51471157	syn51365303				
EUR	SLK	SLK_Q9H2G2_OID31282_v1_Oncology_II.tar	https://www.synapse.org/Synapse:syn52362969				syn52362969	syn51365303				
EUR	SLMAP	SLMAP_Q14BN4_OID31441_v1_Oncology_II.tar	https://www.synapse.org/Synapse:syn52361993				syn52361993	syn51365303				
EUR	SLURP1	SLURP1_P55000_OID30404_v1_Cardiometabolic_II.tar	https://www.synapse.org/Synapse:syn52362012	548116480		d3af99c6e3ee7aa15bfdd2f7b0243967	syn52362012	syn51365303				
EUR	SMAD1	SMAD1_Q15797_OID21180_v1_Oncology.tar	https://www.synapse.org/Synapse:syn51468695	545239040		9d06167dcea7790db0370b9f385e94e8	syn51468695	syn51365303				
EUR	SMAD2	SMAD2_Q15796_OID31353_v1_Oncology_II.tar	https://www.synapse.org/Synapse:syn52363167				syn52363167	syn51365303				
EUR	SMAD3	SMAD3_P84022_OID31418_v1_Oncology_II.tar	https://www.synapse.org/Synapse:syn52363632				syn52363632	syn51365303				
EUR	SMAD5	SMAD5_Q99717_OID21353_v1_Oncology.tar	https://www.synapse.org/Synapse:syn51468561				syn51468561	syn51365303				
EUR	SMARCA2	SMARCA2_P51531_OID20796_v1_Neurology.tar	https://www.synapse.org/Synapse:syn51471373				syn51471373	syn51365303				
EUR	SMC3	SMC3_Q9UQE7_OID31195_v1_Oncology_II.tar	https://www.synapse.org/Synapse:syn52361528				syn52361528	syn51365303				
EUR	SMNDC1	SMNDC1_O75940_OID31471_v1_Oncology_II.tar	https://www.synapse.org/Synapse:syn52361963				syn52361963	syn51365303				
EUR	SMOC1	SMOC1_Q9H4F8_OID21461_v1_Oncology.tar	https://www.synapse.org/Synapse:syn51468503	549324800		6fff65ae768075a54b8b4f71f49a39cd	syn51468503	syn51365303				
EUR	SMOC2	SMOC2_Q9H3U7_OID20730_v1_Inflammation.tar	https://www.synapse.org/Synapse:syn51469599				syn51469599	syn51365303				
EUR	SMPD1	SMPD1_P17405_OID21028_v1_Neurology.tar	https://www.synapse.org/Synapse:syn51469677	548904960		d4508d8bd21738bd9a5be15bbe60f116	syn51469677	syn51365303				
EUR	SMPD3	SMPD3_Q9NY59_OID30477_v1_Inflammation_II.tar	https://www.synapse.org/Synapse:syn52361483	545402880		d0527703166a9d06042eca5d9810c7b4	syn52361483	syn51365303				
EUR	SMPDL3A	SMPDL3A_Q92484_OID20676_v1_Inflammation.tar	https://www.synapse.org/Synapse:syn51468803	549191680		ce5e0af0c21b990d3883d5aa5b520ebd	syn51468803	syn51365303				
EUR	SMPDL3B	SMPDL3B_Q92485_OID31387_v1_Oncology_II.tar	https://www.synapse.org/Synapse:syn52363488				syn52363488	syn51365303				
EUR	SMS	SMS_P52788_OID30853_v1_Neurology_II.tar	https://www.synapse.org/Synapse:syn52362541				syn52362541	syn51365303				
EUR	SMTN	SMTN_P53814_OID31154_v1_Neurology_II.tar	https://www.synapse.org/Synapse:syn52362130				syn52362130	syn51365303				
EUR	SNAP23	SNAP23_O00161_OID20218_v1_Cardiometabolic.tar	https://www.synapse.org/Synapse:syn51471307				syn51471307	syn51365303				
EUR	SNAP25	SNAP25_P60880_OID30811_v1_Neurology_II.tar	https://www.synapse.org/Synapse:syn52363089				syn52363089	syn51365303				
EUR	SNAP29	SNAP29_O95721_OID21506_v1_Oncology.tar	https://www.synapse.org/Synapse:syn51469700				syn51469700	syn51365303				
EUR	SNAPIN	SNAPIN_O95295_OID31019_v1_Neurology_II.tar	https://www.synapse.org/Synapse:syn52361772				syn52361772	syn51365303				
EUR	SNCA	SNCA_P37840_OID30645_v1_Inflammation_II.tar	https://www.synapse.org/Synapse:syn52361586				syn52361586	syn51365303				
EUR	SNCG	SNCG_O76070_OID20971_v1_Neurology.tar	https://www.synapse.org/Synapse:syn51468686				syn51468686	syn51365303				
EUR	SNED1	SNED1_Q8TER0_OID30205_v1_Cardiometabolic_II.tar	https://www.synapse.org/Synapse:syn52362317				syn52362317	syn51365303				
EUR	SNRPB2	SNRPB2_P08579_OID31132_v1_Neurology_II.tar	https://www.synapse.org/Synapse:syn52361314				syn52361314	syn51365303				
EUR	SNU13	SNU13_P55769_OID30052_v1_Cardiometabolic_II.tar	https://www.synapse.org/Synapse:syn52363518				syn52363518	syn51365303				
EUR	SNX15	SNX15_Q9NRS6_OID30644_v1_Inflammation_II.tar	https://www.synapse.org/Synapse:syn52361792				syn52361792	syn51365303				
EUR	SNX18	SNX18_Q96RF0_OID31476_v1_Oncology_II.tar	https://www.synapse.org/Synapse:syn52362300				syn52362300	syn51365303				
EUR	SNX2	SNX2_O60749_OID31374_v1_Oncology_II.tar	https://www.synapse.org/Synapse:syn52363380				syn52363380	syn51365303				
EUR	SNX5	SNX5_Q9Y5X3_OID30215_v1_Cardiometabolic_II.tar	https://www.synapse.org/Synapse:syn52361267				syn52361267	syn51365303				
EUR	SNX9	SNX9_Q9Y5X1_OID20135_v1_Cardiometabolic.tar	https://www.synapse.org/Synapse:syn51471328	548055040		f085961bd3b550bafccd1e36daec4d54	syn51471328	syn51365303				
EUR	SOD1	SOD1_P00441_OID20386_v1_Cardiometabolic.tar	https://www.synapse.org/Synapse:syn51468704				syn51468704	syn51365303				
EUR	SOD2	SOD2_P04179_OID21114_v1_Neurology.tar	https://www.synapse.org/Synapse:syn51469543				syn51469543	syn51365303				
EUR	SOD3	SOD3_P08294_OID30683_v1_Inflammation_II.tar	https://www.synapse.org/Synapse:syn52361657				syn52361657	syn51365303				
EUR	SORBS1	SORBS1_Q9BX66_OID30978_v1_Neurology_II.tar	https://www.synapse.org/Synapse:syn52361719				syn52361719	syn51365303				
EUR	SORCS2	SORCS2_Q96PQ0_OID21262_v1_Oncology.tar	https://www.synapse.org/Synapse:syn51469523				syn51469523	syn51365303				
EUR	SORD	SORD_Q00796_OID21453_v1_Oncology.tar	https://www.synapse.org/Synapse:syn51468570	548341760		356dea6b48b6fe9b2e571598fd31a09a	syn51468570	syn51365303				
EUR	SORT1	SORT1_Q99523_OID20213_v1_Cardiometabolic.tar	https://www.synapse.org/Synapse:syn51469328				syn51469328	syn51365303				
EUR	SOST	SOST_Q9BQB4_OID20204_v1_Cardiometabolic.tar	https://www.synapse.org/Synapse:syn51468870				syn51468870	syn51365303				
EUR	SOWAHA	SOWAHA_Q2M3V2_OID30888_v1_Neurology_II.tar	https://www.synapse.org/Synapse:syn52362249				syn52362249	syn51365303				
EUR	SOX2	SOX2_P48431_OID30981_v1_Neurology_II.tar	https://www.synapse.org/Synapse:syn52362253				syn52362253	syn51365303				
EUR	SOX9	SOX9_P48436_OID30905_v1_Neurology_II.tar	https://www.synapse.org/Synapse:syn52362641				syn52362641	syn51365303				
EUR	SPACA5	SPACA5_SPACA5B_Q96QH8_OID30990_v1_Neurology_II.tar	https://www.synapse.org/Synapse:syn52361362				syn52361362	syn51365303				
EUR	SPAG1	SPAG1_Q07617_OID30979_v1_Neurology_II.tar	https://www.synapse.org/Synapse:syn52363197				syn52363197	syn51365303				
EUR	SPARCL1	SPARCL1_Q14515_OID20361_v1_Cardiometabolic.tar	https://www.synapse.org/Synapse:syn51471090	548700160		7fc8a33bda42cc1dbd570e7fa2294781	syn51471090	syn51365303				
EUR	SPARC	SPARC_P09486_OID21511_v1_Oncology.tar	https://www.synapse.org/Synapse:syn51470717	548413440		7d80ff85fa9eabaa1486fa5f1b08f92d	syn51470717	syn51365303				
EUR	SPART	SPART_Q8N0X7_OID30656_v1_Inflammation_II.tar	https://www.synapse.org/Synapse:syn52362346	546273280		437502900ee2975a3159e5633cad0d7f	syn52362346	syn51365303				
EUR	SPESP1	SPESP1_Q6UW49_OID30298_v1_Cardiometabolic_II.tar	https://www.synapse.org/Synapse:syn52363657				syn52363657	syn51365303				
EUR	SPINK1	SPINK1_P00995_OID21097_v1_Neurology.tar	https://www.synapse.org/Synapse:syn51471218	548167680		68ab29618444a4d67c4fdf802450d8fe	syn51471218	syn51365303				
EUR	SPINK2	SPINK2_P20155_OID30627_v1_Inflammation_II.tar	https://www.synapse.org/Synapse:syn52361854	547112960		044ae6c439fdd97b5a4f3fedfb686359	syn52361854	syn51365303				
EUR	SPINK4	SPINK4_O60575_OID20509_v1_Inflammation.tar	https://www.synapse.org/Synapse:syn51469964				syn51469964	syn51365303				
EUR	SPINK5	SPINK5_Q9NQ38_OID21148_v1_Neurology.tar	https://www.synapse.org/Synapse:syn51468429	548229120		997eb8cd7d39b25675e4e6ea7fa737c9	syn51468429	syn51365303				
EUR	SPINK6	SPINK6_Q6UWN8_OID21450_v1_Oncology.tar	https://www.synapse.org/Synapse:syn51471239				syn51471239	syn51365303				
EUR	SPINK8	SPINK8_P0C7L1_OID30153_v1_Cardiometabolic_II.tar	https://www.synapse.org/Synapse:syn52363348				syn52363348	syn51365303				
EUR	SPINT1	SPINT1_O43278_OID21109_v1_Neurology.tar	https://www.synapse.org/Synapse:syn51469900				syn51469900	syn51365303				
EUR	SPINT2	SPINT2_O43291_OID20720_v1_Inflammation.tar	https://www.synapse.org/Synapse:syn51471273	548597760		b1959310b5669f62274c95ec3ab48929	syn51471273	syn51365303				
EUR	SPINT3	SPINT3_P49223_OID31509_v1_Oncology_II.tar	https://www.synapse.org/Synapse:syn52361989				syn52361989	syn51365303				
EUR	SPOCK1	SPOCK1_Q08629_OID20924_v1_Neurology.tar	https://www.synapse.org/Synapse:syn51471146	547153920		dea033549ca3ef6bbeb5282b23c2ef14	syn51471146	syn51365303				
EUR	SPON1	SPON1_Q9HCB6_OID20759_v1_Inflammation.tar	https://www.synapse.org/Synapse:syn51468604				syn51468604	syn51365303				
EUR	SPON2	SPON2_Q9BUD6_OID20221_v1_Cardiometabolic.tar	https://www.synapse.org/Synapse:syn51468752	547409920		6b9aa22113cd27321dc0462fd1588591	syn51468752	syn51365303				
EUR	SPP1	SPP1_P10451_OID20322_v1_Cardiometabolic.tar	https://www.synapse.org/Synapse:syn51468737	549314560		12add12c87550d3b630b35183c41eec2	syn51468737	syn51365303				
EUR	SPRED2	SPRED2_Q7Z698_OID30423_v1_Inflammation_II.tar	https://www.synapse.org/Synapse:syn52362813				syn52362813	syn51365303				
EUR	SPRING1	SPRING1_Q9H741_OID31197_v1_Oncology_II.tar	https://www.synapse.org/Synapse:syn52362152				syn52362152	syn51365303				
EUR	SPRR1B	SPRR1B_P22528_OID31296_v1_Oncology_II.tar	https://www.synapse.org/Synapse:syn52363280				syn52363280	syn51365303				
EUR	SPRR3	SPRR3_Q9UBC9_OID31131_v1_Neurology_II.tar	https://www.synapse.org/Synapse:syn52362509				syn52362509	syn51365303				
EUR	SPRY2	SPRY2_O43597_OID20475_v1_Inflammation.tar	https://www.synapse.org/Synapse:syn51469640	545935360		2f4c0cd50b994626566c24ebadbe453c	syn51469640	syn51365303				
EUR	SPTBN2	SPTBN2_O15020_OID30876_v1_Neurology_II.tar	https://www.synapse.org/Synapse:syn52361641				syn52361641	syn51365303				
EUR	SPTLC1	SPTLC1_O15269_OID31086_v1_Neurology_II.tar	https://www.synapse.org/Synapse:syn52362425	548495360		1f711f49d72c129e65d7382a08697b57	syn52362425	syn51365303				
EUR	SRC	SRC_P12931_OID21521_v1_Oncology.tar	https://www.synapse.org/Synapse:syn51469162	548229120		11e0c8d61abd919424ce45239f6e32b3	syn51469162	syn51365303				
EUR	SRP14	SRP14_P37108_OID21324_v1_Oncology.tar	https://www.synapse.org/Synapse:syn51468768				syn51468768	syn51365303				
EUR	SRPK2	SRPK2_P78362_OID20502_v1_Inflammation.tar	https://www.synapse.org/Synapse:syn51469385	547932160		02b3af7f5e3a863ef6e9d4ac90925a0f	syn51469385	syn51365303				
EUR	SRPX	SRPX_P78539_OID30310_v1_Cardiometabolic_II.tar	https://www.synapse.org/Synapse:syn52362247				syn52362247	syn51365303				
EUR	SSBP1	SSBP1_Q04837_OID30468_v1_Inflammation_II.tar	https://www.synapse.org/Synapse:syn52362602				syn52362602	syn51365303				
EUR	SSB	SSB_P05455_OID20818_v1_Neurology.tar	https://www.synapse.org/Synapse:syn51470374				syn51470374	syn51365303				
EUR	SSC4D	SSC4D_Q8WTU2_OID20182_v1_Cardiometabolic.tar	https://www.synapse.org/Synapse:syn51470827	548167680		91723a51f77a7c3bf77306218aa16b30	syn51470827	syn51365303				
EUR	SSC5D	SSC5D_A1L4H1_OID20351_v1_Cardiometabolic.tar	https://www.synapse.org/Synapse:syn51468432	548761600		ccec6bcc4a4db3bdfd4ca43d15c7e635	syn51468432	syn51365303				
EUR	SSH3	SSH3_Q8TE77_OID31216_v1_Oncology_II.tar	https://www.synapse.org/Synapse:syn52363562				syn52363562	syn51365303				
EUR	SSNA1	SSNA1_O43805_OID31453_v1_Oncology_II.tar	https://www.synapse.org/Synapse:syn52361384	548372480		824f51afa615cee500557cac01380ffd	syn52361384	syn51365303				
EUR	ST13	ST13_P50502_OID30624_v1_Inflammation_II.tar	https://www.synapse.org/Synapse:syn52362459				syn52362459	syn51365303				
EUR	ST3GAL1	ST3GAL1_Q11201_OID21322_v1_Oncology.tar	https://www.synapse.org/Synapse:syn51470125	547604480		6344ce2b1d4b44b02b9648781d8ef872	syn51470125	syn51365303				
EUR	ST6GAL1	ST6GAL1_P15907_OID20302_v1_Cardiometabolic.tar	https://www.synapse.org/Synapse:syn51468610	549406720		e5cb0ae5d35bd2a06dcea14e3a2f63ce	syn51468610	syn51365303				
EUR	ST8SIA1	ST8SIA1_Q92185_OID30442_v1_Inflammation_II.tar	https://www.synapse.org/Synapse:syn52361531	545413120		d65c192472a9ba3ad583d866e83a294a	syn52361531	syn51365303				
EUR	STAB2	STAB2_Q8WWQ8_OID30401_v1_Cardiometabolic_II.tar	https://www.synapse.org/Synapse:syn52361966	549263360		f70b9227f48f63105242774d9d907bce	syn52361966	syn51365303				
EUR	STAMBP	STAMBP_O95630_OID20955_v1_Neurology.tar	https://www.synapse.org/Synapse:syn51471455	546897920		b204a7472913b1a74205f05c84cdc08c	syn51471455	syn51365303				
EUR	STAM	STAM_Q92783_OID31425_v1_Oncology_II.tar	https://www.synapse.org/Synapse:syn52362619				syn52362619	syn51365303				
EUR	STAT2	STAT2_P52630_OID30536_v1_Inflammation_II.tar	https://www.synapse.org/Synapse:syn52363328				syn52363328	syn51365303				
EUR	STAT5B	STAT5B_P51692_OID21277_v1_Oncology.tar	https://www.synapse.org/Synapse:syn51470302				syn51470302	syn51365303				
EUR	STAU1	STAU1_O95793_OID31210_v1_Oncology_II.tar	https://www.synapse.org/Synapse:syn52362396				syn52362396	syn51365303				
EUR	STC1	STC1_P52823_OID21014_v1_Neurology.tar	https://www.synapse.org/Synapse:syn51470840				syn51470840	syn51365303				
EUR	STC2	STC2_O76061_OID21157_v1_Neurology.tar	https://www.synapse.org/Synapse:syn51471156	548096000		5d5ced80d82fa4ae75a98e0cf6d903c6	syn51471156	syn51365303				
EUR	STEAP4	STEAP4_Q687X5_OID30846_v1_Neurology_II.tar	https://www.synapse.org/Synapse:syn52361996				syn52361996	syn51365303				
EUR	STIP1	STIP1_P31948_OID21077_v1_Neurology.tar	https://www.synapse.org/Synapse:syn51471376				syn51471376	syn51365303				
EUR	STK11	STK11_Q15831_OID20077_v1_Cardiometabolic.tar	https://www.synapse.org/Synapse:syn51469527				syn51469527	syn51365303				
EUR	STK24	STK24_Q9Y6E0_OID20837_v1_Neurology.tar	https://www.synapse.org/Synapse:syn51468748				syn51468748	syn51365303				
EUR	STK4	STK4_Q13043_OID20140_v1_Cardiometabolic.tar	https://www.synapse.org/Synapse:syn51470488				syn51470488	syn51365303				
EUR	STOML2	STOML2_Q9UJZ1_OID31183_v1_Oncology_II.tar	https://www.synapse.org/Synapse:syn52362581				syn52362581	syn51365303				
EUR	STX16	STX16_O14662_OID21170_v1_Oncology.tar	https://www.synapse.org/Synapse:syn51469689				syn51469689	syn51365303				
EUR	STX1B	STX1B_P61266_OID30934_v1_Neurology_II.tar	https://www.synapse.org/Synapse:syn52361894				syn52361894	syn51365303				
EUR	STX3	STX3_Q13277_OID31090_v1_Neurology_II.tar	https://www.synapse.org/Synapse:syn52361578				syn52361578	syn51365303				
EUR	STX4	STX4_Q12846_OID21326_v1_Oncology.tar	https://www.synapse.org/Synapse:syn51470474				syn51470474	syn51365303				
EUR	STX5	STX5_Q13190_OID30432_v1_Inflammation_II.tar	https://www.synapse.org/Synapse:syn52363533				syn52363533	syn51365303				
EUR	STX6	STX6_O43752_OID21219_v1_Oncology.tar	https://www.synapse.org/Synapse:syn51471422				syn51471422	syn51365303				
EUR	STX7	STX7_O15400_OID30560_v1_Inflammation_II.tar	https://www.synapse.org/Synapse:syn52362009				syn52362009	syn51365303				
EUR	STX8	STX8_Q9UNK0_OID20531_v1_Inflammation.tar	https://www.synapse.org/Synapse:syn51469432				syn51469432	syn51365303				
EUR	STXBP1	STXBP1_P61764_OID31054_v1_Neurology_II.tar	https://www.synapse.org/Synapse:syn52361450				syn52361450	syn51365303				
EUR	STXBP3	STXBP3_O00186_OID21240_v1_Oncology.tar	https://www.synapse.org/Synapse:syn51471465				syn51471465	syn51365303				
EUR	SUGP1	SUGP1_Q8IWZ8_OID31524_v1_Oncology_II.tar	https://www.synapse.org/Synapse:syn52361468				syn52361468	syn51365303				
EUR	SUGT1	SUGT1_Q9Y2Z0_OID21229_v1_Oncology.tar	https://www.synapse.org/Synapse:syn51470756				syn51470756	syn51365303				
EUR	SULT1A1	SULT1A1_P50225_OID21031_v1_Neurology.tar	https://www.synapse.org/Synapse:syn51470088	548915200		e5cbdcf7df83e89cc7e6a99457153db9	syn51470088	syn51365303				
EUR	SULT2A1	SULT2A1_Q06520_OID20508_v1_Inflammation.tar	https://www.synapse.org/Synapse:syn51470440				syn51470440	syn51365303				
EUR	SUMF1	SUMF1_Q8NBK3_OID30486_v1_Inflammation_II.tar	https://www.synapse.org/Synapse:syn52361524				syn52361524	syn51365303				
EUR	SUMF2	SUMF2_Q8NBJ7_OID21032_v1_Neurology.tar	https://www.synapse.org/Synapse:syn51468647	549109760		391095b9df058cd1c87e520856f09e05	syn51468647	syn51365303				
EUR	SUOX	SUOX_P51687_OID31031_v1_Neurology_II.tar	https://www.synapse.org/Synapse:syn52362246				syn52362246	syn51365303				
EUR	SUSD1	SUSD1_Q6UWL2_OID20072_v1_Cardiometabolic.tar	https://www.synapse.org/Synapse:syn51470764				syn51470764	syn51365303				
EUR	SUSD2	SUSD2_Q9UGT4_OID21098_v1_Neurology.tar	https://www.synapse.org/Synapse:syn51470618				syn51470618	syn51365303				
EUR	SUSD4	SUSD4_Q5VX71_OID31398_v1_Oncology_II.tar	https://www.synapse.org/Synapse:syn52362638				syn52362638	syn51365303				
EUR	SUSD5	SUSD5_O60279_OID30650_v1_Inflammation_II.tar	https://www.synapse.org/Synapse:syn52361786				syn52361786	syn51365303				
EUR	SV2A	SV2A_Q7L0J3_OID30965_v1_Neurology_II.tar	https://www.synapse.org/Synapse:syn52361951				syn52361951	syn51365303				
EUR	SWAP70	SWAP70_Q9UH65_OID31477_v1_Oncology_II.tar	https://www.synapse.org/Synapse:syn52363555				syn52363555	syn51365303				
EUR	SYAP1	SYAP1_Q96A49_OID30636_v1_Inflammation_II.tar	https://www.synapse.org/Synapse:syn52363367				syn52363367	syn51365303				
EUR	SYNGAP1	SYNGAP1_Q96PV0_OID30797_v1_Neurology_II.tar	https://www.synapse.org/Synapse:syn52361508				syn52361508	syn51365303				
EUR	SYT1	SYT1_P21579_OID31089_v1_Neurology_II.tar	https://www.synapse.org/Synapse:syn52362645				syn52362645	syn51365303				
EUR	SYTL4	SYTL4_Q96C24_OID30339_v1_Cardiometabolic_II.tar	https://www.synapse.org/Synapse:syn52362617				syn52362617	syn51365303				
EUR	TAB2	TAB2_Q9NYJ8_OID31319_v1_Oncology_II.tar	https://www.synapse.org/Synapse:syn52361722				syn52361722	syn51365303				
EUR	TACC3	TACC3_Q9Y6A5_OID21285_v1_Oncology.tar	https://www.synapse.org/Synapse:syn51468628				syn51468628	syn51365303				
EUR	TACSTD2	TACSTD2_P09758_OID21447_v1_Oncology.tar	https://www.synapse.org/Synapse:syn51470014				syn51470014	syn51365303				
EUR	TADA3	TADA3_O75528_OID31422_v1_Oncology_II.tar	https://www.synapse.org/Synapse:syn52363618				syn52363618	syn51365303				
EUR	TAFA5	TAFA5_Q7Z5A7_OID21321_v1_Oncology.tar	https://www.synapse.org/Synapse:syn51471456				syn51471456	syn51365303				
EUR	TAGLN3	TAGLN3_Q9UI15_OID31225_v1_Oncology_II.tar	https://www.synapse.org/Synapse:syn52362375				syn52362375	syn51365303				
EUR	TALDO1	TALDO1_P37837_OID30414_v1_Cardiometabolic_II.tar	https://www.synapse.org/Synapse:syn52362117				syn52362117	syn51365303				
EUR	TANK	TANK_Q92844_OID20474_v1_Inflammation.tar	https://www.synapse.org/Synapse:syn51469326				syn51469326	syn51365303				
EUR	TAP1	TAP1_Q03518_OID31289_v1_Oncology_II.tar	https://www.synapse.org/Synapse:syn52361536				syn52361536	syn51365303				
EUR	TARBP2	TARBP2_Q15633_OID20870_v1_Neurology.tar	https://www.synapse.org/Synapse:syn51470288				syn51470288	syn51365303				
EUR	TARM1	TARM1_B6A8C7_OID30937_v1_Neurology_II.tar	https://www.synapse.org/Synapse:syn52363904				syn52363904	syn51365303				
EUR	TARS1	TARS1_P26639_OID31343_v1_Oncology_II.tar	https://www.synapse.org/Synapse:syn52362402				syn52362402	syn51365303				
EUR	TAX1BP1	TAX1BP1_Q86VP1_OID31075_v1_Neurology_II.tar	https://www.synapse.org/Synapse:syn52363258				syn52363258	syn51365303				
EUR	TBC1D17	TBC1D17_Q9HA65_OID20844_v1_Neurology.tar	https://www.synapse.org/Synapse:syn51471380				syn51471380	syn51365303				
EUR	TBC1D23	TBC1D23_Q9NUY8_OID21286_v1_Oncology.tar	https://www.synapse.org/Synapse:syn51469066				syn51469066	syn51365303				
EUR	TBC1D5	TBC1D5_Q92609_OID20521_v1_Inflammation.tar	https://www.synapse.org/Synapse:syn51470214				syn51470214	syn51365303				
EUR	TBCA	TBCA_O75347_OID30616_v1_Inflammation_II.tar	https://www.synapse.org/Synapse:syn52362534				syn52362534	syn51365303				
EUR	TBCB	TBCB_Q99426_OID20993_v1_Neurology.tar	https://www.synapse.org/Synapse:syn51471193				syn51471193	syn51365303				
EUR	TBCC	TBCC_Q15814_OID20942_v1_Neurology.tar	https://www.synapse.org/Synapse:syn51469410				syn51469410	syn51365303				
EUR	TBL1X	TBL1X_O60907_OID21220_v1_Oncology.tar	https://www.synapse.org/Synapse:syn51471406				syn51471406	syn51365303				
EUR	TBR1	TBR1_Q16650_OID30923_v1_Neurology_II.tar	https://www.synapse.org/Synapse:syn52361658				syn52361658	syn51365303				
EUR	TCL1A	TCL1A_P56279_OID20987_v1_Neurology.tar	https://www.synapse.org/Synapse:syn51468755				syn51468755	syn51365303				
EUR	TCL1B	TCL1B_O95988_OID20058_v1_Cardiometabolic.tar	https://www.synapse.org/Synapse:syn51469027				syn51469027	syn51365303				
EUR	TCN1	TCN1_P20061_OID30687_v1_Inflammation_II.tar	https://www.synapse.org/Synapse:syn52361949				syn52361949	syn51365303				
EUR	TCN2	TCN2_P20062_OID20341_v1_Cardiometabolic.tar	https://www.synapse.org/Synapse:syn51470429				syn51470429	syn51365303				
EUR	TCOF1	TCOF1_Q13428_OID30316_v1_Cardiometabolic_II.tar	https://www.synapse.org/Synapse:syn52362740				syn52362740	syn51365303				
EUR	TCP11	TCP11_Q8WWU5_OID31267_v1_Oncology_II.tar	https://www.synapse.org/Synapse:syn52363482				syn52363482	syn51365303				
EUR	TCTN3	TCTN3_Q6NUS6_OID30326_v1_Cardiometabolic_II.tar	https://www.synapse.org/Synapse:syn52363053				syn52363053	syn51365303				
EUR	TDGF1	TDGF1_P13385_OID20816_v1_Neurology.tar	https://www.synapse.org/Synapse:syn51470392				syn51470392	syn51365303				
EUR	TDO2	TDO2_P48775_OID30910_v1_Neurology_II.tar	https://www.synapse.org/Synapse:syn52361707				syn52361707	syn51365303				
EUR	TDP1	TDP1_Q9NUW8_OID31403_v1_Oncology_II.tar	https://www.synapse.org/Synapse:syn52361452				syn52361452	syn51365303				
EUR	TDRKH	TDRKH_Q9Y2W6_OID20875_v1_Neurology.tar	https://www.synapse.org/Synapse:syn51469459				syn51469459	syn51365303				
EUR	TEF	TEF_Q10587_OID30103_v1_Cardiometabolic_II.tar	https://www.synapse.org/Synapse:syn52363607				syn52363607	syn51365303				
EUR	TEK	TEK_Q02763_OID21496_v1_Oncology.tar	https://www.synapse.org/Synapse:syn51470493				syn51470493	syn51365303				
EUR	TERF1	TERF1_P54274_OID30480_v1_Inflammation_II.tar	https://www.synapse.org/Synapse:syn52363536				syn52363536	syn51365303				
EUR	TET2	TET2_Q6N021_OID31266_v1_Oncology_II.tar	https://www.synapse.org/Synapse:syn52363327				syn52363327	syn51365303				
EUR	TEX101	TEX101_Q9BY14_OID30971_v1_Neurology_II.tar	https://www.synapse.org/Synapse:syn52362936				syn52362936	syn51365303				
EUR	TEX33	TEX33_O43247_OID31280_v1_Oncology_II.tar	https://www.synapse.org/Synapse:syn52362620				syn52362620	syn51365303				
EUR	TFAP2A	TFAP2A_P05549_OID30848_v1_Neurology_II.tar	https://www.synapse.org/Synapse:syn52362033				syn52362033	syn51365303				
EUR	TFF1	TFF1_P04155_OID21154_v1_Neurology.tar	https://www.synapse.org/Synapse:syn51470837				syn51470837	syn51365303				
EUR	TFF2	TFF2_Q03403_OID20787_v1_Inflammation.tar	https://www.synapse.org/Synapse:syn51471424				syn51471424	syn51365303				
EUR	TFF3	TFF3_Q07654_OID20371_v1_Cardiometabolic.tar	https://www.synapse.org/Synapse:syn51469703				syn51469703	syn51365303				
EUR	TFPI2	TFPI2_P48307_OID21512_v1_Oncology.tar	https://www.synapse.org/Synapse:syn51469716				syn51469716	syn51365303				
EUR	TFPI	TFPI_P10646_OID20388_v1_Cardiometabolic.tar	https://www.synapse.org/Synapse:syn51471229				syn51471229	syn51365303				
EUR	TFRC	TFRC_P02786_OID20369_v1_Cardiometabolic.tar	https://www.synapse.org/Synapse:syn51468491				syn51468491	syn51365303				
EUR	TF	TF_P02787_OID30783_v1_Inflammation_II.tar	https://www.synapse.org/Synapse:syn52363128				syn52363128	syn51365303				
EUR	TGFA	TGFA_P01135_OID20600_v1_Inflammation.tar	https://www.synapse.org/Synapse:syn51470025				syn51470025	syn51365303				
EUR	TGFB1	TGFB1_P01137_OID20621_v1_Inflammation.tar	https://www.synapse.org/Synapse:syn51471354				syn51471354	syn51365303				
EUR	TGFB2	TGFB2_P61812_OID31417_v1_Oncology_II.tar	https://www.synapse.org/Synapse:syn52361867				syn52361867	syn51365303				
EUR	TGFBI	TGFBI_Q15582_OID20417_v1_Cardiometabolic.tar	https://www.synapse.org/Synapse:syn51468640				syn51468640	syn51365303				
EUR	TGFBR1	TGFBR1_P36897_OID30502_v1_Inflammation_II.tar	https://www.synapse.org/Synapse:syn52363637				syn52363637	syn51365303				
EUR	TGFBR2	TGFBR2_P37173_OID21493_v1_Oncology.tar	https://www.synapse.org/Synapse:syn51470142				syn51470142	syn51365303				
EUR	TGFBR3	TGFBR3_Q03167_OID20255_v1_Cardiometabolic.tar	https://www.synapse.org/Synapse:syn51471135				syn51471135	syn51365303				
EUR	TGM2	TGM2_P21980_OID20141_v1_Cardiometabolic.tar	https://www.synapse.org/Synapse:syn51469353				syn51469353	syn51365303				
EUR	TGOLN2	TGOLN2_O43493_OID30691_v1_Inflammation_II.tar	https://www.synapse.org/Synapse:syn52363028				syn52363028	syn51365303				
EUR	TG	TG_P01266_OID31359_v1_Oncology_II.tar	https://www.synapse.org/Synapse:syn52361310				syn52361310	syn51365303				
EUR	THAP12	THAP12_O43422_OID31238_v1_Oncology_II.tar	https://www.synapse.org/Synapse:syn52363556				syn52363556	syn51365303				
EUR	THBD	THBD_P07204_OID20231_v1_Cardiometabolic.tar	https://www.synapse.org/Synapse:syn51470308				syn51470308	syn51365303				
EUR	THBS2	THBS2_P35442_OID21104_v1_Neurology.tar	https://www.synapse.org/Synapse:syn51468486				syn51468486	syn51365303				
EUR	THBS4	THBS4_P35443_OID20368_v1_Cardiometabolic.tar	https://www.synapse.org/Synapse:syn51470473				syn51470473	syn51365303				
EUR	THOP1	THOP1_P52888_OID20194_v1_Cardiometabolic.tar	https://www.synapse.org/Synapse:syn51470061				syn51470061	syn51365303				
EUR	THPO	THPO_P40225_OID20098_v1_Cardiometabolic.tar	https://www.synapse.org/Synapse:syn51468609				syn51468609	syn51365303				
EUR	THRAP3	THRAP3_Q9Y2W1_OID30053_v1_Cardiometabolic_II.tar	https://www.synapse.org/Synapse:syn52362934				syn52362934	syn51365303				
EUR	THSD1	THSD1_Q9NS62_OID30476_v1_Inflammation_II.tar	https://www.synapse.org/Synapse:syn52363403				syn52363403	syn51365303				
EUR	THTPA	THTPA_Q9BU02_OID31375_v1_Oncology_II.tar	https://www.synapse.org/Synapse:syn52362428				syn52362428	syn51365303				
EUR	THY1	THY1_P04216_OID21050_v1_Neurology.tar	https://www.synapse.org/Synapse:syn51471256				syn51471256	syn51365303				
EUR	TIA1	TIA1_P31483_OID20068_v1_Cardiometabolic.tar	https://www.synapse.org/Synapse:syn51470520				syn51470520	syn51365303				
EUR	TIE1	TIE1_P35590_OID20303_v1_Cardiometabolic.tar	https://www.synapse.org/Synapse:syn51469605				syn51469605	syn51365303				
EUR	TIGAR	TIGAR_Q9NQ88_OID20894_v1_Neurology.tar	https://www.synapse.org/Synapse:syn51468971				syn51468971	syn51365303				
EUR	TIGIT	TIGIT_Q495A1_OID31320_v1_Oncology_II.tar	https://www.synapse.org/Synapse:syn52362795				syn52362795	syn51365303				
EUR	TIMD4	TIMD4_Q96H15_OID20375_v1_Cardiometabolic.tar	https://www.synapse.org/Synapse:syn51471035				syn51471035	syn51365303				
EUR	TIMM10	TIMM10_P62072_OID30358_v1_Cardiometabolic_II.tar	https://www.synapse.org/Synapse:syn52362802				syn52362802	syn51365303				
EUR	TIMM8A	TIMM8A_O60220_OID31143_v1_Neurology_II.tar	https://www.synapse.org/Synapse:syn52361481				syn52361481	syn51365303				
EUR	TIMP1	TIMP1_P01033_OID20418_v1_Cardiometabolic.tar	https://www.synapse.org/Synapse:syn51469491				syn51469491	syn51365303				
EUR	TIMP2	TIMP2_P16035_OID30318_v1_Cardiometabolic_II.tar	https://www.synapse.org/Synapse:syn52362222				syn52362222	syn51365303				
EUR	TIMP3	TIMP3_P35625_OID20684_v1_Inflammation.tar	https://www.synapse.org/Synapse:syn51470940				syn51470940	syn51365303				
EUR	TIMP4	TIMP4_Q99727_OID21147_v1_Neurology.tar	https://www.synapse.org/Synapse:syn51471183				syn51471183	syn51365303				
EUR	TINAGL1	TINAGL1_Q9GZM7_OID20180_v1_Cardiometabolic.tar	https://www.synapse.org/Synapse:syn51469166				syn51469166	syn51365303				
EUR	TJAP1	TJAP1_Q5JTD0_OID21477_v1_Oncology.tar	https://www.synapse.org/Synapse:syn51470166				syn51470166	syn51365303				
EUR	TJP3	TJP3_O95049_OID30798_v1_Neurology_II.tar	https://www.synapse.org/Synapse:syn52362970				syn52362970	syn51365303				
EUR	TK1	TK1_P04183_OID31294_v1_Oncology_II.tar	https://www.synapse.org/Synapse:syn52361633				syn52361633	syn51365303				
EUR	TLR1	TLR1_Q15399_OID30532_v1_Inflammation_II.tar	https://www.synapse.org/Synapse:syn52361817				syn52361817	syn51365303				
EUR	TLR2	TLR2_O60603_OID31290_v1_Oncology_II.tar	https://www.synapse.org/Synapse:syn52363418				syn52363418	syn51365303				
EUR	TLR3	TLR3_O15455_OID20612_v1_Inflammation.tar	https://www.synapse.org/Synapse:syn51469423				syn51469423	syn51365303				
EUR	TLR4	TLR4_O00206_OID30428_v1_Inflammation_II.tar	https://www.synapse.org/Synapse:syn52362657				syn52362657	syn51365303				
EUR	TMCO5A	TMCO5A_Q8N6Q1_OID30940_v1_Neurology_II.tar	https://www.synapse.org/Synapse:syn52361803				syn52361803	syn51365303				
EUR	TMED10	TMED10_P49755_OID30068_v1_Cardiometabolic_II.tar	https://www.synapse.org/Synapse:syn52362093				syn52362093	syn51365303				
EUR	TMED1	TMED1_Q13445_OID31278_v1_Oncology_II.tar	https://www.synapse.org/Synapse:syn52361740				syn52361740	syn51365303				
EUR	TMED4	TMED4_Q7Z7H5_OID30154_v1_Cardiometabolic_II.tar	https://www.synapse.org/Synapse:syn52363599				syn52363599	syn51365303				
EUR	TMED8	TMED8_Q6PL24_OID31462_v1_Oncology_II.tar	https://www.synapse.org/Synapse:syn52361309				syn52361309	syn51365303				
EUR	TMEM106A	TMEM106A_Q96A25_OID31411_v1_Oncology_II.tar	https://www.synapse.org/Synapse:syn52363585				syn52363585	syn51365303				
EUR	TMEM132A	TMEM132A_Q24JP5_OID30287_v1_Cardiometabolic_II.tar	https://www.synapse.org/Synapse:syn52363227				syn52363227	syn51365303				
EUR	TMEM25	TMEM25_Q86YD3_OID31015_v1_Neurology_II.tar	https://www.synapse.org/Synapse:syn52363504				syn52363504	syn51365303				
EUR	TMOD4	TMOD4_Q9NZQ9_OID31246_v1_Oncology_II.tar	https://www.synapse.org/Synapse:syn52362442				syn52362442	syn51365303				
EUR	TMPRSS11B	TMPRSS11B_Q86T26_OID30852_v1_Neurology_II.tar	https://www.synapse.org/Synapse:syn52363514				syn52363514	syn51365303				
EUR	TMPRSS11D	TMPRSS11D_O60235_OID31103_v1_Neurology_II.tar	https://www.synapse.org/Synapse:syn52362486				syn52362486	syn51365303				
EUR	TMPRSS15	TMPRSS15_P98073_OID21364_v1_Oncology.tar	https://www.synapse.org/Synapse:syn51469614				syn51469614	syn51365303				
EUR	TMPRSS5	TMPRSS5_Q9H3S3_OID20947_v1_Neurology.tar	https://www.synapse.org/Synapse:syn51471300				syn51471300	syn51365303				
EUR	TMSB10	TMSB10_P63313_OID21118_v1_Neurology.tar	https://www.synapse.org/Synapse:syn51468699				syn51468699	syn51365303				
EUR	TNC	TNC_P24821_OID20359_v1_Cardiometabolic.tar	https://www.synapse.org/Synapse:syn51470896				syn51470896	syn51365303				
EUR	TNFAIP2	TNFAIP2_Q03169_OID31446_v1_Oncology_II.tar	https://www.synapse.org/Synapse:syn52361749				syn52361749	syn51365303				
EUR	TNFAIP8L2	TNFAIP8L2_Q6P589_OID30629_v1_Inflammation_II.tar	https://www.synapse.org/Synapse:syn52363353				syn52363353	syn51365303				
EUR	TNFAIP8	TNFAIP8_O95379_OID20433_v1_Inflammation.tar	https://www.synapse.org/Synapse:syn51470281				syn51470281	syn51365303				
EUR	TNFRSF10A	TNFRSF10A_O00220_OID20967_v1_Neurology.tar	https://www.synapse.org/Synapse:syn51468629				syn51468629	syn51365303				
EUR	TNFRSF10B	TNFRSF10B_O14763_OID20981_v1_Neurology.tar	https://www.synapse.org/Synapse:syn51468770				syn51468770	syn51365303				
EUR	TNFRSF10C	TNFRSF10C_O14798_OID20265_v1_Cardiometabolic.tar	https://www.synapse.org/Synapse:syn51471246				syn51471246	syn51365303				
EUR	TNFRSF11A	TNFRSF11A_Q9Y6Q6_OID20646_v1_Inflammation.tar	https://www.synapse.org/Synapse:syn51471444				syn51471444	syn51365303				
EUR	TNFRSF11B	TNFRSF11B_O00300_OID20735_v1_Inflammation.tar	https://www.synapse.org/Synapse:syn51468882				syn51468882	syn51365303				
EUR	TNFRSF12A	TNFRSF12A_Q9NP84_OID21482_v1_Oncology.tar	https://www.synapse.org/Synapse:syn51470428				syn51470428	syn51365303				
EUR	TNFRSF13B	TNFRSF13B_O14836_OID20702_v1_Inflammation.tar	https://www.synapse.org/Synapse:syn51471400				syn51471400	syn51365303				
EUR	TNFRSF13C	TNFRSF13C_Q96RJ3_OID20480_v1_Inflammation.tar	https://www.synapse.org/Synapse:syn51468893				syn51468893	syn51365303				
EUR	TNFRSF14	TNFRSF14_Q92956_OID20783_v1_Inflammation.tar	https://www.synapse.org/Synapse:syn51471041				syn51471041	syn51365303				
EUR	TNFRSF17	TNFRSF17_Q02223_OID30589_v1_Inflammation_II.tar	https://www.synapse.org/Synapse:syn52362376				syn52362376	syn51365303				
EUR	TNFRSF19	TNFRSF19_Q9NS68_OID21446_v1_Oncology.tar	https://www.synapse.org/Synapse:syn51468648				syn51468648	syn51365303				
EUR	TNFRSF1A	TNFRSF1A_P19438_OID21155_v1_Neurology.tar	https://www.synapse.org/Synapse:syn51468634				syn51468634	syn51365303				
EUR	TNFRSF1B	TNFRSF1B_P20333_OID21145_v1_Neurology.tar	https://www.synapse.org/Synapse:syn51469295				syn51469295	syn51365303				
EUR	TNFRSF21	TNFRSF21_O75509_OID21052_v1_Neurology.tar	https://www.synapse.org/Synapse:syn51471372				syn51471372	syn51365303				
EUR	TNFRSF4	TNFRSF4_P43489_OID20653_v1_Inflammation.tar	https://www.synapse.org/Synapse:syn51471260				syn51471260	syn51365303				
EUR	TNFRSF6B	TNFRSF6B_O95407_OID20964_v1_Neurology.tar	https://www.synapse.org/Synapse:syn51469490				syn51469490	syn51365303				
EUR	TNFRSF8	TNFRSF8_P28908_OID21049_v1_Neurology.tar	https://www.synapse.org/Synapse:syn51468890				syn51468890	syn51365303				
EUR	TNFRSF9	TNFRSF9_Q07011_OID20985_v1_Neurology.tar	https://www.synapse.org/Synapse:syn51471224				syn51471224	syn51365303				
EUR	TNFSF10	TNFSF10_P50591_OID20611_v1_Inflammation.tar	https://www.synapse.org/Synapse:syn51471028				syn51471028	syn51365303				
EUR	TNFSF11	TNFSF11_O14788_OID20592_v1_Inflammation.tar	https://www.synapse.org/Synapse:syn51469943				syn51469943	syn51365303				
EUR	TNFSF12	TNFSF12_O43508_OID20624_v1_Inflammation.tar	https://www.synapse.org/Synapse:syn51469651				syn51469651	syn51365303				
EUR	TNFSF13B	TNFSF13B_Q9Y275_OID20272_v1_Cardiometabolic.tar	https://www.synapse.org/Synapse:syn51469152				syn51469152	syn51365303				
EUR	TNFSF13	TNFSF13_O75888_OID20733_v1_Inflammation.tar	https://www.synapse.org/Synapse:syn51470437				syn51470437	syn51365303				
EUR	TNFSF14	TNFSF14_O43557_OID20953_v1_Neurology.tar	https://www.synapse.org/Synapse:syn51469702				syn51469702	syn51365303				
EUR	TNFSF8	TNFSF8_P32971_OID30384_v1_Cardiometabolic_II.tar	https://www.synapse.org/Synapse:syn52362527				syn52362527	syn51365303				
EUR	TNF	TNF_P01375_OID20074_v1_Cardiometabolic.tar	https://www.synapse.org/Synapse:syn51469040				syn51469040	syn51365303				
EUR	TNF	TNF_P01375_OID20473_v1_Inflammation.tar	https://www.synapse.org/Synapse:syn51469773				syn51469773	syn51365303				
EUR	TNF	TNF_P01375_OID20848_v1_Neurology.tar	https://www.synapse.org/Synapse:syn51469329				syn51469329	syn51365303				
EUR	TNF	TNF_P01375_OID21237_v1_Oncology.tar	https://www.synapse.org/Synapse:syn51470943				syn51470943	syn51365303				
EUR	TNIP1	TNIP1_Q15025_OID31120_v1_Neurology_II.tar	https://www.synapse.org/Synapse:syn52362298				syn52362298	syn51365303				
EUR	TNNI3	TNNI3_P19429_OID20050_v1_Cardiometabolic.tar	https://www.synapse.org/Synapse:syn51469966				syn51469966	syn51365303				
EUR	TNN	TNN_Q9UQP3_OID30412_v1_Cardiometabolic_II.tar	https://www.synapse.org/Synapse:syn52363605				syn52363605	syn51365303				
EUR	TNPO1	TNPO1_Q92973_OID31330_v1_Oncology_II.tar	https://www.synapse.org/Synapse:syn52362066				syn52362066	syn51365303				
EUR	TNR	TNR_Q92752_OID20957_v1_Neurology.tar	https://www.synapse.org/Synapse:syn51468731				syn51468731	syn51365303				
EUR	TNXB	TNXB_P22105_OID21107_v1_Neurology.tar	https://www.synapse.org/Synapse:syn51471195				syn51471195	syn51365303				
EUR	TOMM20	TOMM20_Q15388_OID30353_v1_Cardiometabolic_II.tar	https://www.synapse.org/Synapse:syn52362448				syn52362448	syn51365303				
EUR	TOP1MT	TOP1MT_Q969P6_OID31233_v1_Oncology_II.tar	https://www.synapse.org/Synapse:syn52361713				syn52361713	syn51365303				
EUR	TOP1	TOP1_P11387_OID31449_v1_Oncology_II.tar	https://www.synapse.org/Synapse:syn52363483				syn52363483	syn51365303				
EUR	TOP2B	TOP2B_Q02880_OID30559_v1_Inflammation_II.tar	https://www.synapse.org/Synapse:syn52362613				syn52362613	syn51365303				
EUR	TOR1AIP1	TOR1AIP1_Q5JTV8_OID30195_v1_Cardiometabolic_II.tar	https://www.synapse.org/Synapse:syn52362627				syn52362627	syn51365303				
EUR	TP53BP1	TP53BP1_Q12888_OID30470_v1_Inflammation_II.tar	https://www.synapse.org/Synapse:syn52362692				syn52362692	syn51365303				
EUR	TP53I3	TP53I3_Q53FA7_OID30632_v1_Inflammation_II.tar	https://www.synapse.org/Synapse:syn52361533				syn52361533	syn51365303				
EUR	TP53INP1	TP53INP1_Q96A56_OID20120_v1_Cardiometabolic.tar	https://www.synapse.org/Synapse:syn51470793				syn51470793	syn51365303				
EUR	TP53	TP53_P04637_OID21232_v1_Oncology.tar	https://www.synapse.org/Synapse:syn51471382				syn51471382	syn51365303				
EUR	TP73	TP73_O15350_OID30879_v1_Neurology_II.tar	https://www.synapse.org/Synapse:syn52362768				syn52362768	syn51365303				
EUR	TPBGL	TPBGL_P0DKB5_OID30928_v1_Neurology_II.tar	https://www.synapse.org/Synapse:syn52362423				syn52362423	syn51365303				
EUR	TPD52L2	TPD52L2_O43399_OID30609_v1_Inflammation_II.tar	https://www.synapse.org/Synapse:syn52361859				syn52361859	syn51365303				
EUR	TPK1	TPK1_Q9H3S4_OID30338_v1_Cardiometabolic_II.tar	https://www.synapse.org/Synapse:syn52361736				syn52361736	syn51365303				
EUR	TPM3	TPM3_P06753_OID30058_v1_Cardiometabolic_II.tar	https://www.synapse.org/Synapse:syn52362549				syn52362549	syn51365303				
EUR	TPMT	TPMT_P51580_OID21270_v1_Oncology.tar	https://www.synapse.org/Synapse:syn51470190				syn51470190	syn51365303				
EUR	TPP1	TPP1_O14773_OID20750_v1_Inflammation.tar	https://www.synapse.org/Synapse:syn51468983				syn51468983	syn51365303				
EUR	TPPP2	TPPP2_P59282_OID31274_v1_Oncology_II.tar	https://www.synapse.org/Synapse:syn52361843				syn52361843	syn51365303				
EUR	TPPP3	TPPP3_Q9BW30_OID20842_v1_Neurology.tar	https://www.synapse.org/Synapse:syn51469150				syn51469150	syn51365303				
EUR	TPRKB	TPRKB_Q9Y3C4_OID31234_v1_Oncology_II.tar	https://www.synapse.org/Synapse:syn52362081				syn52362081	syn51365303				
EUR	TPR	TPR_P12270_OID30143_v1_Cardiometabolic_II.tar	https://www.synapse.org/Synapse:syn52362516				syn52362516	syn51365303				
EUR	TPSAB1	TPSAB1_Q15661_OID20642_v1_Inflammation.tar	https://www.synapse.org/Synapse:syn51469857				syn51469857	syn51365303				
EUR	TPSD1	TPSD1_Q9BZJ3_OID30982_v1_Neurology_II.tar	https://www.synapse.org/Synapse:syn52362631				syn52362631	syn51365303				
EUR	TPSG1	TPSG1_Q9NRR2_OID30424_v1_Inflammation_II.tar	https://www.synapse.org/Synapse:syn52362610				syn52362610	syn51365303				
EUR	TPT1	TPT1_P13693_OID20476_v1_Inflammation.tar	https://www.synapse.org/Synapse:syn51469570				syn51469570	syn51365303				
EUR	TRAF2	TRAF2_Q12933_OID20507_v1_Inflammation.tar	https://www.synapse.org/Synapse:syn51470638				syn51470638	syn51365303				
EUR	TRAF3IP2	TRAF3IP2_O43734_OID30054_v1_Cardiometabolic_II.tar	https://www.synapse.org/Synapse:syn52361494				syn52361494	syn51365303				
EUR	TRAF3	TRAF3_Q13114-2_OID30479_v1_Inflammation_II.tar	https://www.synapse.org/Synapse:syn52362737				syn52362737	syn51365303				
EUR	TRDMT1	TRDMT1_O14717_OID31335_v1_Oncology_II.tar	https://www.synapse.org/Synapse:syn52361539				syn52361539	syn51365303				
EUR	TREH	TREH_O43280_OID30388_v1_Cardiometabolic_II.tar	https://www.synapse.org/Synapse:syn52363047				syn52363047	syn51365303				
EUR	TREM2	TREM2_Q9NZC2_OID20731_v1_Inflammation.tar	https://www.synapse.org/Synapse:syn51468784				syn51468784	syn51365303				
EUR	TREML1	TREML1_Q86YW5_OID30682_v1_Inflammation_II.tar	https://www.synapse.org/Synapse:syn52363475				syn52363475	syn51365303				
EUR	TREML2	TREML2_Q5T2D2_OID21120_v1_Neurology.tar	https://www.synapse.org/Synapse:syn51470766				syn51470766	syn51365303				
EUR	TRIAP1	TRIAP1_O43715_OID21403_v1_Oncology.tar	https://www.synapse.org/Synapse:syn51469734				syn51469734	syn51365303				
EUR	TRIM21	TRIM21_P19474_OID20533_v1_Inflammation.tar	https://www.synapse.org/Synapse:syn51470746				syn51470746	syn51365303				
EUR	TRIM24	TRIM24_O15164_OID31271_v1_Oncology_II.tar	https://www.synapse.org/Synapse:syn52363627				syn52363627	syn51365303				
EUR	TRIM25	TRIM25_Q14258_OID31482_v1_Oncology_II.tar	https://www.synapse.org/Synapse:syn52362622				syn52362622	syn51365303				
EUR	TRIM26	TRIM26_Q12899_OID31207_v1_Oncology_II.tar	https://www.synapse.org/Synapse:syn52363576				syn52363576	syn51365303				
EUR	TRIM40	TRIM40_Q6P9F5_OID30885_v1_Neurology_II.tar	https://www.synapse.org/Synapse:syn52361369				syn52361369	syn51365303				
EUR	TRIM58	TRIM58_Q8NG06_OID31429_v1_Oncology_II.tar	https://www.synapse.org/Synapse:syn52363578				syn52363578	syn51365303				
EUR	TRIM5	TRIM5_Q9C035_OID20526_v1_Inflammation.tar	https://www.synapse.org/Synapse:syn51468535				syn51468535	syn51365303				
EUR	TRPV3	TRPV3_Q8NET8_OID30128_v1_Cardiometabolic_II.tar	https://www.synapse.org/Synapse:syn52363055				syn52363055	syn51365303				
EUR	TSC1	TSC1_Q92574_OID30478_v1_Inflammation_II.tar	https://www.synapse.org/Synapse:syn52361433				syn52361433	syn51365303				
EUR	TSC22D1	TSC22D1_Q15714_OID31016_v1_Neurology_II.tar	https://www.synapse.org/Synapse:syn52362770				syn52362770	syn51365303				
EUR	TSHB	TSHB_P01222_OID20129_v1_Cardiometabolic.tar	https://www.synapse.org/Synapse:syn51470619				syn51470619	syn51365303				
EUR	TSLP	TSLP_Q969D9_OID20056_v1_Cardiometabolic.tar	https://www.synapse.org/Synapse:syn51469371				syn51469371	syn51365303				
EUR	TSNAX	TSNAX_Q99598_OID30185_v1_Cardiometabolic_II.tar	https://www.synapse.org/Synapse:syn52361516				syn52361516	syn51365303				
EUR	TSPAN15	TSPAN15_O95858_OID30095_v1_Cardiometabolic_II.tar	https://www.synapse.org/Synapse:syn52363502				syn52363502	syn51365303				
EUR	TSPAN1	TSPAN1_O60635_OID20078_v1_Cardiometabolic.tar	https://www.synapse.org/Synapse:syn51471346				syn51471346	syn51365303				
EUR	TSPAN7	TSPAN7_P41732_OID30810_v1_Neurology_II.tar	https://www.synapse.org/Synapse:syn52361626				syn52361626	syn51365303				
EUR	TSPAN8	TSPAN8_P19075_OID31470_v1_Oncology_II.tar	https://www.synapse.org/Synapse:syn52362859				syn52362859	syn51365303				
EUR	TSPYL1	TSPYL1_Q9H0U9_OID30512_v1_Inflammation_II.tar	https://www.synapse.org/Synapse:syn52361770				syn52361770	syn51365303				
EUR	TST	TST_Q16762_OID20868_v1_Neurology.tar	https://www.synapse.org/Synapse:syn51471254				syn51471254	syn51365303				
EUR	TTF2	TTF2_Q9UNY4_OID30942_v1_Neurology_II.tar	https://www.synapse.org/Synapse:syn52362847				syn52362847	syn51365303				
EUR	TTN	TTN_Q8WZ42_OID30108_v1_Cardiometabolic_II.tar	https://www.synapse.org/Synapse:syn52362506				syn52362506	syn51365303				
EUR	TTR	TTR_P02766_OID30782_v1_Inflammation_II.tar	https://www.synapse.org/Synapse:syn52363545				syn52363545	syn51365303				
EUR	TUBB3	TUBB3_Q13509_OID30799_v1_Neurology_II.tar	https://www.synapse.org/Synapse:syn52363416				syn52363416	syn51365303				
EUR	TWF2	TWF2_Q6IBS0_OID30386_v1_Cardiometabolic_II.tar	https://www.synapse.org/Synapse:syn52362001				syn52362001	syn51365303				
EUR	TXK	TXK_P42681_OID31262_v1_Oncology_II.tar	https://www.synapse.org/Synapse:syn52362818				syn52362818	syn51365303				
EUR	TXLNA	TXLNA_P40222_OID20952_v1_Neurology.tar	https://www.synapse.org/Synapse:syn51468738				syn51468738	syn51365303				
EUR	TXNDC15	TXNDC15_Q96J42_OID21495_v1_Oncology.tar	https://www.synapse.org/Synapse:syn51468732				syn51468732	syn51365303				
EUR	TXNDC5	TXNDC5_Q8NBS9_OID21012_v1_Neurology.tar	https://www.synapse.org/Synapse:syn51471012				syn51471012	syn51365303				
EUR	TXNDC9	TXNDC9_O14530_OID31121_v1_Neurology_II.tar	https://www.synapse.org/Synapse:syn52361403				syn52361403	syn51365303				
EUR	TXNL1	TXNL1_O43396_OID30872_v1_Neurology_II.tar	https://www.synapse.org/Synapse:syn52363584				syn52363584	syn51365303				
EUR	TXNRD1	TXNRD1_Q16881_OID21135_v1_Neurology.tar	https://www.synapse.org/Synapse:syn51468814				syn51468814	syn51365303				
EUR	TXN	TXN_P10599_OID30670_v1_Inflammation_II.tar	https://www.synapse.org/Synapse:syn52362658				syn52362658	syn51365303				
EUR	TYMP	TYMP_P19971_OID20234_v1_Cardiometabolic.tar	https://www.synapse.org/Synapse:syn51468630				syn51468630	syn51365303				
EUR	TYRO3	TYRO3_Q06418_OID20161_v1_Cardiometabolic.tar	https://www.synapse.org/Synapse:syn51471329				syn51471329	syn51365303				
EUR	TYRP1	TYRP1_P17643_OID30517_v1_Inflammation_II.tar	https://www.synapse.org/Synapse:syn52361421				syn52361421	syn51365303				
EUR	UBAC1	UBAC1_Q9BSL1_OID21336_v1_Oncology.tar	https://www.synapse.org/Synapse:syn51468975				syn51468975	syn51365303				
EUR	UBE2B	UBE2B_P63146_OID31368_v1_Oncology_II.tar	https://www.synapse.org/Synapse:syn52363666				syn52363666	syn51365303				
EUR	UBE2L6	UBE2L6_O14933_OID30321_v1_Cardiometabolic_II.tar	https://www.synapse.org/Synapse:syn52361569				syn52361569	syn51365303				
EUR	UBE2Z	UBE2Z_Q9H832_OID30427_v1_Inflammation_II.tar	https://www.synapse.org/Synapse:syn52361872				syn52361872	syn51365303				
EUR	UBQLN3	UBQLN3_Q9H347_OID30096_v1_Cardiometabolic_II.tar	https://www.synapse.org/Synapse:syn52361334				syn52361334	syn51365303				
EUR	UBXN1	UBXN1_Q04323_OID30654_v1_Inflammation_II.tar	https://www.synapse.org/Synapse:syn52363460				syn52363460	syn51365303				
EUR	UFD1	UFD1_Q92890_OID31486_v1_Oncology_II.tar	https://www.synapse.org/Synapse:syn52361611				syn52361611	syn51365303				
EUR	UGDH	UGDH_O60701_OID30081_v1_Cardiometabolic_II.tar	https://www.synapse.org/Synapse:syn52361366				syn52361366	syn51365303				
EUR	UHRF2	UHRF2_Q96PU4_OID30171_v1_Cardiometabolic_II.tar	https://www.synapse.org/Synapse:syn52362555				syn52362555	syn51365303				
EUR	ULBP2	ULBP2_Q9BZM5_OID20919_v1_Neurology.tar	https://www.synapse.org/Synapse:syn51469920				syn51469920	syn51365303				
EUR	UMOD	UMOD_P07911_OID20237_v1_Cardiometabolic.tar	https://www.synapse.org/Synapse:syn51469030				syn51469030	syn51365303				
EUR	UNC5D	UNC5D_Q6UXZ4_OID30447_v1_Inflammation_II.tar	https://www.synapse.org/Synapse:syn52361991				syn52361991	syn51365303				
EUR	UNC79	UNC79_Q9P2D8_OID31181_v1_Oncology_II.tar	https://www.synapse.org/Synapse:syn52362540				syn52362540	syn51365303				
EUR	UNG	UNG_P13051_OID31419_v1_Oncology_II.tar	https://www.synapse.org/Synapse:syn52361351				syn52361351	syn51365303				
EUR	UPB1	UPB1_Q9UBR1_OID30352_v1_Cardiometabolic_II.tar	https://www.synapse.org/Synapse:syn52362240				syn52362240	syn51365303				
EUR	UPK3A	UPK3A_O75631_OID30794_v1_Neurology_II.tar	https://www.synapse.org/Synapse:syn52361363				syn52361363	syn51365303				
EUR	UPK3BL1	UPK3BL1_B0FP48_OID31281_v1_Oncology_II.tar	https://www.synapse.org/Synapse:syn52362429				syn52362429	syn51365303				
EUR	UROD	UROD_P06132_OID30603_v1_Inflammation_II.tar	https://www.synapse.org/Synapse:syn52361355				syn52361355	syn51365303				
EUR	UROS	UROS_P10746_OID30964_v1_Neurology_II.tar	https://www.synapse.org/Synapse:syn52363568				syn52363568	syn51365303				
EUR	USO1	USO1_O60763_OID21367_v1_Oncology.tar	https://www.synapse.org/Synapse:syn51469847				syn51469847	syn51365303				
EUR	USP25	USP25_Q9UHP3_OID31428_v1_Oncology_II.tar	https://www.synapse.org/Synapse:syn52361672				syn52361672	syn51365303				
EUR	USP28	USP28_Q96RU2_OID31084_v1_Neurology_II.tar	https://www.synapse.org/Synapse:syn52362551				syn52362551	syn51365303				
EUR	USP47	USP47_Q96K76_OID30119_v1_Cardiometabolic_II.tar	https://www.synapse.org/Synapse:syn52362741				syn52362741	syn51365303				
EUR	USP8	USP8_P40818_OID20110_v1_Cardiometabolic.tar	https://www.synapse.org/Synapse:syn51469595				syn51469595	syn51365303				
EUR	UXS1	UXS1_Q8NBZ7_OID21189_v1_Oncology.tar	https://www.synapse.org/Synapse:syn51470646				syn51470646	syn51365303				
EUR	VAMP5	VAMP5_O95183_OID20071_v1_Cardiometabolic.tar	https://www.synapse.org/Synapse:syn51471316				syn51471316	syn51365303				
EUR	VAMP8	VAMP8_Q9BV40_OID30555_v1_Inflammation_II.tar	https://www.synapse.org/Synapse:syn52362069				syn52362069	syn51365303				
EUR	VASH1	VASH1_Q7L8A9_OID20516_v1_Inflammation.tar	https://www.synapse.org/Synapse:syn51468564				syn51468564	syn51365303				
EUR	VASN	VASN_Q6EMK4_OID20345_v1_Cardiometabolic.tar	https://www.synapse.org/Synapse:syn51470974				syn51470974	syn51365303				
EUR	VASP	VASP_P50552_OID30692_v1_Inflammation_II.tar	https://www.synapse.org/Synapse:syn52361376				syn52361376	syn51365303				
EUR	VAT1	VAT1_Q99536_OID21382_v1_Oncology.tar	https://www.synapse.org/Synapse:syn51471312				syn51471312	syn51365303				
EUR	VAV3	VAV3_Q9UKW4_OID30795_v1_Neurology_II.tar	https://www.synapse.org/Synapse:syn52362577				syn52362577	syn51365303				
EUR	VCAM1	VCAM1_P19320_OID20396_v1_Cardiometabolic.tar	https://www.synapse.org/Synapse:syn51470019				syn51470019	syn51365303				
EUR	VCAN	VCAN_P13611_OID21026_v1_Neurology.tar	https://www.synapse.org/Synapse:syn51469748				syn51469748	syn51365303				
EUR	VCPKMT	VCPKMT_Q9H867_OID31179_v1_Oncology_II.tar	https://www.synapse.org/Synapse:syn52363338				syn52363338	syn51365303				
EUR	VEGFA	VEGFA_P15692_OID20650_v1_Inflammation.tar	https://www.synapse.org/Synapse:syn51468985				syn51468985	syn51365303				
EUR	VEGFB	VEGFB_P49765_OID30554_v1_Inflammation_II.tar	https://www.synapse.org/Synapse:syn52361492				syn52361492	syn51365303				
EUR	VEGFC	VEGFC_P49767_OID21524_v1_Oncology.tar	https://www.synapse.org/Synapse:syn51469514				syn51469514	syn51365303				
EUR	VEGFD	VEGFD_O43915_OID20662_v1_Inflammation.tar	https://www.synapse.org/Synapse:syn51469127				syn51469127	syn51365303				
EUR	VGF	VGF_O15240_OID31067_v1_Neurology_II.tar	https://www.synapse.org/Synapse:syn52362998				syn52362998	syn51365303				
EUR	VIM	VIM_P08670_OID20053_v1_Cardiometabolic.tar	https://www.synapse.org/Synapse:syn51471563				syn51471563	syn51365303				
EUR	VIPR1	VIPR1_P32241_OID30193_v1_Cardiometabolic_II.tar	https://www.synapse.org/Synapse:syn52361469				syn52361469	syn51365303				
EUR	VIT	VIT_Q6UXI7_OID30334_v1_Cardiometabolic_II.tar	https://www.synapse.org/Synapse:syn52363421				syn52363421	syn51365303				
EUR	VMO1	VMO1_Q7Z5L0_OID21381_v1_Oncology.tar	https://www.synapse.org/Synapse:syn51471152				syn51471152	syn51365303				
EUR	VNN1	VNN1_O95497_OID30711_v1_Inflammation_II.tar	https://www.synapse.org/Synapse:syn52363623				syn52363623	syn51365303				
EUR	VNN2	VNN2_O95498_OID21310_v1_Oncology.tar	https://www.synapse.org/Synapse:syn51470515				syn51470515	syn51365303				
EUR	VPS28	VPS28_Q9UK41_OID31273_v1_Oncology_II.tar	https://www.synapse.org/Synapse:syn52363552				syn52363552	syn51365303				
EUR	VPS37A	VPS37A_Q8NEZ2_OID21355_v1_Oncology.tar	https://www.synapse.org/Synapse:syn51469911				syn51469911	syn51365303				
EUR	VPS4B	VPS4B_O75351_OID31386_v1_Oncology_II.tar	https://www.synapse.org/Synapse:syn52363037				syn52363037	syn51365303				
EUR	VPS53	VPS53_Q5VIR6_OID21281_v1_Oncology.tar	https://www.synapse.org/Synapse:syn51470152				syn51470152	syn51365303				
EUR	VSIG10L	VSIG10L_Q86VR7_OID30189_v1_Cardiometabolic_II.tar	https://www.synapse.org/Synapse:syn52361738				syn52361738	syn51365303				
EUR	VSIG10	VSIG10_Q8N0Z9_OID31400_v1_Oncology_II.tar	https://www.synapse.org/Synapse:syn52363628				syn52363628	syn51365303				
EUR	VSIG2	VSIG2_Q96IQ7_OID31371_v1_Oncology_II.tar	https://www.synapse.org/Synapse:syn52363388				syn52363388	syn51365303				
EUR	VSIG4	VSIG4_Q9Y279_OID21144_v1_Neurology.tar	https://www.synapse.org/Synapse:syn51471309				syn51471309	syn51365303				
EUR	VSIR	VSIR_Q9H7M9_OID20131_v1_Cardiometabolic.tar	https://www.synapse.org/Synapse:syn51468884				syn51468884	syn51365303				
EUR	VSNL1	VSNL1_P62760_OID31105_v1_Neurology_II.tar	https://www.synapse.org/Synapse:syn52361856				syn52361856	syn51365303				
EUR	VSTM1	VSTM1_Q6UX27_OID20851_v1_Neurology.tar	https://www.synapse.org/Synapse:syn51470479				syn51470479	syn51365303				
EUR	VSTM2B	VSTM2B_A6NLU5_OID31272_v1_Oncology_II.tar	https://www.synapse.org/Synapse:syn52363524				syn52363524	syn51365303				
EUR	VSTM2L	VSTM2L_Q96N03_OID20067_v1_Cardiometabolic.tar	https://www.synapse.org/Synapse:syn51469852				syn51469852	syn51365303				
EUR	VTA1	VTA1_Q9NP79_OID21016_v1_Neurology.tar	https://www.synapse.org/Synapse:syn51468756				syn51468756	syn51365303				
EUR	VTCN1	VTCN1_Q7Z7D3_OID21164_v1_Oncology.tar	https://www.synapse.org/Synapse:syn51471399				syn51471399	syn51365303				
EUR	VTI1A	VTI1A_Q96AJ9_OID30640_v1_Inflammation_II.tar	https://www.synapse.org/Synapse:syn52363232				syn52363232	syn51365303				
EUR	VWA1	VWA1_Q6PCB0_OID21421_v1_Oncology.tar	https://www.synapse.org/Synapse:syn51470957				syn51470957	syn51365303				
EUR	VWA5A	VWA5A_O00534_OID31198_v1_Oncology_II.tar	https://www.synapse.org/Synapse:syn52362369				syn52362369	syn51365303				
EUR	VWC2L	VWC2L_B2RUY7_OID31002_v1_Neurology_II.tar	https://www.synapse.org/Synapse:syn52363373				syn52363373	syn51365303				
EUR	VWC2	VWC2_Q2TAL6_OID20936_v1_Neurology.tar	https://www.synapse.org/Synapse:syn51469835				syn51469835	syn51365303				
EUR	VWF	VWF_P04275_OID20256_v1_Cardiometabolic.tar	https://www.synapse.org/Synapse:syn51469989				syn51469989	syn51365303				
EUR	WARS	WARS_P23381_OID21084_v1_Neurology.tar	https://www.synapse.org/Synapse:syn51468674				syn51468674	syn51365303				
EUR	WASF1	WASF1_Q92558_OID20091_v1_Cardiometabolic.tar	https://www.synapse.org/Synapse:syn51471375				syn51471375	syn51365303				
EUR	WASF3	WASF3_Q9UPY6_OID20882_v1_Neurology.tar	https://www.synapse.org/Synapse:syn51471150				syn51471150	syn51365303				
EUR	WASHC3	WASHC3_Q9Y3C0_OID31123_v1_Neurology_II.tar	https://www.synapse.org/Synapse:syn52362904				syn52362904	syn51365303				
EUR	WASL	WASL_O00401_OID30467_v1_Inflammation_II.tar	https://www.synapse.org/Synapse:syn52363149				syn52363149	syn51365303				
EUR	WAS	WAS_P42768_OID20479_v1_Inflammation.tar	https://www.synapse.org/Synapse:syn51468935				syn51468935	syn51365303				
EUR	WDR46	WDR46_O15213_OID31389_v1_Oncology_II.tar	https://www.synapse.org/Synapse:syn52362814				syn52362814	syn51365303				
EUR	WFDC12	WFDC12_Q8WWY7_OID21462_v1_Oncology.tar	https://www.synapse.org/Synapse:syn51468778				syn51468778	syn51365303				
EUR	WFDC1	WFDC1_Q9HC57_OID31366_v1_Oncology_II.tar	https://www.synapse.org/Synapse:syn52361601				syn52361601	syn51365303				
EUR	WFDC2	WFDC2_Q14508_OID21505_v1_Oncology.tar	https://www.synapse.org/Synapse:syn51469894				syn51469894	syn51365303				
EUR	WFIKKN1	WFIKKN1_Q96NZ8_OID20939_v1_Neurology.tar	https://www.synapse.org/Synapse:syn51468590				syn51468590	syn51365303				
EUR	WFIKKN2	WFIKKN2_Q8TEU8_OID20785_v1_Inflammation.tar	https://www.synapse.org/Synapse:syn51469188				syn51469188	syn51365303				
EUR	WIF1	WIF1_Q9Y5W5_OID21464_v1_Oncology.tar	https://www.synapse.org/Synapse:syn51469355				syn51469355	syn51365303				
EUR	WNT9A	WNT9A_O14904_OID20460_v1_Inflammation.tar	https://www.synapse.org/Synapse:syn51470280				syn51470280	syn51365303				
EUR	WWP2	WWP2_O00308_OID20926_v1_Neurology.tar	https://www.synapse.org/Synapse:syn51469916				syn51469916	syn51365303				
EUR	XCL1	XCL1_P47992_OID21398_v1_Oncology.tar	https://www.synapse.org/Synapse:syn51468678				syn51468678	syn51365303				
EUR	XG	XG_P55808_OID20259_v1_Cardiometabolic.tar	https://www.synapse.org/Synapse:syn51469839				syn51469839	syn51365303				
EUR	XIAP	XIAP_P98170_OID30490_v1_Inflammation_II.tar	https://www.synapse.org/Synapse:syn52361263				syn52361263	syn51365303				
EUR	XPNPEP2	XPNPEP2_O43895_OID21508_v1_Oncology.tar	https://www.synapse.org/Synapse:syn51468708				syn51468708	syn51365303				
EUR	XRCC4	XRCC4_Q13426_OID20869_v1_Neurology.tar	https://www.synapse.org/Synapse:syn51470155				syn51470155	syn51365303				
EUR	YAP1	YAP1_P46937_OID31113_v1_Neurology_II.tar	https://www.synapse.org/Synapse:syn52361538				syn52361538	syn51365303				
EUR	YARS1	YARS1_P54577_OID31494_v1_Oncology_II.tar	https://www.synapse.org/Synapse:syn52361518				syn52361518	syn51365303				
EUR	YES1	YES1_P07947_OID21348_v1_Oncology.tar	https://www.synapse.org/Synapse:syn51468603				syn51468603	syn51365303				
EUR	YJU2	YJU2_Q9BW85_OID31404_v1_Oncology_II.tar	https://www.synapse.org/Synapse:syn52361440				syn52361440	syn51365303				
EUR	YOD1	YOD1_Q5VVQ6_OID30181_v1_Cardiometabolic_II.tar	https://www.synapse.org/Synapse:syn52362676				syn52362676	syn51365303				
EUR	YTHDF3	YTHDF3_Q7Z739_OID20478_v1_Inflammation.tar	https://www.synapse.org/Synapse:syn51468681				syn51468681	syn51365303				
EUR	YWHAQ	YWHAQ_P27348_OID30605_v1_Inflammation_II.tar	https://www.synapse.org/Synapse:syn52361340				syn52361340	syn51365303				
EUR	YY1	YY1_P25490_OID30446_v1_Inflammation_II.tar	https://www.synapse.org/Synapse:syn52361942				syn52361942	syn51365303				
EUR	ZBP1	ZBP1_Q9H171_OID30526_v1_Inflammation_II.tar	https://www.synapse.org/Synapse:syn52361291				syn52361291	syn51365303				
EUR	ZBTB16	ZBTB16_Q05516_OID21205_v1_Oncology.tar	https://www.synapse.org/Synapse:syn51468802				syn51468802	syn51365303				
EUR	ZBTB17	ZBTB17_Q13105_OID20082_v1_Cardiometabolic.tar	https://www.synapse.org/Synapse:syn51469174				syn51469174	syn51365303				
EUR	ZCCHC8	ZCCHC8_Q6NZY4_OID30117_v1_Cardiometabolic_II.tar	https://www.synapse.org/Synapse:syn52362039				syn52362039	syn51365303				
EUR	ZFYVE19	ZFYVE19_Q96K21_OID31452_v1_Oncology_II.tar	https://www.synapse.org/Synapse:syn52362861				syn52362861	syn51365303				
EUR	ZHX2	ZHX2_Q9Y6X8_OID31140_v1_Neurology_II.tar	https://www.synapse.org/Synapse:syn52362306				syn52362306	syn51365303				
EUR	ZNF174	ZNF174_Q15697_OID30508_v1_Inflammation_II.tar	https://www.synapse.org/Synapse:syn52363271				syn52363271	syn51365303				
EUR	ZNF75D	ZNF75D_P51815_OID31303_v1_Oncology_II.tar	https://www.synapse.org/Synapse:syn52361328				syn52361328	syn51365303				
EUR	ZNF830	ZNF830_Q96NB3_OID31350_v1_Oncology_II.tar	https://www.synapse.org/Synapse:syn52361434				syn52361434	syn51365303				
EUR	ZNRD2	ZNRD2_O60232_OID31450_v1_Oncology_II.tar	https://www.synapse.org/Synapse:syn52362483				syn52362483	syn51365303				
EUR	ZNRF4	ZNRF4_Q8WWF5_OID31347_v1_Oncology_II.tar	https://www.synapse.org/Synapse:syn52362095				syn52362095	syn51365303				
EUR	ZP3	ZP3_P21754_OID30265_v1_Cardiometabolic_II.tar	https://www.synapse.org/Synapse:syn52361851				syn52361851	syn51365303				
EUR	ZP4	ZP4_Q12836_OID31185_v1_Oncology_II.tar	https://www.synapse.org/Synapse:syn52362294				syn52362294	syn51365303				
EUR	ZPR1	ZPR1_O75312_OID30801_v1_Neurology_II.tar	https://www.synapse.org/Synapse:syn52363479				syn52363479	syn51365303				
EAS	A1BG	A1BG_P04217_OID30771_v1_Inflammation_II.tar	https://www.synapse.org/Synapse:syn52361157	251033600		615921b3dc4f737e2c6190dc43630ab0	syn52361157	syn51365306				
EAS	AAMDC	AAMDC_Q9H7C9_OID30236_v1_Cardiometabolic_II.tar	https://www.synapse.org/Synapse:syn52360331	247572480		7827cc72c4290db96349f3ce62460e9e	syn52360331	syn51365306				
EAS	AARSD1	AARSD1_Q9BTE6_OID21311_v1_Oncology.tar	https://www.synapse.org/Synapse:syn51533303	249405440		fe5e694d8bb34ef048f3a99d6a7e6771	syn51533303	syn51365306				
EAS	ABCA2	ABCA2_Q9BZC7_OID30146_v1_Cardiometabolic_II.tar	https://www.synapse.org/Synapse:syn52359584	249180160		eaf140429b019cf31b9d0f591e20720d	syn52359584	syn51365306				
EAS	ABHD14B	ABHD14B_Q96IU4_OID20921_v1_Neurology.tar	https://www.synapse.org/Synapse:syn51527314	249210880		c0eb7c62dbc4e81bca4b9c1d6c865304	syn51527314	syn51365306				
EAS	ABL1	ABL1_P00519_OID21280_v1_Oncology.tar	https://www.synapse.org/Synapse:syn51526603	249026560		08cef9fcced909e85b02b640942090e5	syn51526603	syn51365306				
EAS	ABO	ABO_P16442_OID30675_v1_Inflammation_II.tar	https://www.synapse.org/Synapse:syn52361141	251463680		c037838917a4713a9bdf5a9f5f44042d	syn52361141	syn51365306				
EAS	ABRAXAS2	ABRAXAS2_Q15018_OID30130_v1_Cardiometabolic_II.tar	https://www.synapse.org/Synapse:syn52360978	249384960		d4c6eb22b49707f6d72dfff01856b008	syn52360978	syn51365306				
EAS	ACAA1	ACAA1_P09110_OID21269_v1_Oncology.tar	https://www.synapse.org/Synapse:syn51533330	247787520		a1b216afdba77ae0f9691872d00de443	syn51533330	syn51365306				
EAS	ACADM	ACADM_P11310_OID31277_v1_Oncology_II.tar	https://www.synapse.org/Synapse:syn52359917	249303040		2fdd034bc3b6b30bf3576b270dcc6c6a	syn52359917	syn51365306				
EAS	ACADSB	ACADSB_P45954_OID30356_v1_Cardiometabolic_II.tar	https://www.synapse.org/Synapse:syn52359569	249896960		47941bd1c5bd67b7cc4f8f31eecbb5e0	syn52359569	syn51365306				
EAS	ACAN	ACAN_P16112_OID20159_v1_Cardiometabolic.tar	https://www.synapse.org/Synapse:syn51527173	249487360		b0b0d3a27d7f4bf70a6435d8348117de	syn51527173	syn51365306				
EAS	ACE2	ACE2_Q9BYF1_OID20105_v1_Cardiometabolic.tar	https://www.synapse.org/Synapse:syn51532724	248893440		0246856b2d8ac52503d12598d1bfe6b0	syn51532724	syn51365306				
EAS	ACE	ACE_P12821_OID30696_v1_Inflammation_II.tar	https://www.synapse.org/Synapse:syn52359734	250787840		363bb26865e33c7876a851e716bebfcf	syn52359734	syn51365306				
EAS	ACHE	ACHE_P22303_OID30585_v1_Inflammation_II.tar	https://www.synapse.org/Synapse:syn52360848	250408960		dd8105e897711e4efd4010cc3116648f	syn52360848	syn51365306				
EAS	ACOT13	ACOT13_Q9NPJ3_OID31522_v1_Oncology_II.tar	https://www.synapse.org/Synapse:syn52360556	248954880		040584c5e69cb8b37a4fdcfd3831436e	syn52360556	syn51365306				
EAS	ACOX1	ACOX1_Q15067_OID20124_v1_Cardiometabolic.tar	https://www.synapse.org/Synapse:syn51526671	248893440		5200a32dd9d77fd8d11fcbffca117b15	syn51526671	syn51365306				
EAS	ACP1	ACP1_P24666_OID30524_v1_Inflammation_II.tar	https://www.synapse.org/Synapse:syn52360386	246763520		b3d800af32e53d44c9c6e9ebea4bd0dd	syn52360386	syn51365306				
EAS	ACP5	ACP5_P13686_OID20314_v1_Cardiometabolic.tar	https://www.synapse.org/Synapse:syn51533189	250296320		74c01a4fcbd72bcd0e51a5d17bc39b8d	syn51533189	syn51365306				
EAS	ACP6	ACP6_Q9NPH0_OID21432_v1_Oncology.tar	https://www.synapse.org/Synapse:syn51533122	251832320		99f93e34c9e1a2fab0c2d4acf465247a	syn51533122	syn51365306				
EAS	ACRBP	ACRBP_Q8NEB7_OID31385_v1_Oncology_II.tar	https://www.synapse.org/Synapse:syn52361153	249221120		3f6982da345a74c0d78a799106fbadf6	syn52361153	syn51365306				
EAS	ACRV1	ACRV1_P26436_OID30513_v1_Inflammation_II.tar	https://www.synapse.org/Synapse:syn52359992	248637440		fb0936a85677ec4175d22945f6806b36	syn52359992	syn51365306				
EAS	ACSL1	ACSL1_P33121_OID30080_v1_Cardiometabolic_II.tar	https://www.synapse.org/Synapse:syn52360051	248903680		cc541e5f6c0d0420be05e7153b04c5b4	syn52360051	syn51365306				
EAS	ACTA2	ACTA2_P62736_OID20079_v1_Cardiometabolic.tar	https://www.synapse.org/Synapse:syn51526890	248483840		7b37984d9f4f8a0f6ae143ab4acfb0f0	syn51526890	syn51365306				
EAS	ACTN2	ACTN2_P35609_OID30192_v1_Cardiometabolic_II.tar	https://www.synapse.org/Synapse:syn52361003	248555520		068e5136b5bcb02fa67a9b7452059d4a	syn52361003	syn51365306				
EAS	ACTN4	ACTN4_O43707_OID20435_v1_Inflammation.tar	https://www.synapse.org/Synapse:syn51526803	247859200		b3cc6d1bc7b62aaf3e1609c944ae4683	syn51526803	syn51365306				
EAS	ACVRL1	ACVRL1_P37023_OID20999_v1_Neurology.tar	https://www.synapse.org/Synapse:syn51526721	250828800		c09c20bc8c99483e689b46234e9f1a9b	syn51526721	syn51365306				
EAS	ACY1	ACY1_Q03154_OID20137_v1_Cardiometabolic.tar	https://www.synapse.org/Synapse:syn51527634	249804800		c772670e996ff09e70e376b3636d2e3d	syn51527634	syn51365306				
EAS	ACY3	ACY3_Q96HD9_OID30086_v1_Cardiometabolic_II.tar	https://www.synapse.org/Synapse:syn52359852	248442880		9457093850236b599531a61813ea5ebd	syn52359852	syn51365306				
EAS	ACYP1	ACYP1_P07311_OID30642_v1_Inflammation_II.tar	https://www.synapse.org/Synapse:syn52360074	249569280		864744988cf1e4692eed68af69d556cf	syn52360074	syn51365306				
EAS	ADA2	ADA2_Q9NZK5_OID20394_v1_Cardiometabolic.tar	https://www.synapse.org/Synapse:syn51526984	249006080		a2de9eac4c5f05c485f8bac5d32c6810	syn51526984	syn51365306				
EAS	ADAM12	ADAM12_O43184_OID30491_v1_Inflammation_II.tar	https://www.synapse.org/Synapse:syn52359551	247449600		c00edc7ff69b3806315c0b51f2dfdacc	syn52359551	syn51365306				
EAS	ADAM15	ADAM15_Q13444_OID20109_v1_Cardiometabolic.tar	https://www.synapse.org/Synapse:syn51533083	248995840		0689b09e3626544ca5253e107832c2af	syn51533083	syn51365306				
EAS	ADAM22	ADAM22_Q9P0K1_OID21001_v1_Neurology.tar	https://www.synapse.org/Synapse:syn51528642	251258880		8133eac3b9ddb61835db3de6173ae663	syn51528642	syn51365306				
EAS	ADAM23	ADAM23_O75077_OID20651_v1_Inflammation.tar	https://www.synapse.org/Synapse:syn51529497	250787840		c5ff531aa6409797d8b1916cbb31cb90	syn51529497	syn51365306				
EAS	ADAM8	ADAM8_P78325_OID21039_v1_Neurology.tar	https://www.synapse.org/Synapse:syn51533094	250460160		e3730ff774730eae65729d9de91c6efc	syn51533094	syn51365306				
EAS	ADAM9	ADAM9_Q13443_OID31488_v1_Oncology_II.tar	https://www.synapse.org/Synapse:syn52360096	249610240		005dcdc1c0e764e59cbb93ee06ae62ec	syn52360096	syn51365306				
EAS	ADAMTS13	ADAMTS13_Q76LX8_OID20249_v1_Cardiometabolic.tar	https://www.synapse.org/Synapse:syn51526608	250193920		c0f172a5aa0c2287705ce1f6c1f1d0df	syn51526608	syn51365306				
EAS	ADAMTS15	ADAMTS15_Q8TE58_OID21275_v1_Oncology.tar	https://www.synapse.org/Synapse:syn51526647	250183680		c25a4ba94107919c1d8e1b23406b4882	syn51526647	syn51365306				
EAS	ADAMTS16	ADAMTS16_Q8TE57_OID20089_v1_Cardiometabolic.tar	https://www.synapse.org/Synapse:syn51527073	248586240		2b450c850df895ed85faf5ca930343b2	syn51527073	syn51365306				
EAS	ADAMTS1	ADAMTS1_Q9UHI8_OID30528_v1_Inflammation_II.tar	https://www.synapse.org/Synapse:syn52360911	246681600		745163287922638d3863c3903226fdb7	syn52360911	syn51365306				
EAS	ADAMTS4	ADAMTS4_O75173_OID30471_v1_Inflammation_II.tar	https://www.synapse.org/Synapse:syn52360357	247511040		e142d562cdb52e45a73b24dd7bc60bfa	syn52360357	syn51365306				
EAS	ADAMTS8	ADAMTS8_Q9UP79_OID21502_v1_Oncology.tar	https://www.synapse.org/Synapse:syn51533560	248473600		e5df50ca10a02732450c5753349c3c37	syn51533560	syn51365306				
EAS	ADAMTSL2	ADAMTSL2_Q86TH1_OID30370_v1_Cardiometabolic_II.tar	https://www.synapse.org/Synapse:syn52360175	250275840		cea321d35e85fad2b39545b822ff963f	syn52360175	syn51365306				
EAS	ADAMTSL4	ADAMTSL4_Q6UY14_OID30275_v1_Cardiometabolic_II.tar	https://www.synapse.org/Synapse:syn52360865	247838720		badee5c8c65dcaca13b2b4708d2d3ae3	syn52360865	syn51365306				
EAS	ADAMTSL5	ADAMTSL5_Q6ZMM2_OID30355_v1_Cardiometabolic_II.tar	https://www.synapse.org/Synapse:syn52359537	250275840		a7ffe4154258f2890d91489fb7020aaa	syn52359537	syn51365306				
EAS	ADA	ADA_P00813_OID20645_v1_Inflammation.tar	https://www.synapse.org/Synapse:syn51527341	251535360		13687bdae5d7a6ac1cdc137307b97695	syn51527341	syn51365306				
EAS	ADCYAP1R1	ADCYAP1R1_P41586_OID21188_v1_Oncology.tar	https://www.synapse.org/Synapse:syn51533657	248719360		4d0c008b33cddfbbe33a6528cc563217	syn51533657	syn51365306				
EAS	ADD1	ADD1_P35611_OID30655_v1_Inflammation_II.tar	https://www.synapse.org/Synapse:syn52361038	249497600		e5b9904fe7ae32f217ddc80e9dabaae2	syn52361038	syn51365306				
EAS	ADGRB3	ADGRB3_O60242_OID20974_v1_Neurology.tar	https://www.synapse.org/Synapse:syn51533155	251258880		0074b7ee06e7c0392e17f9922f424e41	syn51533155	syn51365306				
EAS	ADGRD1	ADGRD1_Q6QNK2_OID30588_v1_Inflammation_II.tar	https://www.synapse.org/Synapse:syn52360887	251115520		6290657154d49f1cf33275ce518d6c47	syn52360887	syn51365306				
EAS	ADGRE1	ADGRE1_Q14246_OID31483_v1_Oncology_II.tar	https://www.synapse.org/Synapse:syn52359906	249016320		28c629bfc654e89b91ccbb8edf4aba49	syn52359906	syn51365306				
EAS	ADGRE2	ADGRE2_Q9UHX3_OID20755_v1_Inflammation.tar	https://www.synapse.org/Synapse:syn51527082	250142720		d60f5c2e7e23911fff5de2dcbf765459	syn51527082	syn51365306				
EAS	ADGRE5	ADGRE5_P48960_OID20260_v1_Cardiometabolic.tar	https://www.synapse.org/Synapse:syn51526534	249856000		379e99b2522df1b12115e20944d12b70	syn51526534	syn51365306				
EAS	ADGRF5	ADGRF5_Q8IZF2_OID30349_v1_Cardiometabolic_II.tar	https://www.synapse.org/Synapse:syn52360878	250849280		f9006cb8f2a1adb95de4690c9749cacc	syn52360878	syn51365306				
EAS	ADGRG1	ADGRG1_Q9Y653_OID21294_v1_Oncology.tar	https://www.synapse.org/Synapse:syn51527091	248965120		5b58ced566cf5f3c13fe0f2399b65a89	syn51527091	syn51365306				
EAS	ADGRG2	ADGRG2_Q8IZP9_OID20189_v1_Cardiometabolic.tar	https://www.synapse.org/Synapse:syn51533365	250019840		6fe92107ac08b2eb32bd776047b89382	syn51533365	syn51365306				
EAS	ADGRV1	ADGRV1_Q8WXG9_OID30877_v1_Neurology_II.tar	https://www.synapse.org/Synapse:syn52360974	246609920		74aa808f18275d2f6033a1e5fc1aecbf	syn52360974	syn51365306				
EAS	ADH1B	ADH1B_P00325_OID30612_v1_Inflammation_II.tar	https://www.synapse.org/Synapse:syn52360322	248832000		d994b59e419801de2fce2fb788342696	syn52360322	syn51365306				
EAS	ADH4	ADH4_P08319_OID20117_v1_Cardiometabolic.tar	https://www.synapse.org/Synapse:syn51533432	247787520		05a2687ce1e0450af51183bcd968c349	syn51533432	syn51365306				
EAS	ADIPOQ	ADIPOQ_Q15848_OID30748_v1_Inflammation_II.tar	https://www.synapse.org/Synapse:syn52360550	251545600		48ba76ccf42690c5e4c3e60395c45bc9	syn52360550	syn51365306				
EAS	ADM	ADM_P35318_OID21467_v1_Oncology.tar	https://www.synapse.org/Synapse:syn51526646	251842560		a852b516c35f2156e5440c204c018132	syn51526646	syn51365306				
EAS	ADRA2A	ADRA2A_P08913_OID30067_v1_Cardiometabolic_II.tar	https://www.synapse.org/Synapse:syn52359879	248473600		3306bf80c5f1de342c761a2e0df1d976	syn52359879	syn51365306				
EAS	AFAP1	AFAP1_Q8N556_OID30569_v1_Inflammation_II.tar	https://www.synapse.org/Synapse:syn52361043	251064320		01fc8be18b263595c1865973522441c5	syn52361043	syn51365306				
EAS	AFM	AFM_P43652_OID30741_v1_Inflammation_II.tar	https://www.synapse.org/Synapse:syn52360005	249722880		539da2d6a4f7beb231489416b38e1de9	syn52360005	syn51365306				
EAS	AFP	AFP_P02771_OID20978_v1_Neurology.tar	https://www.synapse.org/Synapse:syn51532031	250398720		8eea29678d1296c3413237f6a310faf6	syn51532031	syn51365306				
EAS	AGBL2	AGBL2_Q5U5Z8_OID30793_v1_Neurology_II.tar	https://www.synapse.org/Synapse:syn52360020	246538240		2d8dd2ab7f1a981b2b3e4f3d2571fcf6	syn52360020	syn51365306				
EAS	AGER	AGER_Q15109_OID20756_v1_Inflammation.tar	https://www.synapse.org/Synapse:syn51526751	249384960		a26f915b15a47719268a6335da2553b0	syn51526751	syn51365306				
EAS	AGR2	AGR2_O95994_OID20896_v1_Neurology.tar	https://www.synapse.org/Synapse:syn51533347	249006080		202381398f21454aba7c7d14300f31f5	syn51533347	syn51365306				
EAS	AGR3	AGR3_Q8TD06_OID21243_v1_Oncology.tar	https://www.synapse.org/Synapse:syn51527140	249077760		2eea1993234c6e92fb7757fd224aab57	syn51527140	syn51365306				
EAS	AGRN	AGRN_O00468_OID20786_v1_Inflammation.tar	https://www.synapse.org/Synapse:syn51526629				syn51526629	syn51365306				
EAS	AGRP	AGRP_O00253_OID20658_v1_Inflammation.tar	https://www.synapse.org/Synapse:syn51533270				syn51533270	syn51365306				
EAS	AGT	AGT_P01019_OID30709_v1_Inflammation_II.tar	https://www.synapse.org/Synapse:syn52360835				syn52360835	syn51365306				
EAS	AGXT	AGXT_P21549_OID20139_v1_Cardiometabolic.tar	https://www.synapse.org/Synapse:syn51526809				syn51526809	syn51365306				
EAS	AHCY	AHCY_P23526_OID20199_v1_Cardiometabolic.tar	https://www.synapse.org/Synapse:syn51530381				syn51530381	syn51365306				
EAS	AHNAK2	AHNAK2_Q8IVF2_OID30244_v1_Cardiometabolic_II.tar	https://www.synapse.org/Synapse:syn52360417				syn52360417	syn51365306				
EAS	AHNAK	AHNAK_Q09666_OID30260_v1_Cardiometabolic_II.tar	https://www.synapse.org/Synapse:syn52359806				syn52359806	syn51365306				
EAS	AHSA1	AHSA1_O95433_OID31379_v1_Oncology_II.tar	https://www.synapse.org/Synapse:syn52360894				syn52360894	syn51365306				
EAS	AHSG	AHSG_P02765_OID30706_v1_Inflammation_II.tar	https://www.synapse.org/Synapse:syn52360388				syn52360388	syn51365306				
EAS	AHSP	AHSP_Q9NZD4_OID21078_v1_Neurology.tar	https://www.synapse.org/Synapse:syn51526526				syn51526526	syn51365306				
EAS	AIDA	AIDA_Q96BJ3_OID30956_v1_Neurology_II.tar	https://www.synapse.org/Synapse:syn52361175				syn52361175	syn51365306				
EAS	AIF1L	AIF1L_Q9BQI0_OID30204_v1_Cardiometabolic_II.tar	https://www.synapse.org/Synapse:syn52360684				syn52360684	syn51365306				
EAS	AIF1	AIF1_P55008_OID21234_v1_Oncology.tar	https://www.synapse.org/Synapse:syn51533161				syn51533161	syn51365306				
EAS	AIFM1	AIFM1_O95831_OID21287_v1_Oncology.tar	https://www.synapse.org/Synapse:syn51527293				syn51527293	syn51365306				
EAS	AK1	AK1_P00568_OID20122_v1_Cardiometabolic.tar	https://www.synapse.org/Synapse:syn51533283				syn51533283	syn51365306				
EAS	AK2	AK2_P54819_OID31142_v1_Neurology_II.tar	https://www.synapse.org/Synapse:syn52360555				syn52360555	syn51365306				
EAS	AKAP12	AKAP12_Q02952_OID30571_v1_Inflammation_II.tar	https://www.synapse.org/Synapse:syn52361147				syn52361147	syn51365306				
EAS	AKR1B10	AKR1B10_O60218_OID30955_v1_Neurology_II.tar	https://www.synapse.org/Synapse:syn52360241				syn52360241	syn51365306				
EAS	AKR1B1	AKR1B1_P15121_OID21244_v1_Oncology.tar	https://www.synapse.org/Synapse:syn51526690				syn51526690	syn51365306				
EAS	AKR1C4	AKR1C4_P17516_OID20062_v1_Cardiometabolic.tar	https://www.synapse.org/Synapse:syn51526838				syn51526838	syn51365306				
EAS	AKR7L	AKR7L_Q8NHP1_OID30488_v1_Inflammation_II.tar	https://www.synapse.org/Synapse:syn52359887				syn52359887	syn51365306				
EAS	AKT1S1	AKT1S1_Q96B36_OID20895_v1_Neurology.tar	https://www.synapse.org/Synapse:syn51526881				syn51526881	syn51365306				
EAS	AKT2	AKT2_P31751_OID31052_v1_Neurology_II.tar	https://www.synapse.org/Synapse:syn52360450				syn52360450	syn51365306				
EAS	AKT3	AKT3_Q9Y243_OID21197_v1_Oncology.tar	https://www.synapse.org/Synapse:syn51533222				syn51533222	syn51365306				
EAS	ALCAM	ALCAM_Q13740_OID20273_v1_Cardiometabolic.tar	https://www.synapse.org/Synapse:syn51533332				syn51533332	syn51365306				
EAS	ALDH1A1	ALDH1A1_P00352_OID21128_v1_Neurology.tar	https://www.synapse.org/Synapse:syn51533565				syn51533565	syn51365306				
EAS	ALDH2	ALDH2_P05091_OID31380_v1_Oncology_II.tar	https://www.synapse.org/Synapse:syn52360745				syn52360745	syn51365306				
EAS	ALDH3A1	ALDH3A1_P30838_OID20512_v1_Inflammation.tar	https://www.synapse.org/Synapse:syn51527124				syn51527124	syn51365306				
EAS	ALDH5A1	ALDH5A1_P51649_OID31047_v1_Neurology_II.tar	https://www.synapse.org/Synapse:syn52360249				syn52360249	syn51365306				
EAS	ALMS1	ALMS1_Q8TCU4_OID31275_v1_Oncology_II.tar	https://www.synapse.org/Synapse:syn52359697				syn52359697	syn51365306				
EAS	ALPI	ALPI_P09923_OID30497_v1_Inflammation_II.tar	https://www.synapse.org/Synapse:syn52361196				syn52361196	syn51365306				
EAS	ALPP	ALPP_P05187_OID21383_v1_Oncology.tar	https://www.synapse.org/Synapse:syn51527225				syn51527225	syn51365306				
EAS	AMBN	AMBN_Q9NP70_OID20437_v1_Inflammation.tar	https://www.synapse.org/Synapse:syn51526650				syn51526650	syn51365306				
EAS	AMBP	AMBP_P02760_OID21413_v1_Oncology.tar	https://www.synapse.org/Synapse:syn51529127				syn51529127	syn51365306				
EAS	AMDHD2	AMDHD2_Q9Y303_OID30366_v1_Cardiometabolic_II.tar	https://www.synapse.org/Synapse:syn52361190				syn52361190	syn51365306				
EAS	AMFR	AMFR_Q9UKV5_OID20806_v1_Neurology.tar	https://www.synapse.org/Synapse:syn51533025				syn51533025	syn51365306				
EAS	AMIGO1	AMIGO1_Q86WK6_OID30881_v1_Neurology_II.tar	https://www.synapse.org/Synapse:syn52360964				syn52360964	syn51365306				
EAS	AMIGO2	AMIGO2_Q86SJ2_OID21370_v1_Oncology.tar	https://www.synapse.org/Synapse:syn51526879				syn51526879	syn51365306				
EAS	AMN	AMN_Q9BXJ7_OID20492_v1_Inflammation.tar	https://www.synapse.org/Synapse:syn51526766				syn51526766	syn51365306				
EAS	AMOTL2	AMOTL2_Q9Y2J4_OID31351_v1_Oncology_II.tar	https://www.synapse.org/Synapse:syn52359586				syn52359586	syn51365306				
EAS	AMOT	AMOT_Q4VCS5_OID30572_v1_Inflammation_II.tar	https://www.synapse.org/Synapse:syn52360139				syn52360139	syn51365306				
EAS	AMPD3	AMPD3_Q01432_OID31139_v1_Neurology_II.tar	https://www.synapse.org/Synapse:syn52359991				syn52359991	syn51365306				
EAS	AMY1A	AMY1A_AMY1B_AMY1C_P0DUB6_P0DTE7_P0DTE8_OID30707_v1_Inflammation_II.tar	https://www.synapse.org/Synapse:syn52359580				syn52359580	syn51365306				
EAS	AMY2A	AMY2A_P04746_OID20333_v1_Cardiometabolic.tar	https://www.synapse.org/Synapse:syn51526911				syn51526911	syn51365306				
EAS	AMY2B	AMY2B_P19961_OID20340_v1_Cardiometabolic.tar	https://www.synapse.org/Synapse:syn51533272				syn51533272	syn51365306				
EAS	ANGPT1	ANGPT1_Q15389_OID20740_v1_Inflammation.tar	https://www.synapse.org/Synapse:syn51533528				syn51533528	syn51365306				
EAS	ANGPT2	ANGPT2_O15123_OID21463_v1_Oncology.tar	https://www.synapse.org/Synapse:syn51526533				syn51526533	syn51365306				
EAS	ANGPTL1	ANGPTL1_O95841_OID20211_v1_Cardiometabolic.tar	https://www.synapse.org/Synapse:syn51533075				syn51533075	syn51365306				
EAS	ANGPTL2	ANGPTL2_Q9UKU9_OID20726_v1_Inflammation.tar	https://www.synapse.org/Synapse:syn51527108				syn51527108	syn51365306				
EAS	ANGPTL3	ANGPTL3_Q9Y5C1_OID20407_v1_Cardiometabolic.tar	https://www.synapse.org/Synapse:syn51526773				syn51526773	syn51365306				
EAS	ANGPTL4	ANGPTL4_Q9BY76_OID20703_v1_Inflammation.tar	https://www.synapse.org/Synapse:syn51526752				syn51526752	syn51365306				
EAS	ANGPTL7	ANGPTL7_O43827_OID21412_v1_Oncology.tar	https://www.synapse.org/Synapse:syn51527342				syn51527342	syn51365306				
EAS	ANG	ANG_P03950_OID20403_v1_Cardiometabolic.tar	https://www.synapse.org/Synapse:syn51526830				syn51526830	syn51365306				
EAS	ANK2	ANK2_Q01484_OID30161_v1_Cardiometabolic_II.tar	https://www.synapse.org/Synapse:syn52359914				syn52359914	syn51365306				
EAS	ANKMY2	ANKMY2_Q8IV38_OID30518_v1_Inflammation_II.tar	https://www.synapse.org/Synapse:syn52360232				syn52360232	syn51365306				
EAS	ANKRA2	ANKRA2_Q9H9E1_OID31173_v1_Oncology_II.tar	https://www.synapse.org/Synapse:syn52360127				syn52360127	syn51365306				
EAS	ANKRD54	ANKRD54_Q6NXT1_OID21162_v1_Oncology.tar	https://www.synapse.org/Synapse:syn51526774				syn51526774	syn51365306				
EAS	ANP32C	ANP32C_O43423_OID30203_v1_Cardiometabolic_II.tar	https://www.synapse.org/Synapse:syn52359575				syn52359575	syn51365306				
EAS	ANPEP	ANPEP_P15144_OID20350_v1_Cardiometabolic.tar	https://www.synapse.org/Synapse:syn51533216				syn51533216	syn51365306				
EAS	ANXA10	ANXA10_Q9UJ72_OID20886_v1_Neurology.tar	https://www.synapse.org/Synapse:syn51533714				syn51533714	syn51365306				
EAS	ANXA11	ANXA11_P50995_OID20583_v1_Inflammation.tar	https://www.synapse.org/Synapse:syn51533352				syn51533352	syn51365306				
EAS	ANXA1	ANXA1_P04083_OID30617_v1_Inflammation_II.tar	https://www.synapse.org/Synapse:syn52360577				syn52360577	syn51365306				
EAS	ANXA2	ANXA2_P07355_OID30263_v1_Cardiometabolic_II.tar	https://www.synapse.org/Synapse:syn52360478				syn52360478	syn51365306				
EAS	ANXA3	ANXA3_P12429_OID21036_v1_Neurology.tar	https://www.synapse.org/Synapse:syn51527174				syn51527174	syn51365306				
EAS	ANXA4	ANXA4_P09525_OID20123_v1_Cardiometabolic.tar	https://www.synapse.org/Synapse:syn51533166				syn51533166	syn51365306				
EAS	ANXA5	ANXA5_P08758_OID20810_v1_Neurology.tar	https://www.synapse.org/Synapse:syn51533067				syn51533067	syn51365306				
EAS	AOC1	AOC1_P19801_OID20452_v1_Inflammation.tar	https://www.synapse.org/Synapse:syn51533034				syn51533034	syn51365306				
EAS	AOC3	AOC3_Q16853_OID20389_v1_Cardiometabolic.tar	https://www.synapse.org/Synapse:syn51531558				syn51531558	syn51365306				
EAS	AP1G2	AP1G2_O75843_OID31348_v1_Oncology_II.tar	https://www.synapse.org/Synapse:syn52360033				syn52360033	syn51365306				
EAS	AP2B1	AP2B1_P63010_OID30949_v1_Neurology_II.tar	https://www.synapse.org/Synapse:syn52360536				syn52360536	syn51365306				
EAS	AP3B1	AP3B1_O00203_OID31478_v1_Oncology_II.tar	https://www.synapse.org/Synapse:syn52360204				syn52360204	syn51365306				
EAS	AP3S2	AP3S2_P59780_OID31117_v1_Neurology_II.tar	https://www.synapse.org/Synapse:syn52361051				syn52361051	syn51365306				
EAS	APBB1IP	APBB1IP_Q7Z5R6_OID21359_v1_Oncology.tar	https://www.synapse.org/Synapse:syn51531383				syn51531383	syn51365306				
EAS	APCS	APCS_P02743_OID30778_v1_Inflammation_II.tar	https://www.synapse.org/Synapse:syn52359652				syn52359652	syn51365306				
EAS	APEX1	APEX1_P27695_OID21434_v1_Oncology.tar	https://www.synapse.org/Synapse:syn51526524				syn51526524	syn51365306				
EAS	APLP1	APLP1_P51693_OID20164_v1_Cardiometabolic.tar	https://www.synapse.org/Synapse:syn51526771				syn51526771	syn51365306				
EAS	APOA1	APOA1_P02647_OID30769_v1_Inflammation_II.tar	https://www.synapse.org/Synapse:syn52360695				syn52360695	syn51365306				
EAS	APOA2	APOA2_P02652_OID30686_v1_Inflammation_II.tar	https://www.synapse.org/Synapse:syn52360990				syn52360990	syn51365306				
EAS	APOA4	APOA4_P06727_OID30733_v1_Inflammation_II.tar	https://www.synapse.org/Synapse:syn52359783				syn52359783	syn51365306				
EAS	APOBR	APOBR_Q0VD83_OID30246_v1_Cardiometabolic_II.tar	https://www.synapse.org/Synapse:syn52359964				syn52359964	syn51365306				
EAS	APOB	APOB_P04114_OID30673_v1_Inflammation_II.tar	https://www.synapse.org/Synapse:syn52359719				syn52359719	syn51365306				
EAS	APOC1	APOC1_P02654_OID30749_v1_Inflammation_II.tar	https://www.synapse.org/Synapse:syn52359566				syn52359566	syn51365306				
EAS	APOD	APOD_P05090_OID30746_v1_Inflammation_II.tar	https://www.synapse.org/Synapse:syn52359743				syn52359743	syn51365306				
EAS	APOE	APOE_P02649_OID30727_v1_Inflammation_II.tar	https://www.synapse.org/Synapse:syn52360453				syn52360453	syn51365306				
EAS	APOF	APOF_Q13790_OID30701_v1_Inflammation_II.tar	https://www.synapse.org/Synapse:syn52359796				syn52359796	syn51365306				
EAS	APOH	APOH_P02749_OID21072_v1_Neurology.tar	https://www.synapse.org/Synapse:syn51533313				syn51533313	syn51365306				
EAS	APOL1	APOL1_O14791_OID30708_v1_Inflammation_II.tar	https://www.synapse.org/Synapse:syn52359831				syn52359831	syn51365306				
EAS	APOM	APOM_O95445_OID20374_v1_Cardiometabolic.tar	https://www.synapse.org/Synapse:syn51533681				syn51533681	syn51365306				
EAS	APPL2	APPL2_Q8NEU8_OID30590_v1_Inflammation_II.tar	https://www.synapse.org/Synapse:syn52361013				syn52361013	syn51365306				
EAS	APP	APP_P05067_OID21070_v1_Neurology.tar	https://www.synapse.org/Synapse:syn51530566				syn51530566	syn51365306				
EAS	APRT	APRT_P07741_OID20927_v1_Neurology.tar	https://www.synapse.org/Synapse:syn51533361				syn51533361	syn51365306				
EAS	ARAF	ARAF_P10398_OID31260_v1_Oncology_II.tar	https://www.synapse.org/Synapse:syn52359782				syn52359782	syn51365306				
EAS	AREG	AREG_P15514_OID21357_v1_Oncology.tar	https://www.synapse.org/Synapse:syn51526852				syn51526852	syn51365306				
EAS	ARF6	ARF6_P62330_OID31523_v1_Oncology_II.tar	https://www.synapse.org/Synapse:syn52360168				syn52360168	syn51365306				
EAS	ARFIP1	ARFIP1_P53367_OID31024_v1_Neurology_II.tar	https://www.synapse.org/Synapse:syn52360713				syn52360713	syn51365306				
EAS	ARG1	ARG1_P05089_OID21445_v1_Oncology.tar	https://www.synapse.org/Synapse:syn51533422				syn51533422	syn51365306				
EAS	ARG2	ARG2_P78540_OID31339_v1_Oncology_II.tar	https://www.synapse.org/Synapse:syn52360208				syn52360208	syn51365306				
EAS	ARHGAP1	ARHGAP1_Q07960_OID21202_v1_Oncology.tar	https://www.synapse.org/Synapse:syn51533076				syn51533076	syn51365306				
EAS	ARHGAP25	ARHGAP25_P42331_OID21255_v1_Oncology.tar	https://www.synapse.org/Synapse:syn51533207				syn51533207	syn51365306				
EAS	ARHGAP30	ARHGAP30_Q7Z6I6_OID31336_v1_Oncology_II.tar	https://www.synapse.org/Synapse:syn52359847				syn52359847	syn51365306				
EAS	ARHGAP45	ARHGAP45_Q92619_OID30653_v1_Inflammation_II.tar	https://www.synapse.org/Synapse:syn52361189				syn52361189	syn51365306				
EAS	ARHGAP5	ARHGAP5_Q13017_OID31190_v1_Oncology_II.tar	https://www.synapse.org/Synapse:syn52359696				syn52359696	syn51365306				
EAS	ARHGEF10	ARHGEF10_O15013_OID30994_v1_Neurology_II.tar	https://www.synapse.org/Synapse:syn52360084				syn52360084	syn51365306				
EAS	ARHGEF12	ARHGEF12_Q9NZN5_OID20554_v1_Inflammation.tar	https://www.synapse.org/Synapse:syn51533131				syn51533131	syn51365306				
EAS	ARHGEF1	ARHGEF1_Q92888_OID31133_v1_Neurology_II.tar	https://www.synapse.org/Synapse:syn52360596				syn52360596	syn51365306				
EAS	ARHGEF5	ARHGEF5_Q12774_OID30871_v1_Neurology_II.tar	https://www.synapse.org/Synapse:syn52359898				syn52359898	syn51365306				
EAS	ARID3A	ARID3A_Q99856_OID30861_v1_Neurology_II.tar	https://www.synapse.org/Synapse:syn52360715				syn52360715	syn51365306				
EAS	ARID4B	ARID4B_Q4LE39_OID20803_v1_Neurology.tar	https://www.synapse.org/Synapse:syn51533158				syn51533158	syn51365306				
EAS	ARL13B	ARL13B_Q3SXY8_OID30166_v1_Cardiometabolic_II.tar	https://www.synapse.org/Synapse:syn52359947				syn52359947	syn51365306				
EAS	ARL2BP	ARL2BP_Q9Y2Y0_OID30121_v1_Cardiometabolic_II.tar	https://www.synapse.org/Synapse:syn52360979				syn52360979	syn51365306				
EAS	ARMCX2	ARMCX2_Q7L311_OID30792_v1_Neurology_II.tar	https://www.synapse.org/Synapse:syn52360420				syn52360420	syn51365306				
EAS	ARNTL	ARNTL_O00327_OID30168_v1_Cardiometabolic_II.tar	https://www.synapse.org/Synapse:syn52359875				syn52359875	syn51365306				
EAS	ARNT	ARNT_P27540_OID20432_v1_Inflammation.tar	https://www.synapse.org/Synapse:syn51527208				syn51527208	syn51365306				
EAS	ARSA	ARSA_P15289_OID21138_v1_Neurology.tar	https://www.synapse.org/Synapse:syn51527118				syn51527118	syn51365306				
EAS	ARSB	ARSB_P15848_OID21331_v1_Oncology.tar	https://www.synapse.org/Synapse:syn51527206				syn51527206	syn51365306				
EAS	ART3	ART3_Q13508_OID20346_v1_Cardiometabolic.tar	https://www.synapse.org/Synapse:syn51533419				syn51533419	syn51365306				
EAS	ART5	ART5_Q96L15_OID30828_v1_Neurology_II.tar	https://www.synapse.org/Synapse:syn52359849				syn52359849	syn51365306				
EAS	ARTN	ARTN_Q5T4W7_OID20446_v1_Inflammation.tar	https://www.synapse.org/Synapse:syn51527006				syn51527006	syn51365306				
EAS	ASAH1	ASAH1_Q13510_OID30415_v1_Cardiometabolic_II.tar	https://www.synapse.org/Synapse:syn52359757				syn52359757	syn51365306				
EAS	ASAH2	ASAH2_Q9NR71_OID20996_v1_Neurology.tar	https://www.synapse.org/Synapse:syn51526829				syn51526829	syn51365306				
EAS	ASGR1	ASGR1_P07306_OID20990_v1_Neurology.tar	https://www.synapse.org/Synapse:syn51527115				syn51527115	syn51365306				
EAS	ASGR2	ASGR2_P07307_OID30679_v1_Inflammation_II.tar	https://www.synapse.org/Synapse:syn52360371				syn52360371	syn51365306				
EAS	ASPN	ASPN_Q9BXN1_OID30315_v1_Cardiometabolic_II.tar	https://www.synapse.org/Synapse:syn52360898				syn52360898	syn51365306				
EAS	ASPSCR1	ASPSCR1_Q9BZE9_OID31055_v1_Neurology_II.tar	https://www.synapse.org/Synapse:syn52359995				syn52359995	syn51365306				
EAS	ASRGL1	ASRGL1_Q7L266_OID30283_v1_Cardiometabolic_II.tar	https://www.synapse.org/Synapse:syn52360007				syn52360007	syn51365306				
EAS	ASS1	ASS1_P00966_OID30170_v1_Cardiometabolic_II.tar	https://www.synapse.org/Synapse:syn52360140				syn52360140	syn51365306				
EAS	ATF2	ATF2_P15336_OID20798_v1_Neurology.tar	https://www.synapse.org/Synapse:syn51526708				syn51526708	syn51365306				
EAS	ATF4	ATF4_P18848_OID31162_v1_Oncology_II.tar	https://www.synapse.org/Synapse:syn52359944				syn52359944	syn51365306				
EAS	ATG16L1	ATG16L1_Q676U5_OID31466_v1_Oncology_II.tar	https://www.synapse.org/Synapse:syn52359704				syn52359704	syn51365306				
EAS	ATG4A	ATG4A_Q8WYN0_OID21246_v1_Oncology.tar	https://www.synapse.org/Synapse:syn51527209				syn51527209	syn51365306				
EAS	ATOX1	ATOX1_O00244_OID21476_v1_Oncology.tar	https://www.synapse.org/Synapse:syn51533326				syn51533326	syn51365306				
EAS	ATP1B1	ATP1B1_P05026_OID30124_v1_Cardiometabolic_II.tar	https://www.synapse.org/Synapse:syn52359713				syn52359713	syn51365306				
EAS	ATP1B2	ATP1B2_P14415_OID30118_v1_Cardiometabolic_II.tar	https://www.synapse.org/Synapse:syn52359804				syn52359804	syn51365306				
EAS	ATP1B3	ATP1B3_P54709_OID30065_v1_Cardiometabolic_II.tar	https://www.synapse.org/Synapse:syn52360067				syn52360067	syn51365306				
EAS	ATP1B4	ATP1B4_Q9UN42_OID31230_v1_Oncology_II.tar	https://www.synapse.org/Synapse:syn52359940				syn52359940	syn51365306				
EAS	ATP2B4	ATP2B4_P23634_OID30062_v1_Cardiometabolic_II.tar	https://www.synapse.org/Synapse:syn52360582				syn52360582	syn51365306				
EAS	ATP5F1D	ATP5F1D_P30049_OID30079_v1_Cardiometabolic_II.tar	https://www.synapse.org/Synapse:syn52360719				syn52360719	syn51365306				
EAS	ATP5IF1	ATP5IF1_Q9UII2_OID20760_v1_Inflammation.tar	https://www.synapse.org/Synapse:syn51527808				syn51527808	syn51365306				
EAS	ATP5PO	ATP5PO_P48047_OID20811_v1_Neurology.tar	https://www.synapse.org/Synapse:syn51526649				syn51526649	syn51365306				
EAS	ATP6AP2	ATP6AP2_O75787_OID21178_v1_Oncology.tar	https://www.synapse.org/Synapse:syn51533550				syn51533550	syn51365306				
EAS	ATP6V1D	ATP6V1D_Q9Y5K8_OID21341_v1_Oncology.tar	https://www.synapse.org/Synapse:syn51533022				syn51533022	syn51365306				
EAS	ATP6V1F	ATP6V1F_Q16864_OID20843_v1_Neurology.tar	https://www.synapse.org/Synapse:syn51533701				syn51533701	syn51365306				
EAS	ATP6V1G1	ATP6V1G1_O75348_OID30242_v1_Cardiometabolic_II.tar	https://www.synapse.org/Synapse:syn52360595				syn52360595	syn51365306				
EAS	ATP6V1G2	ATP6V1G2_O95670_OID30167_v1_Cardiometabolic_II.tar	https://www.synapse.org/Synapse:syn52361045				syn52361045	syn51365306				
EAS	ATRAID	ATRAID_Q6UW56_OID31451_v1_Oncology_II.tar	https://www.synapse.org/Synapse:syn52360423				syn52360423	syn51365306				
EAS	ATRN	ATRN_O75882-2_OID30735_v1_Inflammation_II.tar	https://www.synapse.org/Synapse:syn52361041				syn52361041	syn51365306				
EAS	ATXN10	ATXN10_Q9UBB4_OID20865_v1_Neurology.tar	https://www.synapse.org/Synapse:syn51530115				syn51530115	syn51365306				
EAS	ATXN2L	ATXN2L_Q8WWM7_OID30980_v1_Neurology_II.tar	https://www.synapse.org/Synapse:syn52361094				syn52361094	syn51365306				
EAS	ATXN2	ATXN2_Q99700_OID30850_v1_Neurology_II.tar	https://www.synapse.org/Synapse:syn52360351				syn52360351	syn51365306				
EAS	ATXN3	ATXN3_P54252_OID31149_v1_Neurology_II.tar	https://www.synapse.org/Synapse:syn52360100				syn52360100	syn51365306				
EAS	AXIN1	AXIN1_O15169_OID20582_v1_Inflammation.tar	https://www.synapse.org/Synapse:syn51532169				syn51532169	syn51365306				
EAS	AXL	AXL_P30530_OID20363_v1_Cardiometabolic.tar	https://www.synapse.org/Synapse:syn51532582				syn51532582	syn51365306				
EAS	AZI2	AZI2_Q9H6S1_OID31056_v1_Neurology_II.tar	https://www.synapse.org/Synapse:syn52360788				syn52360788	syn51365306				
EAS	AZU1	AZU1_P20160_OID20309_v1_Cardiometabolic.tar	https://www.synapse.org/Synapse:syn51533703				syn51533703	syn51365306				
EAS	B2M	B2M_P61769_OID30725_v1_Inflammation_II.tar	https://www.synapse.org/Synapse:syn52360743				syn52360743	syn51365306				
EAS	B3GAT3	B3GAT3_O94766_OID30165_v1_Cardiometabolic_II.tar	https://www.synapse.org/Synapse:syn52360490				syn52360490	syn51365306				
EAS	B3GNT7	B3GNT7_Q8NFL0_OID30281_v1_Cardiometabolic_II.tar	https://www.synapse.org/Synapse:syn52360267				syn52360267	syn51365306				
EAS	B4GALT1	B4GALT1_P15291_OID20780_v1_Inflammation.tar	https://www.synapse.org/Synapse:syn51533032				syn51533032	syn51365306				
EAS	B4GAT1	B4GAT1_O43505_OID21127_v1_Neurology.tar	https://www.synapse.org/Synapse:syn51527113				syn51527113	syn51365306				
EAS	BABAM1	BABAM1_Q9NWV8_OID30466_v1_Inflammation_II.tar	https://www.synapse.org/Synapse:syn52360031				syn52360031	syn51365306				
EAS	BACH1	BACH1_O14867_OID20505_v1_Inflammation.tar	https://www.synapse.org/Synapse:syn51526921				syn51526921	syn51365306				
EAS	BAG3	BAG3_O95817_OID20972_v1_Neurology.tar	https://www.synapse.org/Synapse:syn51527121				syn51527121	syn51365306				
EAS	BAG4	BAG4_O95429_OID30474_v1_Inflammation_II.tar	https://www.synapse.org/Synapse:syn52360326				syn52360326	syn51365306				
EAS	BAG6	BAG6_P46379_OID20114_v1_Cardiometabolic.tar	https://www.synapse.org/Synapse:syn51533725				syn51533725	syn51365306				
EAS	BAIAP2	BAIAP2_Q9UQB8_OID21250_v1_Oncology.tar	https://www.synapse.org/Synapse:syn51533296				syn51533296	syn51365306				
EAS	BAMBI	BAMBI_Q13145_OID21267_v1_Oncology.tar	https://www.synapse.org/Synapse:syn51526739				syn51526739	syn51365306				
EAS	BANK1	BANK1_Q8NDB2_OID20594_v1_Inflammation.tar	https://www.synapse.org/Synapse:syn51526819				syn51526819	syn51365306				
EAS	BAP18	BAP18_Q8IXM2_OID31150_v1_Neurology_II.tar	https://www.synapse.org/Synapse:syn52360093				syn52360093	syn51365306				
EAS	BATF	BATF_Q16520_OID30896_v1_Neurology_II.tar	https://www.synapse.org/Synapse:syn52360385				syn52360385	syn51365306				
EAS	BAX	BAX_Q07812_OID20856_v1_Neurology.tar	https://www.synapse.org/Synapse:syn51533208				syn51533208	syn51365306				
EAS	BCAM	BCAM_P50895_OID21076_v1_Neurology.tar	https://www.synapse.org/Synapse:syn51533435				syn51533435	syn51365306				
EAS	BCAN	BCAN_Q96GW7_OID20998_v1_Neurology.tar	https://www.synapse.org/Synapse:syn51533335				syn51533335	syn51365306				
EAS	BCAT1	BCAT1_P54687_OID30312_v1_Cardiometabolic_II.tar	https://www.synapse.org/Synapse:syn52360201				syn52360201	syn51365306				
EAS	BCAT2	BCAT2_O15382_OID30844_v1_Neurology_II.tar	https://www.synapse.org/Synapse:syn52360615				syn52360615	syn51365306				
EAS	BCHE	BCHE_P06276_OID30717_v1_Inflammation_II.tar	https://www.synapse.org/Synapse:syn52360598				syn52360598	syn51365306				
EAS	BCL2L11	BCL2L11_O43521-2_OID20513_v1_Inflammation.tar	https://www.synapse.org/Synapse:syn51531318				syn51531318	syn51365306				
EAS	BCL2L15	BCL2L15_Q5TBC7_OID30498_v1_Inflammation_II.tar	https://www.synapse.org/Synapse:syn52360575				syn52360575	syn51365306				
EAS	BCL2L1	BCL2L1_Q07817_OID31152_v1_Neurology_II.tar	https://www.synapse.org/Synapse:syn52360635				syn52360635	syn51365306				
EAS	BCL2	BCL2_P10415_OID31454_v1_Oncology_II.tar	https://www.synapse.org/Synapse:syn52360697				syn52360697	syn51365306				
EAS	BCL7A	BCL7A_Q4VC05_OID31218_v1_Oncology_II.tar	https://www.synapse.org/Synapse:syn52360402				syn52360402	syn51365306				
EAS	BCL7B	BCL7B_Q9BQE9_OID31421_v1_Oncology_II.tar	https://www.synapse.org/Synapse:syn52360810				syn52360810	syn51365306				
EAS	BCR	BCR_P11274_OID20558_v1_Inflammation.tar	https://www.synapse.org/Synapse:syn51526858				syn51526858	syn51365306				
EAS	BDNF	BDNF_P23560_OID30373_v1_Cardiometabolic_II.tar	https://www.synapse.org/Synapse:syn52360157				syn52360157	syn51365306				
EAS	BECN1	BECN1_Q14457_OID30220_v1_Cardiometabolic_II.tar	https://www.synapse.org/Synapse:syn52360087				syn52360087	syn51365306				
EAS	BEX3	BEX3_Q00994_OID31202_v1_Oncology_II.tar	https://www.synapse.org/Synapse:syn52359526				syn52359526	syn51365306				
EAS	BGLAP	BGLAP_P02818_OID30389_v1_Cardiometabolic_II.tar	https://www.synapse.org/Synapse:syn52360440				syn52360440	syn51365306				
EAS	BGN	BGN_P21810_OID21198_v1_Oncology.tar	https://www.synapse.org/Synapse:syn51533645				syn51533645	syn51365306				
EAS	BHLHE40	BHLHE40_O14503_OID30873_v1_Neurology_II.tar	https://www.synapse.org/Synapse:syn52361125				syn52361125	syn51365306				
EAS	BHMT2	BHMT2_Q9H2M3_OID30051_v1_Cardiometabolic_II.tar	https://www.synapse.org/Synapse:syn52360384				syn52360384	syn51365306				
EAS	BID	BID_P55957_OID20517_v1_Inflammation.tar	https://www.synapse.org/Synapse:syn51527128				syn51527128	syn51365306				
EAS	BIN2	BIN2_Q9UBW5_OID21067_v1_Neurology.tar	https://www.synapse.org/Synapse:syn51530206				syn51530206	syn51365306				
EAS	BIRC2	BIRC2_Q13490_OID21217_v1_Oncology.tar	https://www.synapse.org/Synapse:syn51533706				syn51533706	syn51365306				
EAS	BLMH	BLMH_Q13867_OID20336_v1_Cardiometabolic.tar	https://www.synapse.org/Synapse:syn51526841				syn51526841	syn51365306				
EAS	BLNK	BLNK_Q8WV28_OID30541_v1_Inflammation_II.tar	https://www.synapse.org/Synapse:syn52360485				syn52360485	syn51365306				
EAS	BLOC1S2	BLOC1S2_Q6QNY1_OID30856_v1_Neurology_II.tar	https://www.synapse.org/Synapse:syn52359527				syn52359527	syn51365306				
EAS	BLOC1S3	BLOC1S3_Q6QNY0_OID31106_v1_Neurology_II.tar	https://www.synapse.org/Synapse:syn52359601				syn52359601	syn51365306				
EAS	BLVRB	BLVRB_P30043_OID21141_v1_Neurology.tar	https://www.synapse.org/Synapse:syn51527218				syn51527218	syn51365306				
EAS	BMP10	BMP10_O95393_OID30575_v1_Inflammation_II.tar	https://www.synapse.org/Synapse:syn52359961				syn52359961	syn51365306				
EAS	BMP4	BMP4_P12644_OID20994_v1_Neurology.tar	https://www.synapse.org/Synapse:syn51533286				syn51533286	syn51365306				
EAS	BMP6	BMP6_P22004_OID20111_v1_Cardiometabolic.tar	https://www.synapse.org/Synapse:syn51526604				syn51526604	syn51365306				
EAS	BMPER	BMPER_Q8N8U9_OID30615_v1_Inflammation_II.tar	https://www.synapse.org/Synapse:syn52360050				syn52360050	syn51365306				
EAS	BNIP2	BNIP2_Q12982_OID30292_v1_Cardiometabolic_II.tar	https://www.synapse.org/Synapse:syn52360239				syn52360239	syn51365306				
EAS	BNIP3L	BNIP3L_O60238_OID30525_v1_Inflammation_II.tar	https://www.synapse.org/Synapse:syn52360698				syn52360698	syn51365306				
EAS	BOC	BOC_Q9BWV1_OID20116_v1_Cardiometabolic.tar	https://www.synapse.org/Synapse:syn51526724				syn51526724	syn51365306				
EAS	BOLA1	BOLA1_Q9Y3E2_OID30837_v1_Neurology_II.tar	https://www.synapse.org/Synapse:syn52359996				syn52359996	syn51365306				
EAS	BOLA2	BOLA2_BOLA2B_Q9H3K6_OID30267_v1_Cardiometabolic_II.tar	https://www.synapse.org/Synapse:syn52359880				syn52359880	syn51365306				
EAS	BPIFA2	BPIFA2_Q96DR5_OID30279_v1_Cardiometabolic_II.tar	https://www.synapse.org/Synapse:syn52360648				syn52360648	syn51365306				
EAS	BPIFB1	BPIFB1_Q8TDL5_OID20308_v1_Cardiometabolic.tar	https://www.synapse.org/Synapse:syn51526779				syn51526779	syn51365306				
EAS	BPIFB2	BPIFB2_Q8N4F0_OID30311_v1_Cardiometabolic_II.tar	https://www.synapse.org/Synapse:syn52360722				syn52360722	syn51365306				
EAS	BRAP	BRAP_Q7Z569_OID31506_v1_Oncology_II.tar	https://www.synapse.org/Synapse:syn52360291				syn52360291	syn51365306				
EAS	BRD1	BRD1_O95696_OID31259_v1_Oncology_II.tar	https://www.synapse.org/Synapse:syn52361079				syn52361079	syn51365306				
EAS	BRD2	BRD2_P25440_OID30826_v1_Neurology_II.tar	https://www.synapse.org/Synapse:syn52359726				syn52359726	syn51365306				
EAS	BRD3	BRD3_Q15059_OID30093_v1_Cardiometabolic_II.tar	https://www.synapse.org/Synapse:syn52361207				syn52361207	syn51365306				
EAS	BRDT	BRDT_Q58F21_OID30179_v1_Cardiometabolic_II.tar	https://www.synapse.org/Synapse:syn52359720				syn52359720	syn51365306				
EAS	BRK1	BRK1_Q8WUW1_OID20883_v1_Neurology.tar	https://www.synapse.org/Synapse:syn51527265				syn51527265	syn51365306				
EAS	BRME1	BRME1_Q0VDD7_OID30847_v1_Neurology_II.tar	https://www.synapse.org/Synapse:syn52359935				syn52359935	syn51365306				
EAS	BRSK2	BRSK2_Q8IWQ3_OID31042_v1_Neurology_II.tar	https://www.synapse.org/Synapse:syn52360600				syn52360600	syn51365306				
EAS	BSG	BSG_P35613_OID20626_v1_Inflammation.tar	https://www.synapse.org/Synapse:syn51533298				syn51533298	syn51365306				
EAS	BSND	BSND_Q8WZ55_OID31184_v1_Oncology_II.tar	https://www.synapse.org/Synapse:syn52359611				syn52359611	syn51365306				
EAS	BST1	BST1_Q10588_OID21051_v1_Neurology.tar	https://www.synapse.org/Synapse:syn51533281				syn51533281	syn51365306				
EAS	BST2	BST2_Q10589_OID21029_v1_Neurology.tar	https://www.synapse.org/Synapse:syn51533238				syn51533238	syn51365306				
EAS	BTC	BTC_P35070_OID21199_v1_Oncology.tar	https://www.synapse.org/Synapse:syn51533531				syn51533531	syn51365306				
EAS	BTD	BTD_P43251_OID30754_v1_Inflammation_II.tar	https://www.synapse.org/Synapse:syn52360436				syn52360436	syn51365306				
EAS	BTLA	BTLA_Q7Z6A9_OID31237_v1_Oncology_II.tar	https://www.synapse.org/Synapse:syn52360753				syn52360753	syn51365306				
EAS	BTN1A1	BTN1A1_Q13410_OID31363_v1_Oncology_II.tar	https://www.synapse.org/Synapse:syn52360720				syn52360720	syn51365306				
EAS	BTN2A1	BTN2A1_Q7KYR7_OID20713_v1_Inflammation.tar	https://www.synapse.org/Synapse:syn51533409				syn51533409	syn51365306				
EAS	BTN3A2	BTN3A2_P78410_OID20540_v1_Inflammation.tar	https://www.synapse.org/Synapse:syn51533307				syn51533307	syn51365306				
EAS	BTNL10	BTNL10_A8MVZ5_OID31196_v1_Oncology_II.tar	https://www.synapse.org/Synapse:syn52359549				syn52359549	syn51365306				
EAS	C19ORF12	C19orf12_Q9NSK7_OID20804_v1_Neurology.tar	https://www.synapse.org/Synapse:syn51526680				syn51526680	syn51365306				
EAS	C1GALT1C1	C1GALT1C1_Q96EU7_OID30180_v1_Cardiometabolic_II.tar	https://www.synapse.org/Synapse:syn52360392				syn52360392	syn51365306				
EAS	C1QA	C1QA_P02745_OID20654_v1_Inflammation.tar	https://www.synapse.org/Synapse:syn51533605				syn51533605	syn51365306				
EAS	C1QBP	C1QBP_Q07021_OID31007_v1_Neurology_II.tar	https://www.synapse.org/Synapse:syn52361077				syn52361077	syn51365306				
EAS	C1QL2	C1QL2_Q7Z5L3_OID30515_v1_Inflammation_II.tar	https://www.synapse.org/Synapse:syn52359703				syn52359703	syn51365306				
EAS	C1QTNF1	C1QTNF1_Q9BXJ1_OID20367_v1_Cardiometabolic.tar	https://www.synapse.org/Synapse:syn51533088				syn51533088	syn51365306				
EAS	C1QTNF5	C1QTNF5_Q9BXJ0_OID30618_v1_Inflammation_II.tar	https://www.synapse.org/Synapse:syn52359983				syn52359983	syn51365306				
EAS	C1QTNF6	C1QTNF6_Q9BXI9_OID31049_v1_Neurology_II.tar	https://www.synapse.org/Synapse:syn52359736				syn52359736	syn51365306				
EAS	C1QTNF9	C1QTNF9_P0C862_OID30620_v1_Inflammation_II.tar	https://www.synapse.org/Synapse:syn52359755				syn52359755	syn51365306				
EAS	C1RL	C1RL_Q9NZP8_OID30721_v1_Inflammation_II.tar	https://www.synapse.org/Synapse:syn52359856				syn52359856	syn51365306				
EAS	C1R	C1R_P00736_OID30753_v1_Inflammation_II.tar	https://www.synapse.org/Synapse:syn52360277				syn52360277	syn51365306				
EAS	C1S	C1S_P09871_OID30731_v1_Inflammation_II.tar	https://www.synapse.org/Synapse:syn52360387				syn52360387	syn51365306				
EAS	C2CD2L	C2CD2L_O14523_OID20864_v1_Neurology.tar	https://www.synapse.org/Synapse:syn51533255				syn51533255	syn51365306				
EAS	C2	C2_P06681_OID20410_v1_Cardiometabolic.tar	https://www.synapse.org/Synapse:syn51527164				syn51527164	syn51365306				
EAS	C2ORF69	C2orf69_Q8N8R5_OID30883_v1_Neurology_II.tar	https://www.synapse.org/Synapse:syn52360692				syn52360692	syn51365306				
EAS	C3	C3_P01024_OID30776_v1_Inflammation_II.tar	https://www.synapse.org/Synapse:syn52360142				syn52360142	syn51365306				
EAS	C4BPB	C4BPB_P20851_OID21481_v1_Oncology.tar	https://www.synapse.org/Synapse:syn51526825				syn51526825	syn51365306				
EAS	C5	C5_P01031_OID30744_v1_Inflammation_II.tar	https://www.synapse.org/Synapse:syn52360224				syn52360224	syn51365306				
EAS	C7	C7_P10643_OID30766_v1_Inflammation_II.tar	https://www.synapse.org/Synapse:syn52360710				syn52360710	syn51365306				
EAS	C7ORF50	C7orf50_Q9BRJ6_OID31095_v1_Neurology_II.tar	https://www.synapse.org/Synapse:syn52361024				syn52361024	syn51365306				
EAS	C8B	C8B_P07358_OID30719_v1_Inflammation_II.tar	https://www.synapse.org/Synapse:syn52360227				syn52360227	syn51365306				
EAS	C9	C9_P02748_OID30698_v1_Inflammation_II.tar	https://www.synapse.org/Synapse:syn52360469				syn52360469	syn51365306				
EAS	C9ORF40	C9orf40_Q8IXQ3_OID31489_v1_Oncology_II.tar	https://www.synapse.org/Synapse:syn52360718				syn52360718	syn51365306				
EAS	CA11	CA11_O75493_OID21195_v1_Oncology.tar	https://www.synapse.org/Synapse:syn51532527				syn51532527	syn51365306				
EAS	CA12	CA12_O43570_OID21344_v1_Oncology.tar	https://www.synapse.org/Synapse:syn51529796				syn51529796	syn51365306				
EAS	CA13	CA13_Q8N1Q1_OID20225_v1_Cardiometabolic.tar	https://www.synapse.org/Synapse:syn51526523				syn51526523	syn51365306				
EAS	CA14	CA14_Q9ULX7_OID21401_v1_Oncology.tar	https://www.synapse.org/Synapse:syn51533374				syn51533374	syn51365306				
EAS	CA1	CA1_P00915_OID20409_v1_Cardiometabolic.tar	https://www.synapse.org/Synapse:syn51531826				syn51531826	syn51365306				
EAS	CA2	CA2_P00918_OID21149_v1_Neurology.tar	https://www.synapse.org/Synapse:syn51527240				syn51527240	syn51365306				
EAS	CA3	CA3_P07451_OID20271_v1_Cardiometabolic.tar	https://www.synapse.org/Synapse:syn51526556				syn51526556	syn51365306				
EAS	CA4	CA4_P22748_OID20241_v1_Cardiometabolic.tar	https://www.synapse.org/Synapse:syn51526743				syn51526743	syn51365306				
EAS	CA5A	CA5A_P35218_OID20075_v1_Cardiometabolic.tar	https://www.synapse.org/Synapse:syn51526918				syn51526918	syn51365306				
EAS	CA6	CA6_P23280_OID21096_v1_Neurology.tar	https://www.synapse.org/Synapse:syn51533572				syn51533572	syn51365306				
EAS	CA7	CA7_P43166_OID31265_v1_Oncology_II.tar	https://www.synapse.org/Synapse:syn52359583				syn52359583	syn51365306				
EAS	CA8	CA8_P35219_OID30482_v1_Inflammation_II.tar	https://www.synapse.org/Synapse:syn52360553				syn52360553	syn51365306				
EAS	CA9	CA9_Q16790_OID21417_v1_Oncology.tar	https://www.synapse.org/Synapse:syn51526663				syn51526663	syn51365306				
EAS	CABP2	CABP2_Q9NPB3_OID30916_v1_Neurology_II.tar	https://www.synapse.org/Synapse:syn52359958				syn52359958	syn51365306				
EAS	CACNA1C	CACNA1C_Q13936_OID30840_v1_Neurology_II.tar	https://www.synapse.org/Synapse:syn52361028				syn52361028	syn51365306				
EAS	CACNA1H	CACNA1H_O95180_OID30064_v1_Cardiometabolic_II.tar	https://www.synapse.org/Synapse:syn52360672				syn52360672	syn51365306				
EAS	CACNB1	CACNB1_Q02641_OID30820_v1_Neurology_II.tar	https://www.synapse.org/Synapse:syn52360634				syn52360634	syn51365306				
EAS	CACNB3	CACNB3_P54284_OID31039_v1_Neurology_II.tar	https://www.synapse.org/Synapse:syn52361136				syn52361136	syn51365306				
EAS	CACYBP	CACYBP_Q9HB71_OID30649_v1_Inflammation_II.tar	https://www.synapse.org/Synapse:syn52360295				syn52360295	syn51365306				
EAS	CADPS	CADPS_Q9ULU8_OID30915_v1_Neurology_II.tar	https://www.synapse.org/Synapse:syn52360901				syn52360901	syn51365306				
EAS	CALB1	CALB1_P05937_OID21306_v1_Oncology.tar	https://www.synapse.org/Synapse:syn51526527				syn51526527	syn51365306				
EAS	CALB2	CALB2_P22676_OID20801_v1_Neurology.tar	https://www.synapse.org/Synapse:syn51527112				syn51527112	syn51365306				
EAS	CALCA	CALCA_P01258_OID20983_v1_Neurology.tar	https://www.synapse.org/Synapse:syn51527328				syn51527328	syn51365306				
EAS	CALCB	CALCB_P10092_OID31100_v1_Neurology_II.tar	https://www.synapse.org/Synapse:syn52359604				syn52359604	syn51365306				
EAS	CALCOCO1	CALCOCO1_Q9P1Z2_OID21387_v1_Oncology.tar	https://www.synapse.org/Synapse:syn51533141				syn51533141	syn51365306				
EAS	CALCOCO2	CALCOCO2_Q13137_OID30249_v1_Cardiometabolic_II.tar	https://www.synapse.org/Synapse:syn52360525				syn52360525	syn51365306				
EAS	CALY	CALY_Q9NYX4_OID30144_v1_Cardiometabolic_II.tar	https://www.synapse.org/Synapse:syn52359780				syn52359780	syn51365306				
EAS	CAMKK1	CAMKK1_Q8N5S9_OID21182_v1_Oncology.tar	https://www.synapse.org/Synapse:syn51533144				syn51533144	syn51365306				
EAS	CAMLG	CAMLG_P49069_OID30952_v1_Neurology_II.tar	https://www.synapse.org/Synapse:syn52360869				syn52360869	syn51365306				
EAS	CAMSAP1	CAMSAP1_Q5T5Y3_OID31070_v1_Neurology_II.tar	https://www.synapse.org/Synapse:syn52360259				syn52360259	syn51365306				
EAS	CANT1	CANT1_Q8WVQ1_OID20181_v1_Cardiometabolic.tar	https://www.synapse.org/Synapse:syn51526640				syn51526640	syn51365306				
EAS	CAPG	CAPG_P40121_OID21431_v1_Oncology.tar	https://www.synapse.org/Synapse:syn51526940				syn51526940	syn51365306				
EAS	CAPN3	CAPN3_P20807_OID31384_v1_Oncology_II.tar	https://www.synapse.org/Synapse:syn52359774				syn52359774	syn51365306				
EAS	CAPS	CAPS_Q13938_OID31126_v1_Neurology_II.tar	https://www.synapse.org/Synapse:syn52360541				syn52360541	syn51365306				
EAS	CARHSP1	CARHSP1_Q9Y2V2_OID20859_v1_Neurology.tar	https://www.synapse.org/Synapse:syn51526957				syn51526957	syn51365306				
EAS	CASC3	CASC3_O15234_OID30921_v1_Neurology_II.tar	https://www.synapse.org/Synapse:syn52360760				syn52360760	syn51365306				
EAS	CASP10	CASP10_Q92851_OID20893_v1_Neurology.tar	https://www.synapse.org/Synapse:syn51526970				syn51526970	syn51365306				
EAS	CASP1	CASP1_P29466_OID20854_v1_Neurology.tar	https://www.synapse.org/Synapse:syn51533167				syn51533167	syn51365306				
EAS	CASP2	CASP2_P42575_OID20555_v1_Inflammation.tar	https://www.synapse.org/Synapse:syn51533439				syn51533439	syn51365306				
EAS	CASP3	CASP3_P42574_OID20305_v1_Cardiometabolic.tar	https://www.synapse.org/Synapse:syn51533074				syn51533074	syn51365306				
EAS	CASP4	CASP4_P49662_OID31276_v1_Oncology_II.tar	https://www.synapse.org/Synapse:syn52361096				syn52361096	syn51365306				
EAS	CASP7	CASP7_P55210_OID31135_v1_Neurology_II.tar	https://www.synapse.org/Synapse:syn52360633				syn52360633	syn51365306				
EAS	CASP8	CASP8_Q14790_OID21414_v1_Oncology.tar	https://www.synapse.org/Synapse:syn51526740				syn51526740	syn51365306				
EAS	CASP9	CASP9_P55211_OID30530_v1_Inflammation_II.tar	https://www.synapse.org/Synapse:syn52360137				syn52360137	syn51365306				
EAS	CASQ2	CASQ2_O14958_OID30063_v1_Cardiometabolic_II.tar	https://www.synapse.org/Synapse:syn52360184				syn52360184	syn51365306				
EAS	CAT	CAT_P04040_OID30712_v1_Inflammation_II.tar	https://www.synapse.org/Synapse:syn52359520				syn52359520	syn51365306				
EAS	CBLIF	CBLIF_P27352_OID20179_v1_Cardiometabolic.tar	https://www.synapse.org/Synapse:syn51533777				syn51533777	syn51365306				
EAS	CBLN1	CBLN1_P23435_OID30851_v1_Neurology_II.tar	https://www.synapse.org/Synapse:syn52359872				syn52359872	syn51365306				
EAS	CBLN4	CBLN4_Q9NTU7_OID21386_v1_Oncology.tar	https://www.synapse.org/Synapse:syn51527037				syn51527037	syn51365306				
EAS	CBS	CBS_P35520_OID30200_v1_Cardiometabolic_II.tar	https://www.synapse.org/Synapse:syn52360481				syn52360481	syn51365306				
EAS	CBX2	CBX2_Q14781_OID30177_v1_Cardiometabolic_II.tar	https://www.synapse.org/Synapse:syn52360079				syn52360079	syn51365306				
EAS	CC2D1A	CC2D1A_Q6P1N0_OID20958_v1_Neurology.tar	https://www.synapse.org/Synapse:syn51526575				syn51526575	syn51365306				
EAS	CCAR2	CCAR2_Q8N163_OID31077_v1_Neurology_II.tar	https://www.synapse.org/Synapse:syn52361054				syn52361054	syn51365306				
EAS	CCDC134	CCDC134_Q9H6E4_OID31413_v1_Oncology_II.tar	https://www.synapse.org/Synapse:syn52359781				syn52359781	syn51365306				
EAS	CCDC28A	CCDC28A_Q8IWP9_OID30973_v1_Neurology_II.tar	https://www.synapse.org/Synapse:syn52360397				syn52360397	syn51365306				
EAS	CCDC50	CCDC50_Q8IVM0_OID31001_v1_Neurology_II.tar	https://www.synapse.org/Synapse:syn52359815				syn52359815	syn51365306				
EAS	CCDC80	CCDC80_Q76M96_OID20226_v1_Cardiometabolic.tar	https://www.synapse.org/Synapse:syn51533338				syn51533338	syn51365306				
EAS	CCER2	CCER2_I3L3R5_OID30221_v1_Cardiometabolic_II.tar	https://www.synapse.org/Synapse:syn52359737				syn52359737	syn51365306				
EAS	CCL11	CCL11_P51671_OID20668_v1_Inflammation.tar	https://www.synapse.org/Synapse:syn51526778				syn51526778	syn51365306				
EAS	CCL13	CCL13_Q99616_OID20655_v1_Inflammation.tar	https://www.synapse.org/Synapse:syn51533033				syn51533033	syn51365306				
EAS	CCL14	CCL14_Q16627_OID20401_v1_Cardiometabolic.tar	https://www.synapse.org/Synapse:syn51526935				syn51526935	syn51365306				
EAS	CCL15	CCL15_Q16663_OID20328_v1_Cardiometabolic.tar	https://www.synapse.org/Synapse:syn51531277				syn51531277	syn51365306				
EAS	CCL16	CCL16_O15467_OID20334_v1_Cardiometabolic.tar	https://www.synapse.org/Synapse:syn51527106				syn51527106	syn51365306				
EAS	CCL17	CCL17_Q92583_OID20745_v1_Inflammation.tar	https://www.synapse.org/Synapse:syn51526605				syn51526605	syn51365306				
EAS	CCL18	CCL18_P55774_OID20395_v1_Cardiometabolic.tar	https://www.synapse.org/Synapse:syn51533196				syn51533196	syn51365306				
EAS	CCL19	CCL19_Q99731_OID21030_v1_Neurology.tar	https://www.synapse.org/Synapse:syn51527275				syn51527275	syn51365306				
EAS	CCL20	CCL20_P78556_OID20671_v1_Inflammation.tar	https://www.synapse.org/Synapse:syn51533135				syn51533135	syn51365306				
EAS	CCL21	CCL21_O00585_OID20686_v1_Inflammation.tar	https://www.synapse.org/Synapse:syn51526731				syn51526731	syn51365306				
EAS	CCL22	CCL22_O00626_OID20765_v1_Inflammation.tar	https://www.synapse.org/Synapse:syn51526909				syn51526909	syn51365306				
EAS	CCL23	CCL23_P55773_OID20693_v1_Inflammation.tar	https://www.synapse.org/Synapse:syn51533287				syn51533287	syn51365306				
EAS	CCL24	CCL24_O00175_OID20772_v1_Inflammation.tar	https://www.synapse.org/Synapse:syn51527053				syn51527053	syn51365306				
EAS	CCL25	CCL25_O15444_OID20674_v1_Inflammation.tar	https://www.synapse.org/Synapse:syn51527083				syn51527083	syn51365306				
EAS	CCL26	CCL26_Q9Y258_OID20546_v1_Inflammation.tar	https://www.synapse.org/Synapse:syn51526992				syn51526992	syn51365306				
EAS	CCL27	CCL27_Q9Y4X3_OID20121_v1_Cardiometabolic.tar	https://www.synapse.org/Synapse:syn51526686				syn51526686	syn51365306				
EAS	CCL28	CCL28_Q9NRJ3_OID20569_v1_Inflammation.tar	https://www.synapse.org/Synapse:syn51527008				syn51527008	syn51365306				
EAS	CCL2	CCL2_P13500_OID21004_v1_Neurology.tar	https://www.synapse.org/Synapse:syn51527024				syn51527024	syn51365306				
EAS	CCL3	CCL3_P10147_OID20610_v1_Inflammation.tar	https://www.synapse.org/Synapse:syn51533043				syn51533043	syn51365306				
EAS	CCL4	CCL4_P13236_OID20695_v1_Inflammation.tar	https://www.synapse.org/Synapse:syn51526695				syn51526695	syn51365306				
EAS	CCL5	CCL5_P13501_OID20412_v1_Cardiometabolic.tar	https://www.synapse.org/Synapse:syn51528952				syn51528952	syn51365306				
EAS	CCL7	CCL7_P80098_OID20523_v1_Inflammation.tar	https://www.synapse.org/Synapse:syn51527295				syn51527295	syn51365306				
EAS	CCL8	CCL8_P80075_OID21466_v1_Oncology.tar	https://www.synapse.org/Synapse:syn51533220				syn51533220	syn51365306				
EAS	CCN1	CCN1_O00622_OID21368_v1_Oncology.tar	https://www.synapse.org/Synapse:syn51526937				syn51526937	syn51365306				
EAS	CCN2	CCN2_P29279_OID20709_v1_Inflammation.tar	https://www.synapse.org/Synapse:syn51526928				syn51526928	syn51365306				
EAS	CCN3	CCN3_P48745_OID20299_v1_Cardiometabolic.tar	https://www.synapse.org/Synapse:syn51533082				syn51533082	syn51365306				
EAS	CCN4	CCN4_O95388_OID21444_v1_Oncology.tar	https://www.synapse.org/Synapse:syn51533028				syn51533028	syn51365306				
EAS	CCN5	CCN5_O76076_OID21068_v1_Neurology.tar	https://www.synapse.org/Synapse:syn51527143				syn51527143	syn51365306				
EAS	CCND2	CCND2_P30279_OID31316_v1_Oncology_II.tar	https://www.synapse.org/Synapse:syn52360166				syn52360166	syn51365306				
EAS	CCNE1	CCNE1_P24864_OID30456_v1_Inflammation_II.tar	https://www.synapse.org/Synapse:syn52360679				syn52360679	syn51365306				
EAS	CCS	CCS_O14618_OID20973_v1_Neurology.tar	https://www.synapse.org/Synapse:syn51527120				syn51527120	syn51365306				
EAS	CCT5	CCT5_P48643_OID21200_v1_Oncology.tar	https://www.synapse.org/Synapse:syn51526636				syn51526636	syn51365306				
EAS	CD101	CD101_Q93033_OID31480_v1_Oncology_II.tar	https://www.synapse.org/Synapse:syn52359884				syn52359884	syn51365306				
EAS	CD109	CD109_Q6YHK3_OID21108_v1_Neurology.tar	https://www.synapse.org/Synapse:syn51533169				syn51533169	syn51365306				
EAS	CD14	CD14_P08571_OID20378_v1_Cardiometabolic.tar	https://www.synapse.org/Synapse:syn51527071				syn51527071	syn51365306				
EAS	CD160	CD160_O95971_OID20647_v1_Inflammation.tar	https://www.synapse.org/Synapse:syn51533159				syn51533159	syn51365306				
EAS	CD163	CD163_Q86VB7_OID20360_v1_Cardiometabolic.tar	https://www.synapse.org/Synapse:syn51533183				syn51533183	syn51365306				
EAS	CD164L2	CD164L2_Q6UWJ8_OID30922_v1_Neurology_II.tar	https://www.synapse.org/Synapse:syn52359764				syn52359764	syn51365306				
EAS	CD164	CD164_Q04900_OID21080_v1_Neurology.tar	https://www.synapse.org/Synapse:syn51526808				syn51526808	syn51365306				
EAS	CD177	CD177_Q8N6Q3_OID21119_v1_Neurology.tar	https://www.synapse.org/Synapse:syn51526672				syn51526672	syn51365306				
EAS	CD1C	CD1C_P29017_OID21483_v1_Oncology.tar	https://www.synapse.org/Synapse:syn51533775				syn51533775	syn51365306				
EAS	CD200R1	CD200R1_Q8TD46_OID20595_v1_Inflammation.tar	https://www.synapse.org/Synapse:syn51533061				syn51533061	syn51365306				
EAS	CD200	CD200_P41217_OID20603_v1_Inflammation.tar	https://www.synapse.org/Synapse:syn51531634				syn51531634	syn51365306				
EAS	CD207	CD207_Q9UJ71_OID21298_v1_Oncology.tar	https://www.synapse.org/Synapse:syn51526797				syn51526797	syn51365306				
EAS	CD209	CD209_Q9NNX6_OID20262_v1_Cardiometabolic.tar	https://www.synapse.org/Synapse:syn51533564				syn51533564	syn51365306				
EAS	CD226	CD226_Q15762_OID30556_v1_Inflammation_II.tar	https://www.synapse.org/Synapse:syn52360998				syn52360998	syn51365306				
EAS	CD22	CD22_P20273_OID20637_v1_Inflammation.tar	https://www.synapse.org/Synapse:syn51530051				syn51530051	syn51365306				
EAS	CD244	CD244_Q9BZW8_OID20628_v1_Inflammation.tar	https://www.synapse.org/Synapse:syn51527305				syn51527305	syn51365306				
EAS	CD248	CD248_Q9HCU0_OID30394_v1_Cardiometabolic_II.tar	https://www.synapse.org/Synapse:syn52360060				syn52360060	syn51365306				
EAS	CD274	CD274_Q9NZQ7_OID20966_v1_Neurology.tar	https://www.synapse.org/Synapse:syn51526894				syn51526894	syn51365306				
EAS	CD276	CD276_Q5ZPR3_OID20680_v1_Inflammation.tar	https://www.synapse.org/Synapse:syn51526933				syn51526933	syn51365306				
EAS	CD27	CD27_P26842_OID21527_v1_Oncology.tar	https://www.synapse.org/Synapse:syn51533689				syn51533689	syn51365306				
EAS	CD28	CD28_P10747_OID21265_v1_Oncology.tar	https://www.synapse.org/Synapse:syn51533683				syn51533683	syn51365306				
EAS	CD2AP	CD2AP_Q9Y5K6_OID20177_v1_Cardiometabolic.tar	https://www.synapse.org/Synapse:syn51527159				syn51527159	syn51365306				
EAS	CD2	CD2_P06729_OID30097_v1_Cardiometabolic_II.tar	https://www.synapse.org/Synapse:syn52360819				syn52360819	syn51365306				
EAS	CD300A	CD300A_Q9UGN4_OID30576_v1_Inflammation_II.tar	https://www.synapse.org/Synapse:syn52359999				syn52359999	syn51365306				
EAS	CD300C	CD300C_Q08708_OID21010_v1_Neurology.tar	https://www.synapse.org/Synapse:syn51527223				syn51527223	syn51365306				
EAS	CD300E	CD300E_Q496F6_OID21418_v1_Oncology.tar	https://www.synapse.org/Synapse:syn51530894				syn51530894	syn51365306				
EAS	CD300LF	CD300LF_Q8TDQ1_OID21469_v1_Oncology.tar	https://www.synapse.org/Synapse:syn51527263				syn51527263	syn51365306				
EAS	CD300LG	CD300LG_Q6UXG3_OID21130_v1_Neurology.tar	https://www.synapse.org/Synapse:syn51526734				syn51526734	syn51365306				
EAS	CD302	CD302_Q8IX05_OID21328_v1_Oncology.tar	https://www.synapse.org/Synapse:syn51526856				syn51526856	syn51365306				
EAS	CD33	CD33_P20138_OID21472_v1_Oncology.tar	https://www.synapse.org/Synapse:syn51533381				syn51533381	syn51365306				
EAS	CD34	CD34_P28906_OID21025_v1_Neurology.tar	https://www.synapse.org/Synapse:syn51533118				syn51533118	syn51365306				
EAS	CD36	CD36_P16671_OID30485_v1_Inflammation_II.tar	https://www.synapse.org/Synapse:syn52361004				syn52361004	syn51365306				
EAS	CD38	CD38_P28907_OID21316_v1_Oncology.tar	https://www.synapse.org/Synapse:syn51527324				syn51527324	syn51365306				
EAS	CD3D	CD3D_P04234_OID30827_v1_Neurology_II.tar	https://www.synapse.org/Synapse:syn52359850				syn52359850	syn51365306				
EAS	CD3E	CD3E_P07766_OID31302_v1_Oncology_II.tar	https://www.synapse.org/Synapse:syn52360537				syn52360537	syn51365306				
EAS	CD3G	CD3G_P09693_OID30448_v1_Inflammation_II.tar	https://www.synapse.org/Synapse:syn52360470				syn52360470	syn51365306				
EAS	CD40LG	CD40LG_P29965_OID20616_v1_Inflammation.tar	https://www.synapse.org/Synapse:syn51527066				syn51527066	syn51365306				
EAS	CD40	CD40_P25942_OID20724_v1_Inflammation.tar	https://www.synapse.org/Synapse:syn51526875				syn51526875	syn51365306				
EAS	CD46	CD46_P15529_OID20380_v1_Cardiometabolic.tar	https://www.synapse.org/Synapse:syn51533080				syn51533080	syn51365306				
EAS	CD48	CD48_P09326_OID20692_v1_Inflammation.tar	https://www.synapse.org/Synapse:syn51533293				syn51533293	syn51365306				
EAS	CD4	CD4_P01730_OID20584_v1_Inflammation.tar	https://www.synapse.org/Synapse:syn51533233				syn51533233	syn51365306				
EAS	CD55	CD55_P08174_OID20377_v1_Cardiometabolic.tar	https://www.synapse.org/Synapse:syn51533250				syn51533250	syn51365306				
EAS	CD58	CD58_P19256_OID20716_v1_Inflammation.tar	https://www.synapse.org/Synapse:syn51533726				syn51533726	syn51365306				
EAS	CD59	CD59_P13987_OID20339_v1_Cardiometabolic.tar	https://www.synapse.org/Synapse:syn51533524				syn51533524	syn51365306				
EAS	CD5L	CD5L_O43866_OID30775_v1_Inflammation_II.tar	https://www.synapse.org/Synapse:syn52360724				syn52360724	syn51365306				
EAS	CD5	CD5_P06127_OID21449_v1_Oncology.tar	https://www.synapse.org/Synapse:syn51526736				syn51526736	syn51365306				
EAS	CD63	CD63_P08962_OID20988_v1_Neurology.tar	https://www.synapse.org/Synapse:syn51526765				syn51526765	syn51365306				
EAS	CD69	CD69_Q07108_OID20206_v1_Cardiometabolic.tar	https://www.synapse.org/Synapse:syn51533142				syn51533142	syn51365306				
EAS	CD6	CD6_P30203_OID20649_v1_Inflammation.tar	https://www.synapse.org/Synapse:syn51527001				syn51527001	syn51365306				
EAS	CD70	CD70_P32970_OID20599_v1_Inflammation.tar	https://www.synapse.org/Synapse:syn51526946				syn51526946	syn51365306				
EAS	CD72	CD72_P21854_OID30641_v1_Inflammation_II.tar	https://www.synapse.org/Synapse:syn52360289				syn52360289	syn51365306				
EAS	CD74	CD74_P04233_OID21040_v1_Neurology.tar	https://www.synapse.org/Synapse:syn51528834				syn51528834	syn51365306				
EAS	CD79B	CD79B_P40259_OID20635_v1_Inflammation.tar	https://www.synapse.org/Synapse:syn51532007				syn51532007	syn51365306				
EAS	CD7	CD7_P09564_OID30543_v1_Inflammation_II.tar	https://www.synapse.org/Synapse:syn52360736				syn52360736	syn51365306				
EAS	CD80	CD80_P33681_OID30291_v1_Cardiometabolic_II.tar	https://www.synapse.org/Synapse:syn52359798				syn52359798	syn51365306				
EAS	CD82	CD82_P27701_OID31256_v1_Oncology_II.tar	https://www.synapse.org/Synapse:syn52359606				syn52359606	syn51365306				
EAS	CD83	CD83_Q01151_OID20565_v1_Inflammation.tar	https://www.synapse.org/Synapse:syn51527088				syn51527088	syn51365306				
EAS	CD84	CD84_Q9UIB8_OID20607_v1_Inflammation.tar	https://www.synapse.org/Synapse:syn51526593				syn51526593	syn51365306				
EAS	CD86	CD86_P42081_OID31500_v1_Oncology_II.tar	https://www.synapse.org/Synapse:syn52360474				syn52360474	syn51365306				
EAS	CD8A	CD8A_P01732_OID21018_v1_Neurology.tar	https://www.synapse.org/Synapse:syn51533488				syn51533488	syn51365306				
EAS	CD93	CD93_Q9NPY3_OID20397_v1_Cardiometabolic.tar	https://www.synapse.org/Synapse:syn51527028				syn51527028	syn51365306				
EAS	CD99L2	CD99L2_Q8TCZ2_OID21122_v1_Neurology.tar	https://www.synapse.org/Synapse:syn51526609				syn51526609	syn51365306				
EAS	CD99	CD99_P14209_OID21110_v1_Neurology.tar	https://www.synapse.org/Synapse:syn51533132				syn51533132	syn51365306				
EAS	CDAN1	CDAN1_Q8IWY9_OID31076_v1_Neurology_II.tar	https://www.synapse.org/Synapse:syn52360980				syn52360980	syn51365306				
EAS	CDA	CDA_P32320_OID30345_v1_Cardiometabolic_II.tar	https://www.synapse.org/Synapse:syn52361010				syn52361010	syn51365306				
EAS	CDC123	CDC123_O75794_OID31242_v1_Oncology_II.tar	https://www.synapse.org/Synapse:syn52360566				syn52360566	syn51365306				
EAS	CDC25A	CDC25A_P30304_OID31189_v1_Oncology_II.tar	https://www.synapse.org/Synapse:syn52360194				syn52360194	syn51365306				
EAS	CDC26	CDC26_Q8NHZ8_OID31508_v1_Oncology_II.tar	https://www.synapse.org/Synapse:syn52361185				syn52361185	syn51365306				
EAS	CDC27	CDC27_P30260_OID21238_v1_Oncology.tar	https://www.synapse.org/Synapse:syn51527300				syn51527300	syn51365306				
EAS	CDC37	CDC37_Q16543_OID21470_v1_Oncology.tar	https://www.synapse.org/Synapse:syn51533029				syn51533029	syn51365306				
EAS	CDC42BPB	CDC42BPB_Q9Y5S2_OID31485_v1_Oncology_II.tar	https://www.synapse.org/Synapse:syn52360604				syn52360604	syn51365306				
EAS	CDCP1	CDCP1_Q9H5V8_OID20940_v1_Neurology.tar	https://www.synapse.org/Synapse:syn51533192				syn51533192	syn51365306				
EAS	CDH15	CDH15_P55291_OID21005_v1_Neurology.tar	https://www.synapse.org/Synapse:syn51533359				syn51533359	syn51365306				
EAS	CDH17	CDH17_Q12864_OID20134_v1_Cardiometabolic.tar	https://www.synapse.org/Synapse:syn51526877				syn51526877	syn51365306				
EAS	CDH1	CDH1_P12830_OID20353_v1_Cardiometabolic.tar	https://www.synapse.org/Synapse:syn51533098				syn51533098	syn51365306				
EAS	CDH22	CDH22_Q9UJ99_OID31332_v1_Oncology_II.tar	https://www.synapse.org/Synapse:syn52359702				syn52359702	syn51365306				
EAS	CDH23	CDH23_Q9H251_OID31074_v1_Neurology_II.tar	https://www.synapse.org/Synapse:syn52360085				syn52360085	syn51365306				
EAS	CDH2	CDH2_P19022_OID20170_v1_Cardiometabolic.tar	https://www.synapse.org/Synapse:syn51527072				syn51527072	syn51365306				
EAS	CDH3	CDH3_P22223_OID21008_v1_Neurology.tar	https://www.synapse.org/Synapse:syn51533170				syn51533170	syn51365306				
EAS	CDH4	CDH4_P55283_OID30875_v1_Neurology_II.tar	https://www.synapse.org/Synapse:syn52361044				syn52361044	syn51365306				
EAS	CDH5	CDH5_P33151_OID20243_v1_Cardiometabolic.tar	https://www.synapse.org/Synapse:syn51526914				syn51526914	syn51365306				
EAS	CDH6	CDH6_P55285_OID20157_v1_Cardiometabolic.tar	https://www.synapse.org/Synapse:syn51526869				syn51526869	syn51365306				
EAS	CDHR1	CDHR1_Q96JP9_OID20808_v1_Neurology.tar	https://www.synapse.org/Synapse:syn51526583				syn51526583	syn51365306				
EAS	CDHR2	CDHR2_Q9BYE9_OID21282_v1_Oncology.tar	https://www.synapse.org/Synapse:syn51527186				syn51527186	syn51365306				
EAS	CDHR5	CDHR5_Q9HBB8_OID20193_v1_Cardiometabolic.tar	https://www.synapse.org/Synapse:syn51527070				syn51527070	syn51365306				
EAS	CDK1	CDK1_P06493_OID31164_v1_Oncology_II.tar	https://www.synapse.org/Synapse:syn52360920				syn52360920	syn51365306				
EAS	CDK5RAP3	CDK5RAP3_Q96JB5_OID30985_v1_Neurology_II.tar	https://www.synapse.org/Synapse:syn52361195				syn52361195	syn51365306				
EAS	CDKL5	CDKL5_O76039_OID30796_v1_Neurology_II.tar	https://www.synapse.org/Synapse:syn52360461				syn52360461	syn51365306				
EAS	CDKN1A	CDKN1A_P38936_OID21319_v1_Oncology.tar	https://www.synapse.org/Synapse:syn51533157				syn51533157	syn51365306				
EAS	CDKN2D	CDKN2D_P55273_OID21295_v1_Oncology.tar	https://www.synapse.org/Synapse:syn51526842				syn51526842	syn51365306				
EAS	CDNF	CDNF_Q49AH0_OID21318_v1_Oncology.tar	https://www.synapse.org/Synapse:syn51527077				syn51527077	syn51365306				
EAS	CDON	CDON_Q4KMG0_OID20754_v1_Inflammation.tar	https://www.synapse.org/Synapse:syn51533587				syn51533587	syn51365306				
EAS	CDSN	CDSN_Q15517_OID20667_v1_Inflammation.tar	https://www.synapse.org/Synapse:syn51533089				syn51533089	syn51365306				
EAS	CEACAM16	CEACAM16_Q2WEN9_OID31495_v1_Oncology_II.tar	https://www.synapse.org/Synapse:syn52360670				syn52360670	syn51365306				
EAS	CEACAM18	CEACAM18_A8MTB9_OID31251_v1_Oncology_II.tar	https://www.synapse.org/Synapse:syn52360488				syn52360488	syn51365306				
EAS	CEACAM19	CEACAM19_Q7Z692_OID31443_v1_Oncology_II.tar	https://www.synapse.org/Synapse:syn52360030				syn52360030	syn51365306				
EAS	CEACAM1	CEACAM1_P13688_OID21528_v1_Oncology.tar	https://www.synapse.org/Synapse:syn51526989				syn51526989	syn51365306				
EAS	CEACAM20	CEACAM20_Q6UY09_OID31308_v1_Oncology_II.tar	https://www.synapse.org/Synapse:syn52361163				syn52361163	syn51365306				
EAS	CEACAM21	CEACAM21_Q3KPI0_OID20548_v1_Inflammation.tar	https://www.synapse.org/Synapse:syn51533535				syn51533535	syn51365306				
EAS	CEACAM3	CEACAM3_P40198_OID21245_v1_Oncology.tar	https://www.synapse.org/Synapse:syn51527248				syn51527248	syn51365306				
EAS	CEACAM5	CEACAM5_P06731_OID21171_v1_Oncology.tar	https://www.synapse.org/Synapse:syn51533320				syn51533320	syn51365306				
EAS	CEACAM6	CEACAM6_P40199_OID30362_v1_Cardiometabolic_II.tar	https://www.synapse.org/Synapse:syn52360709				syn52360709	syn51365306				
EAS	CEACAM8	CEACAM8_P31997_OID20102_v1_Cardiometabolic.tar	https://www.synapse.org/Synapse:syn51533447				syn51533447	syn51365306				
EAS	CEBPA	CEBPA_P49715_OID30458_v1_Inflammation_II.tar	https://www.synapse.org/Synapse:syn52360275				syn52360275	syn51365306				
EAS	CEBPB	CEBPB_P17676_OID20052_v1_Cardiometabolic.tar	https://www.synapse.org/Synapse:syn51526568				syn51526568	syn51365306				
EAS	CELA2A	CELA2A_P08217_OID30411_v1_Cardiometabolic_II.tar	https://www.synapse.org/Synapse:syn52360915				syn52360915	syn51365306				
EAS	CELA3A	CELA3A_P09093_OID20298_v1_Cardiometabolic.tar	https://www.synapse.org/Synapse:syn51527111				syn51527111	syn51365306				
EAS	CELSR2	CELSR2_Q9HCU4_OID30593_v1_Inflammation_II.tar	https://www.synapse.org/Synapse:syn52361133				syn52361133	syn51365306				
EAS	CEMIP2	CEMIP2_Q9UHN6_OID30499_v1_Inflammation_II.tar	https://www.synapse.org/Synapse:syn52360253				syn52360253	syn51365306				
EAS	CEND1	CEND1_Q8N111_OID30821_v1_Neurology_II.tar	https://www.synapse.org/Synapse:syn52360739				syn52360739	syn51365306				
EAS	CENPF	CENPF_P49454_OID31329_v1_Oncology_II.tar	https://www.synapse.org/Synapse:syn52359522				syn52359522	syn51365306				
EAS	CENPJ	CENPJ_Q9HC77_OID31314_v1_Oncology_II.tar	https://www.synapse.org/Synapse:syn52359836				syn52359836	syn51365306				
EAS	CEP112	CEP112_Q8N8E3_OID30115_v1_Cardiometabolic_II.tar	https://www.synapse.org/Synapse:syn52359801				syn52359801	syn51365306				
EAS	CEP152	CEP152_O94986_OID31249_v1_Oncology_II.tar	https://www.synapse.org/Synapse:syn52360023				syn52360023	syn51365306				
EAS	CEP164	CEP164_Q9UPV0_OID20441_v1_Inflammation.tar	https://www.synapse.org/Synapse:syn51526899				syn51526899	syn51365306				
EAS	CEP170	CEP170_Q5SW79_OID30240_v1_Cardiometabolic_II.tar	https://www.synapse.org/Synapse:syn52360312				syn52360312	syn51365306				
EAS	CEP20	CEP20_Q96NB1_OID21209_v1_Oncology.tar	https://www.synapse.org/Synapse:syn51526941				syn51526941	syn51365306				
EAS	CEP290	CEP290_O15078_OID31287_v1_Oncology_II.tar	https://www.synapse.org/Synapse:syn52361215				syn52361215	syn51365306				
EAS	CEP350	CEP350_Q5VT06_OID31247_v1_Oncology_II.tar	https://www.synapse.org/Synapse:syn52360809				syn52360809	syn51365306				
EAS	CEP43	CEP43_O95684_OID20084_v1_Cardiometabolic.tar	https://www.synapse.org/Synapse:syn51527063				syn51527063	syn51365306				
EAS	CEP85	CEP85_Q6P2H3_OID21241_v1_Oncology.tar	https://www.synapse.org/Synapse:syn51526860				syn51526860	syn51365306				
EAS	CERT	CERT_Q9Y5P4_OID20857_v1_Neurology.tar	https://www.synapse.org/Synapse:syn51533672				syn51533672	syn51365306				
EAS	CES1	CES1_P23141_OID20244_v1_Cardiometabolic.tar	https://www.synapse.org/Synapse:syn51526598				syn51526598	syn51365306				
EAS	CES2	CES2_O00748_OID21366_v1_Oncology.tar	https://www.synapse.org/Synapse:syn51526540				syn51526540	syn51365306				
EAS	CES3	CES3_Q6UWW8_OID21340_v1_Oncology.tar	https://www.synapse.org/Synapse:syn51533466				syn51533466	syn51365306				
EAS	CETN2	CETN2_P41208_OID20836_v1_Neurology.tar	https://www.synapse.org/Synapse:syn51526986				syn51526986	syn51365306				
EAS	CETN3	CETN3_O15182_OID31525_v1_Oncology_II.tar	https://www.synapse.org/Synapse:syn52360414				syn52360414	syn51365306				
EAS	CFB	CFB_P00751_OID30755_v1_Inflammation_II.tar	https://www.synapse.org/Synapse:syn52360666				syn52360666	syn51365306				
EAS	CFC1	CFC1_P0CG37_OID21261_v1_Oncology.tar	https://www.synapse.org/Synapse:syn51533336				syn51533336	syn51365306				
EAS	CFD	CFD_P00746_OID30738_v1_Inflammation_II.tar	https://www.synapse.org/Synapse:syn52361114				syn52361114	syn51365306				
EAS	CFHR2	CFHR2_P36980_OID30720_v1_Inflammation_II.tar	https://www.synapse.org/Synapse:syn52361131				syn52361131	syn51365306				
EAS	CFHR4	CFHR4_Q92496_OID30758_v1_Inflammation_II.tar	https://www.synapse.org/Synapse:syn52360826				syn52360826	syn51365306				
EAS	CFHR5	CFHR5_Q9BXR6_OID30716_v1_Inflammation_II.tar	https://www.synapse.org/Synapse:syn52360872				syn52360872	syn51365306				
EAS	CFH	CFH_P08603_OID30790_v1_Inflammation_II.tar	https://www.synapse.org/Synapse:syn52360234				syn52360234	syn51365306				
EAS	CFI	CFI_P05156_OID30772_v1_Inflammation_II.tar	https://www.synapse.org/Synapse:syn52359540				syn52359540	syn51365306				
EAS	CFP	CFP_P27918_OID30784_v1_Inflammation_II.tar	https://www.synapse.org/Synapse:syn52359886				syn52359886	syn51365306				
EAS	CGA	CGA_P01215_OID21069_v1_Neurology.tar	https://www.synapse.org/Synapse:syn51527154				syn51527154	syn51365306				
EAS	CGB3	CGB3_CGB5_CGB8_P0DN86_OID30671_v1_Inflammation_II.tar	https://www.synapse.org/Synapse:syn52360997				syn52360997	syn51365306				
EAS	CGN	CGN_Q9P2M7_OID30894_v1_Neurology_II.tar	https://www.synapse.org/Synapse:syn52360325				syn52360325	syn51365306				
EAS	CGREF1	CGREF1_Q99674_OID20152_v1_Cardiometabolic.tar	https://www.synapse.org/Synapse:syn51526711				syn51526711	syn51365306				
EAS	CHAC2	CHAC2_Q8WUX2_OID21230_v1_Oncology.tar	https://www.synapse.org/Synapse:syn51526645				syn51526645	syn51365306				
EAS	CHAD	CHAD_O15335_OID30660_v1_Inflammation_II.tar	https://www.synapse.org/Synapse:syn52360210				syn52360210	syn51365306				
EAS	CHCHD10	CHCHD10_Q8WYQ3_OID31116_v1_Neurology_II.tar	https://www.synapse.org/Synapse:syn52360125				syn52360125	syn51365306				
EAS	CHCHD6	CHCHD6_Q9BRQ6_OID31426_v1_Oncology_II.tar	https://www.synapse.org/Synapse:syn52360754				syn52360754	syn51365306				
EAS	CHEK2	CHEK2_O96017_OID20054_v1_Cardiometabolic.tar	https://www.synapse.org/Synapse:syn51527014				syn51527014	syn51365306				
EAS	CHGA	CHGA_P10645_OID30403_v1_Cardiometabolic_II.tar	https://www.synapse.org/Synapse:syn52360065				syn52360065	syn51365306				
EAS	CHGB	CHGB_P05060_OID21038_v1_Neurology.tar	https://www.synapse.org/Synapse:syn51527059				syn51527059	syn51365306				
EAS	CHI3L1	CHI3L1_P36222_OID20399_v1_Cardiometabolic.tar	https://www.synapse.org/Synapse:syn51526710				syn51526710	syn51365306				
EAS	CHIT1	CHIT1_Q13231_OID20312_v1_Cardiometabolic.tar	https://www.synapse.org/Synapse:syn51526755				syn51526755	syn51365306				
EAS	CHL1	CHL1_O00533_OID20366_v1_Cardiometabolic.tar	https://www.synapse.org/Synapse:syn51533230				syn51533230	syn51365306				
EAS	CHMP1A	CHMP1A_Q9HD42_OID20930_v1_Neurology.tar	https://www.synapse.org/Synapse:syn51526748				syn51526748	syn51365306				
EAS	CHMP6	CHMP6_Q96FZ7_OID30327_v1_Cardiometabolic_II.tar	https://www.synapse.org/Synapse:syn52360953				syn52360953	syn51365306				
EAS	CHM	CHM_P24386_OID30972_v1_Neurology_II.tar	https://www.synapse.org/Synapse:syn52359556				syn52359556	syn51365306				
EAS	CHP1	CHP1_Q99653_OID30869_v1_Neurology_II.tar	https://www.synapse.org/Synapse:syn52360185				syn52360185	syn51365306				
EAS	CHRDL1	CHRDL1_Q9BU40_OID20771_v1_Inflammation.tar	https://www.synapse.org/Synapse:syn51533249				syn51533249	syn51365306				
EAS	CHRDL2	CHRDL2_Q6WN34_OID20223_v1_Cardiometabolic.tar	https://www.synapse.org/Synapse:syn51526759				syn51526759	syn51365306				
EAS	CHRM1	CHRM1_P11229_OID30930_v1_Neurology_II.tar	https://www.synapse.org/Synapse:syn52360811				syn52360811	syn51365306				
EAS	CIAPIN1	CIAPIN1_Q6FI81_OID21501_v1_Oncology.tar	https://www.synapse.org/Synapse:syn51533697				syn51533697	syn51365306				
EAS	CILP	CILP_O75339_OID30399_v1_Cardiometabolic_II.tar	https://www.synapse.org/Synapse:syn52360519				syn52360519	syn51365306				
EAS	CINP	CINP_Q9BW66_OID31328_v1_Oncology_II.tar	https://www.synapse.org/Synapse:syn52360733				syn52360733	syn51365306				
EAS	CIRBP	CIRBP_Q14011_OID31503_v1_Oncology_II.tar	https://www.synapse.org/Synapse:syn52360847				syn52360847	syn51365306				
EAS	CIT	CIT_O14578_OID30970_v1_Neurology_II.tar	https://www.synapse.org/Synapse:syn52359891				syn52359891	syn51365306				
EAS	CKAP4	CKAP4_Q07065_OID20617_v1_Inflammation.tar	https://www.synapse.org/Synapse:syn51533154				syn51533154	syn51365306				
EAS	CKB	CKB_P12277_OID30400_v1_Cardiometabolic_II.tar	https://www.synapse.org/Synapse:syn52359745				syn52359745	syn51365306				
EAS	CKMT1A	CKMT1A_CKMT1B_P12532_OID20721_v1_Inflammation.tar	https://www.synapse.org/Synapse:syn51526562				syn51526562	syn51365306				
EAS	CLASP1	CLASP1_Q7Z460_OID31192_v1_Oncology_II.tar	https://www.synapse.org/Synapse:syn52361058				syn52361058	syn51365306				
EAS	CLC	CLC_Q05315_OID20126_v1_Cardiometabolic.tar	https://www.synapse.org/Synapse:syn51533667				syn51533667	syn51365306				
EAS	CLEC10A	CLEC10A_Q8IUN9_OID20928_v1_Neurology.tar	https://www.synapse.org/Synapse:syn51526667				syn51526667	syn51365306				
EAS	CLEC11A	CLEC11A_Q9Y240_OID21112_v1_Neurology.tar	https://www.synapse.org/Synapse:syn51533385				syn51533385	syn51365306				
EAS	CLEC12A	CLEC12A_Q5QGZ9_OID30552_v1_Inflammation_II.tar	https://www.synapse.org/Synapse:syn52359619				syn52359619	syn51365306				
EAS	CLEC14A	CLEC14A_Q86T13_OID21090_v1_Neurology.tar	https://www.synapse.org/Synapse:syn51533137				syn51533137	syn51365306				
EAS	CLEC1A	CLEC1A_Q8NC01_OID20099_v1_Cardiometabolic.tar	https://www.synapse.org/Synapse:syn51533301				syn51533301	syn51365306				
EAS	CLEC1B	CLEC1B_Q9P126_OID21061_v1_Neurology.tar	https://www.synapse.org/Synapse:syn51526936				syn51526936	syn51365306				
EAS	CLEC2L	CLEC2L_P0C7M8_OID30884_v1_Neurology_II.tar	https://www.synapse.org/Synapse:syn52360405				syn52360405	syn51365306				
EAS	CLEC3B	CLEC3B_P05452_OID30756_v1_Inflammation_II.tar	https://www.synapse.org/Synapse:syn52361101				syn52361101	syn51365306				
EAS	CLEC4A	CLEC4A_Q9UMR7_OID20573_v1_Inflammation.tar	https://www.synapse.org/Synapse:syn51526973				syn51526973	syn51365306				
EAS	CLEC4C	CLEC4C_Q8WTT0_OID20547_v1_Inflammation.tar	https://www.synapse.org/Synapse:syn51533086				syn51533086	syn51365306				
EAS	CLEC4D	CLEC4D_Q8WXI8_OID20609_v1_Inflammation.tar	https://www.synapse.org/Synapse:syn51533659				syn51533659	syn51365306				
EAS	CLEC4G	CLEC4G_Q6UXB4_OID20590_v1_Inflammation.tar	https://www.synapse.org/Synapse:syn51527199				syn51527199	syn51365306				
EAS	CLEC4M	CLEC4M_Q9H2X3_OID30405_v1_Cardiometabolic_II.tar	https://www.synapse.org/Synapse:syn52360987				syn52360987	syn51365306				
EAS	CLEC5A	CLEC5A_Q9NY25_OID20165_v1_Cardiometabolic.tar	https://www.synapse.org/Synapse:syn51527203				syn51527203	syn51365306				
EAS	CLEC6A	CLEC6A_Q6EIG7_OID21228_v1_Oncology.tar	https://www.synapse.org/Synapse:syn51533071				syn51533071	syn51365306				
EAS	CLEC7A	CLEC7A_Q9BXN2_OID20636_v1_Inflammation.tar	https://www.synapse.org/Synapse:syn51527282				syn51527282	syn51365306				
EAS	CLGN	CLGN_O14967_OID30957_v1_Neurology_II.tar	https://www.synapse.org/Synapse:syn52360707				syn52360707	syn51365306				
EAS	CLIC5	CLIC5_Q9NZA1_OID30890_v1_Neurology_II.tar	https://www.synapse.org/Synapse:syn52360333				syn52360333	syn51365306				
EAS	CLINT1	CLINT1_Q14677_OID31182_v1_Oncology_II.tar	https://www.synapse.org/Synapse:syn52359602				syn52359602	syn51365306				
EAS	CLIP2	CLIP2_Q9UDT6_OID20559_v1_Inflammation.tar	https://www.synapse.org/Synapse:syn51527237				syn51527237	syn51365306				
EAS	CLMP	CLMP_Q9H6B4_OID21419_v1_Oncology.tar	https://www.synapse.org/Synapse:syn51533684				syn51533684	syn51365306				
EAS	CLNS1A	CLNS1A_P54105_OID30929_v1_Neurology_II.tar	https://www.synapse.org/Synapse:syn52360303				syn52360303	syn51365306				
EAS	CLPP	CLPP_Q16740_OID20910_v1_Neurology.tar	https://www.synapse.org/Synapse:syn51533694				syn51533694	syn51365306				
EAS	CLPS	CLPS_P04118_OID21156_v1_Neurology.tar	https://www.synapse.org/Synapse:syn51527133				syn51527133	syn51365306				
EAS	CLSPN	CLSPN_Q9HAW4_OID20831_v1_Neurology.tar	https://www.synapse.org/Synapse:syn51533678				syn51533678	syn51365306				
EAS	CLSTN1	CLSTN1_O94985_OID20874_v1_Neurology.tar	https://www.synapse.org/Synapse:syn51533487				syn51533487	syn51365306				
EAS	CLSTN2	CLSTN2_Q9H4D0_OID20664_v1_Inflammation.tar	https://www.synapse.org/Synapse:syn51533199				syn51533199	syn51365306				
EAS	CLSTN3	CLSTN3_Q9BQT9_OID31092_v1_Neurology_II.tar	https://www.synapse.org/Synapse:syn52359878				syn52359878	syn51365306				
EAS	CLTA	CLTA_P09496_OID20118_v1_Cardiometabolic.tar	https://www.synapse.org/Synapse:syn51527150				syn51527150	syn51365306				
EAS	CLUL1	CLUL1_Q15846_OID20198_v1_Cardiometabolic.tar	https://www.synapse.org/Synapse:syn51532807				syn51532807	syn51365306				
EAS	CLU	CLU_P10909_OID30732_v1_Inflammation_II.tar	https://www.synapse.org/Synapse:syn52360507				syn52360507	syn51365306				
EAS	CMC1	CMC1_Q7Z7K0_OID30360_v1_Cardiometabolic_II.tar	https://www.synapse.org/Synapse:syn52359934				syn52359934	syn51365306				
EAS	CMIP	CMIP_Q8IY22_OID31406_v1_Oncology_II.tar	https://www.synapse.org/Synapse:syn52359612				syn52359612	syn51365306				
EAS	CNDP1	CNDP1_Q96KN2_OID20347_v1_Cardiometabolic.tar	https://www.synapse.org/Synapse:syn51527040				syn51527040	syn51365306				
EAS	CNGB3	CNGB3_Q9NQW8_OID30805_v1_Neurology_II.tar	https://www.synapse.org/Synapse:syn52359950				syn52359950	syn51365306				
EAS	CNPY2	CNPY2_Q9Y2B0_OID20069_v1_Cardiometabolic.tar	https://www.synapse.org/Synapse:syn51533558				syn51533558	syn51365306				
EAS	CNPY4	CNPY4_Q8N129_OID21317_v1_Oncology.tar	https://www.synapse.org/Synapse:syn51531542				syn51531542	syn51365306				
EAS	CNP	CNP_P09543_OID30285_v1_Cardiometabolic_II.tar	https://www.synapse.org/Synapse:syn52359752				syn52359752	syn51365306				
EAS	CNST	CNST_Q6PJW8_OID20127_v1_Cardiometabolic.tar	https://www.synapse.org/Synapse:syn51526762				syn51526762	syn51365306				
EAS	CNTF	CNTF_P26441_OID30807_v1_Neurology_II.tar	https://www.synapse.org/Synapse:syn52360683				syn52360683	syn51365306				
EAS	CNTN1	CNTN1_Q12860_OID20307_v1_Cardiometabolic.tar	https://www.synapse.org/Synapse:syn51531090				syn51531090	syn51365306				
EAS	CNTN2	CNTN2_Q02246_OID21426_v1_Oncology.tar	https://www.synapse.org/Synapse:syn51533128				syn51533128	syn51365306				
EAS	CNTN3	CNTN3_Q9P232_OID21092_v1_Neurology.tar	https://www.synapse.org/Synapse:syn51533476				syn51533476	syn51365306				
EAS	CNTN4	CNTN4_Q8IWV2_OID21117_v1_Neurology.tar	https://www.synapse.org/Synapse:syn51533471				syn51533471	syn51365306				
EAS	CNTN5	CNTN5_O94779_OID21006_v1_Neurology.tar	https://www.synapse.org/Synapse:syn51526551				syn51526551	syn51365306				
EAS	CNTNAP2	CNTNAP2_Q9UHC6_OID20556_v1_Inflammation.tar	https://www.synapse.org/Synapse:syn51526580				syn51526580	syn51365306				
EAS	CNTNAP4	CNTNAP4_Q9C0A0_OID30911_v1_Neurology_II.tar	https://www.synapse.org/Synapse:syn52360119				syn52360119	syn51365306				
EAS	COCH	COCH_O43405_OID30305_v1_Cardiometabolic_II.tar	https://www.synapse.org/Synapse:syn52360542				syn52360542	syn51365306				
EAS	COL15A1	COL15A1_P39059_OID30396_v1_Cardiometabolic_II.tar	https://www.synapse.org/Synapse:syn52360817				syn52360817	syn51365306				
EAS	COL18A1	COL18A1_P39060_OID20332_v1_Cardiometabolic.tar	https://www.synapse.org/Synapse:syn51526730				syn51526730	syn51365306				
EAS	COL1A1	COL1A1_P02452_OID20335_v1_Cardiometabolic.tar	https://www.synapse.org/Synapse:syn51533704				syn51533704	syn51365306				
EAS	COL24A1	COL24A1_Q17RW2_OID31464_v1_Oncology_II.tar	https://www.synapse.org/Synapse:syn52359733				syn52359733	syn51365306				
EAS	COL28A1	COL28A1_Q2UY09_OID30969_v1_Neurology_II.tar	https://www.synapse.org/Synapse:syn52359927				syn52359927	syn51365306				
EAS	COL2A1	COL2A1_P02458_OID30286_v1_Cardiometabolic_II.tar	https://www.synapse.org/Synapse:syn52360565				syn52360565	syn51365306				
EAS	COL3A1	COL3A1_P02461_OID30379_v1_Cardiometabolic_II.tar	https://www.synapse.org/Synapse:syn52360148				syn52360148	syn51365306				
EAS	COL4A1	COL4A1_P02462_OID20208_v1_Cardiometabolic.tar	https://www.synapse.org/Synapse:syn51532508				syn51532508	syn51365306				
EAS	COL4A4	COL4A4_P53420_OID31333_v1_Oncology_II.tar	https://www.synapse.org/Synapse:syn52360018				syn52360018	syn51365306				
EAS	COL5A1	COL5A1_P20908_OID30587_v1_Inflammation_II.tar	https://www.synapse.org/Synapse:syn52360961				syn52360961	syn51365306				
EAS	COL6A3	COL6A3_P12111_OID20292_v1_Cardiometabolic.tar	https://www.synapse.org/Synapse:syn51533718				syn51533718	syn51365306				
EAS	COL9A1	COL9A1_P20849_OID20550_v1_Inflammation.tar	https://www.synapse.org/Synapse:syn51533698				syn51533698	syn51365306				
EAS	COL9A2	COL9A2_Q14055_OID31255_v1_Oncology_II.tar	https://www.synapse.org/Synapse:syn52359727				syn52359727	syn51365306				
EAS	COLEC12	COLEC12_Q5KU26_OID20738_v1_Inflammation.tar	https://www.synapse.org/Synapse:syn51527323				syn51527323	syn51365306				
EAS	COMMD1	COMMD1_Q8N668_OID30222_v1_Cardiometabolic_II.tar	https://www.synapse.org/Synapse:syn52361122				syn52361122	syn51365306				
EAS	COMMD9	COMMD9_Q9P000_OID31390_v1_Oncology_II.tar	https://www.synapse.org/Synapse:syn52361139				syn52361139	syn51365306				
EAS	COMP	COMP_P49747_OID20405_v1_Cardiometabolic.tar	https://www.synapse.org/Synapse:syn51533382				syn51533382	syn51365306				
EAS	COMT	COMT_P21964_OID20086_v1_Cardiometabolic.tar	https://www.synapse.org/Synapse:syn51526666				syn51526666	syn51365306				
EAS	COPB2	COPB2_P35606_OID30173_v1_Cardiometabolic_II.tar	https://www.synapse.org/Synapse:syn52359813				syn52359813	syn51365306				
EAS	COPE	COPE_O14579_OID20797_v1_Neurology.tar	https://www.synapse.org/Synapse:syn51533187				syn51533187	syn51365306				
EAS	COQ7	COQ7_Q99807_OID30217_v1_Cardiometabolic_II.tar	https://www.synapse.org/Synapse:syn52361177				syn52361177	syn51365306				
EAS	CORO1A	CORO1A_P31146_OID20286_v1_Cardiometabolic.tar	https://www.synapse.org/Synapse:syn51533165				syn51533165	syn51365306				
EAS	CORO6	CORO6_Q6QEF8_OID30870_v1_Neurology_II.tar	https://www.synapse.org/Synapse:syn52360041				syn52360041	syn51365306				
EAS	COX5B	COX5B_P10606_OID21297_v1_Oncology.tar	https://www.synapse.org/Synapse:syn51533483				syn51533483	syn51365306				
EAS	COX6B1	COX6B1_P14854_OID30317_v1_Cardiometabolic_II.tar	https://www.synapse.org/Synapse:syn52360862				syn52360862	syn51365306				
EAS	CPA1	CPA1_P15085_OID20280_v1_Cardiometabolic.tar	https://www.synapse.org/Synapse:syn51533164				syn51533164	syn51365306				
EAS	CPA2	CPA2_P48052_OID21060_v1_Neurology.tar	https://www.synapse.org/Synapse:syn51526967				syn51526967	syn51365306				
EAS	CPA4	CPA4_Q9UI42_OID30606_v1_Inflammation_II.tar	https://www.synapse.org/Synapse:syn52361117				syn52361117	syn51365306				
EAS	CPB1	CPB1_P15086_OID20289_v1_Cardiometabolic.tar	https://www.synapse.org/Synapse:syn51533613				syn51533613	syn51365306				
EAS	CPB2	CPB2_Q96IY4_OID30734_v1_Inflammation_II.tar	https://www.synapse.org/Synapse:syn52360509				syn52360509	syn51365306				
EAS	CPE	CPE_P16870_OID21392_v1_Oncology.tar	https://www.synapse.org/Synapse:syn51526706				syn51526706	syn51365306				
EAS	CPLX2	CPLX2_Q6PUV4_OID31186_v1_Oncology_II.tar	https://www.synapse.org/Synapse:syn52360223				syn52360223	syn51365306				
EAS	CPM	CPM_P14384_OID21054_v1_Neurology.tar	https://www.synapse.org/Synapse:syn51533588				syn51533588	syn51365306				
EAS	CPOX	CPOX_P36551_OID30495_v1_Inflammation_II.tar	https://www.synapse.org/Synapse:syn52360449				syn52360449	syn51365306				
EAS	CPPED1	CPPED1_Q9BRF8_OID21053_v1_Neurology.tar	https://www.synapse.org/Synapse:syn51526531				syn51526531	syn51365306				
EAS	CPQ	CPQ_Q9Y646_OID30406_v1_Cardiometabolic_II.tar	https://www.synapse.org/Synapse:syn52360969				syn52360969	syn51365306				
EAS	CPTP	CPTP_Q5TA50_OID30106_v1_Cardiometabolic_II.tar	https://www.synapse.org/Synapse:syn52359768				syn52359768	syn51365306				
EAS	CPVL	CPVL_Q9H3G5_OID21435_v1_Oncology.tar	https://www.synapse.org/Synapse:syn51533068				syn51533068	syn51365306				
EAS	CPXM1	CPXM1_Q96SM3_OID21479_v1_Oncology.tar	https://www.synapse.org/Synapse:syn51533308				syn51533308	syn51365306				
EAS	CPXM2	CPXM2_Q8N436_OID30322_v1_Cardiometabolic_II.tar	https://www.synapse.org/Synapse:syn52359955				syn52359955	syn51365306				
EAS	CR1	CR1_P17927_OID30697_v1_Inflammation_II.tar	https://www.synapse.org/Synapse:syn52361186				syn52361186	syn51365306				
EAS	CR2	CR2_P20023_OID20393_v1_Cardiometabolic.tar	https://www.synapse.org/Synapse:syn51533567				syn51533567	syn51365306				
EAS	CRACR2A	CRACR2A_Q9BSW2_OID21249_v1_Oncology.tar	https://www.synapse.org/Synapse:syn51527317				syn51527317	syn51365306				
EAS	CRADD	CRADD_P78560_OID20923_v1_Neurology.tar	https://www.synapse.org/Synapse:syn51526876				syn51526876	syn51365306				
EAS	CREB3	CREB3_O43889_OID31188_v1_Oncology_II.tar	https://www.synapse.org/Synapse:syn52361098				syn52361098	syn51365306				
EAS	CREBZF	CREBZF_Q9NS37_OID31206_v1_Oncology_II.tar	https://www.synapse.org/Synapse:syn52360153				syn52360153	syn51365306				
EAS	CREG1	CREG1_O75629_OID21515_v1_Oncology.tar	https://www.synapse.org/Synapse:syn51533084				syn51533084	syn51365306				
EAS	CRELD1	CRELD1_Q96HD1_OID30619_v1_Inflammation_II.tar	https://www.synapse.org/Synapse:syn52359788				syn52359788	syn51365306				
EAS	CRELD2	CRELD2_Q6UXH1_OID20751_v1_Inflammation.tar	https://www.synapse.org/Synapse:syn51533231				syn51533231	syn51365306				
EAS	CRHBP	CRHBP_P24387_OID20747_v1_Inflammation.tar	https://www.synapse.org/Synapse:syn51527196				syn51527196	syn51365306				
EAS	CRHR1	CRHR1_P34998_OID20055_v1_Cardiometabolic.tar	https://www.synapse.org/Synapse:syn51526865				syn51526865	syn51365306				
EAS	CRH	CRH_P06850_OID21257_v1_Oncology.tar	https://www.synapse.org/Synapse:syn51526749				syn51526749	syn51365306				
EAS	CRIM1	CRIM1_Q9NZV1_OID20701_v1_Inflammation.tar	https://www.synapse.org/Synapse:syn51533602				syn51533602	syn51365306				
EAS	CRIP2	CRIP2_P52943_OID20901_v1_Neurology.tar	https://www.synapse.org/Synapse:syn51533108				syn51533108	syn51365306				
EAS	CRISP2	CRISP2_P16562_OID21456_v1_Oncology.tar	https://www.synapse.org/Synapse:syn51526620				syn51526620	syn51365306				
EAS	CRISP3	CRISP3_P54108_OID30715_v1_Inflammation_II.tar	https://www.synapse.org/Synapse:syn52360883				syn52360883	syn51365306				
EAS	CRKL	CRKL_P46109_OID20742_v1_Inflammation.tar	https://www.synapse.org/Synapse:syn51533376				syn51533376	syn51365306				
EAS	CRLF1	CRLF1_O75462_OID20699_v1_Inflammation.tar	https://www.synapse.org/Synapse:syn51527105				syn51527105	syn51365306				
EAS	CRNN	CRNN_Q9UBG3_OID21427_v1_Oncology.tar	https://www.synapse.org/Synapse:syn51527162				syn51527162	syn51365306				
EAS	CRTAC1	CRTAC1_Q9NQ79_OID20279_v1_Cardiometabolic.tar	https://www.synapse.org/Synapse:syn51527134				syn51527134	syn51365306				
EAS	CRTAM	CRTAM_O95727_OID20914_v1_Neurology.tar	https://www.synapse.org/Synapse:syn51533324				syn51533324	syn51365306				
EAS	CRTAP	CRTAP_O75718_OID30902_v1_Neurology_II.tar	https://www.synapse.org/Synapse:syn52360630				syn52360630	syn51365306				
EAS	CRX	CRX_O43186_OID20070_v1_Cardiometabolic.tar	https://www.synapse.org/Synapse:syn51533363				syn51533363	syn51365306				
EAS	CRYBB1	CRYBB1_P53674_OID30319_v1_Cardiometabolic_II.tar	https://www.synapse.org/Synapse:syn52360136				syn52360136	syn51365306				
EAS	CRYBB2	CRYBB2_P43320_OID31081_v1_Neurology_II.tar	https://www.synapse.org/Synapse:syn52359814				syn52359814	syn51365306				
EAS	CRYGD	CRYGD_P07320_OID31144_v1_Neurology_II.tar	https://www.synapse.org/Synapse:syn52360159				syn52360159	syn51365306				
EAS	CRYM	CRYM_Q14894_OID30815_v1_Neurology_II.tar	https://www.synapse.org/Synapse:syn52360014				syn52360014	syn51365306				
EAS	CRYZL1	CRYZL1_O95825_OID30272_v1_Cardiometabolic_II.tar	https://www.synapse.org/Synapse:syn52360367				syn52360367	syn51365306				
EAS	CSDE1	CSDE1_O75534_OID30183_v1_Cardiometabolic_II.tar	https://www.synapse.org/Synapse:syn52361014				syn52361014	syn51365306				
EAS	CSF1R	CSF1R_P07333_OID30681_v1_Inflammation_II.tar	https://www.synapse.org/Synapse:syn52360661				syn52360661	syn51365306				
EAS	CSF1	CSF1_P09603_OID20719_v1_Inflammation.tar	https://www.synapse.org/Synapse:syn51527315				syn51527315	syn51365306				
EAS	CSF2RA	CSF2RA_P15509_OID20915_v1_Neurology.tar	https://www.synapse.org/Synapse:syn51533431				syn51533431	syn51365306				
EAS	CSF2RB	CSF2RB_P32927_OID30553_v1_Inflammation_II.tar	https://www.synapse.org/Synapse:syn52360971				syn52360971	syn51365306				
EAS	CSF2	CSF2_P04141_OID30072_v1_Cardiometabolic_II.tar	https://www.synapse.org/Synapse:syn52360905				syn52360905	syn51365306				
EAS	CSF3R	CSF3R_Q99062_OID30527_v1_Inflammation_II.tar	https://www.synapse.org/Synapse:syn52360498				syn52360498	syn51365306				
EAS	CSF3	CSF3_P09919_OID20491_v1_Inflammation.tar	https://www.synapse.org/Synapse:syn51527179				syn51527179	syn51365306				
EAS	CSH1	CSH1_P0DML2_OID30667_v1_Inflammation_II.tar	https://www.synapse.org/Synapse:syn52359759				syn52359759	syn51365306				
EAS	CSNK1D	CSNK1D_P48730_OID30492_v1_Inflammation_II.tar	https://www.synapse.org/Synapse:syn52360231				syn52360231	syn51365306				
EAS	CSNK2A1	CSNK2A1_P68400_OID31053_v1_Neurology_II.tar	https://www.synapse.org/Synapse:syn52360412				syn52360412	syn51365306				
EAS	CSPG4	CSPG4_Q6UVK1_OID30397_v1_Cardiometabolic_II.tar	https://www.synapse.org/Synapse:syn52361151				syn52361151	syn51365306				
EAS	CSPG5	CSPG5_O95196_OID30843_v1_Neurology_II.tar	https://www.synapse.org/Synapse:syn52360942				syn52360942	syn51365306				
EAS	CSRP3	CSRP3_P50461_OID30176_v1_Cardiometabolic_II.tar	https://www.synapse.org/Synapse:syn52361167				syn52361167	syn51365306				
EAS	CST1	CST1_P01037_OID30581_v1_Inflammation_II.tar	https://www.synapse.org/Synapse:syn52360941				syn52360941	syn51365306				
EAS	CST3	CST3_P01034_OID20400_v1_Cardiometabolic.tar	https://www.synapse.org/Synapse:syn51533691				syn51533691	syn51365306				
EAS	CST5	CST5_P28325_OID20995_v1_Neurology.tar	https://www.synapse.org/Synapse:syn51533194				syn51533194	syn51365306				
EAS	CST6	CST6_Q15828_OID20293_v1_Cardiometabolic.tar	https://www.synapse.org/Synapse:syn51533650				syn51533650	syn51365306				
EAS	CST7	CST7_O76096_OID20704_v1_Inflammation.tar	https://www.synapse.org/Synapse:syn51526552				syn51526552	syn51365306				
EAS	CSTB	CSTB_P04080_OID20294_v1_Cardiometabolic.tar	https://www.synapse.org/Synapse:syn51526595				syn51526595	syn51365306				
EAS	CTAG1A	CTAG1A_CTAG1B_P78358_OID31299_v1_Oncology_II.tar	https://www.synapse.org/Synapse:syn52359767				syn52359767	syn51365306				
EAS	CTBS	CTBS_Q01459_OID30710_v1_Inflammation_II.tar	https://www.synapse.org/Synapse:syn52360856				syn52360856	syn51365306				
EAS	CTF1	CTF1_Q16619_OID20061_v1_Cardiometabolic.tar	https://www.synapse.org/Synapse:syn51533021				syn51533021	syn51365306				
EAS	CTHRC1	CTHRC1_Q96CG8_OID30393_v1_Cardiometabolic_II.tar	https://www.synapse.org/Synapse:syn52359945				syn52359945	syn51365306				
EAS	CTLA4	CTLA4_P16410_OID30363_v1_Cardiometabolic_II.tar	https://www.synapse.org/Synapse:syn52359560				syn52359560	syn51365306				
EAS	CTNNA1	CTNNA1_P35221_OID30800_v1_Neurology_II.tar	https://www.synapse.org/Synapse:syn52360048				syn52360048	syn51365306				
EAS	CTRB1	CTRB1_P17538_OID21150_v1_Neurology.tar	https://www.synapse.org/Synapse:syn51533408				syn51533408	syn51365306				
EAS	CTRC	CTRC_Q99895_OID20752_v1_Inflammation.tar	https://www.synapse.org/Synapse:syn51533416				syn51533416	syn51365306				
EAS	CTRL	CTRL_P40313_OID31157_v1_Neurology_II.tar	https://www.synapse.org/Synapse:syn52359876				syn52359876	syn51365306				
EAS	CTSB	CTSB_P07858_OID20276_v1_Cardiometabolic.tar	https://www.synapse.org/Synapse:syn51533371				syn51533371	syn51365306				
EAS	CTSC	CTSC_P53634_OID20679_v1_Inflammation.tar	https://www.synapse.org/Synapse:syn51533589				syn51533589	syn51365306				
EAS	CTSD	CTSD_P07339_OID20358_v1_Cardiometabolic.tar	https://www.synapse.org/Synapse:syn51527109				syn51527109	syn51365306				
EAS	CTSE	CTSE_P14091_OID30628_v1_Inflammation_II.tar	https://www.synapse.org/Synapse:syn52360624				syn52360624	syn51365306				
EAS	CTSF	CTSF_Q9UBX1_OID21500_v1_Oncology.tar	https://www.synapse.org/Synapse:syn51533552				syn51533552	syn51365306				
EAS	CTSH	CTSH_P09668_OID20113_v1_Cardiometabolic.tar	https://www.synapse.org/Synapse:syn51526699				syn51526699	syn51365306				
EAS	CTSL	CTSL_P07711_OID20228_v1_Cardiometabolic.tar	https://www.synapse.org/Synapse:syn51527234				syn51527234	syn51365306				
EAS	CTSO	CTSO_P43234_OID20660_v1_Inflammation.tar	https://www.synapse.org/Synapse:syn51533226				syn51533226	syn51365306				
EAS	CTSS	CTSS_P25774_OID21056_v1_Neurology.tar	https://www.synapse.org/Synapse:syn51526898				syn51526898	syn51365306				
EAS	CTSV	CTSV_O60911_OID21405_v1_Oncology.tar	https://www.synapse.org/Synapse:syn51533413				syn51533413	syn51365306				
EAS	CTSZ	CTSZ_Q9UBR2_OID20365_v1_Cardiometabolic.tar	https://www.synapse.org/Synapse:syn51533366				syn51533366	syn51365306				
EAS	CUZD1	CUZD1_Q86UP6_OID30914_v1_Neurology_II.tar	https://www.synapse.org/Synapse:syn52360814				syn52360814	syn51365306				
EAS	CWC15	CWC15_Q9P013_OID31479_v1_Oncology_II.tar	https://www.synapse.org/Synapse:syn52361143				syn52361143	syn51365306				
EAS	CX3CL1	CX3CL1_P78423_OID20976_v1_Neurology.tar	https://www.synapse.org/Synapse:syn51527200				syn51527200	syn51365306				
EAS	CXADR	CXADR_P78310_OID20561_v1_Inflammation.tar	https://www.synapse.org/Synapse:syn51526893				syn51526893	syn51365306				
EAS	CXCL10	CXCL10_P02778_OID20697_v1_Inflammation.tar	https://www.synapse.org/Synapse:syn51526544				syn51526544	syn51365306				
EAS	CXCL11	CXCL11_O14625_OID21042_v1_Neurology.tar	https://www.synapse.org/Synapse:syn51526639				syn51526639	syn51365306				
EAS	CXCL12	CXCL12_P48061_OID20464_v1_Inflammation.tar	https://www.synapse.org/Synapse:syn51527020				syn51527020	syn51365306				
EAS	CXCL13	CXCL13_O43927_OID21024_v1_Neurology.tar	https://www.synapse.org/Synapse:syn51527099				syn51527099	syn51365306				
EAS	CXCL14	CXCL14_O95715_OID20458_v1_Inflammation.tar	https://www.synapse.org/Synapse:syn51533660				syn51533660	syn51365306				
EAS	CXCL16	CXCL16_Q9H2A7_OID20282_v1_Cardiometabolic.tar	https://www.synapse.org/Synapse:syn51533333				syn51533333	syn51365306				
EAS	CXCL17	CXCL17_Q6UXB2_OID20622_v1_Inflammation.tar	https://www.synapse.org/Synapse:syn51527318				syn51527318	syn51365306				
EAS	CXCL1	CXCL1_P09341_OID20762_v1_Inflammation.tar	https://www.synapse.org/Synapse:syn51527224				syn51527224	syn51365306				
EAS	CXCL3	CXCL3_P19876_OID20788_v1_Inflammation.tar	https://www.synapse.org/Synapse:syn51529517				syn51529517	syn51365306				
EAS	CXCL5	CXCL5_P42830_OID20207_v1_Cardiometabolic.tar	https://www.synapse.org/Synapse:syn51533102				syn51533102	syn51365306				
EAS	CXCL6	CXCL6_P80162_OID20613_v1_Inflammation.tar	https://www.synapse.org/Synapse:syn51527299				syn51527299	syn51365306				
EAS	CXCL8	CXCL8_P10145_OID20153_v1_Cardiometabolic.tar	https://www.synapse.org/Synapse:syn51533316				syn51533316	syn51365306				
EAS	CXCL8	CXCL8_P10145_OID20631_v1_Inflammation.tar	https://www.synapse.org/Synapse:syn51533721				syn51533721	syn51365306				
EAS	CXCL8	CXCL8_P10145_OID20997_v1_Neurology.tar	https://www.synapse.org/Synapse:syn51533049				syn51533049	syn51365306				
EAS	CXCL8	CXCL8_P10145_OID21430_v1_Oncology.tar	https://www.synapse.org/Synapse:syn51533202				syn51533202	syn51365306				
EAS	CXCL9	CXCL9_Q07325_OID20675_v1_Inflammation.tar	https://www.synapse.org/Synapse:syn51529010				syn51529010	syn51365306				
EAS	CYB5A	CYB5A_P00167_OID31171_v1_Oncology_II.tar	https://www.synapse.org/Synapse:syn52360207				syn52360207	syn51365306				
EAS	CYB5R2	CYB5R2_Q6BCY4_OID31512_v1_Oncology_II.tar	https://www.synapse.org/Synapse:syn52361032				syn52361032	syn51365306				
EAS	CYP24A1	CYP24A1_Q07973_OID30091_v1_Cardiometabolic_II.tar	https://www.synapse.org/Synapse:syn52360775				syn52360775	syn51365306				
EAS	CYTH3	CYTH3_O43739_OID31208_v1_Oncology_II.tar	https://www.synapse.org/Synapse:syn52360597				syn52360597	syn51365306				
EAS	CYTL1	CYTL1_Q9NRR1_OID30374_v1_Cardiometabolic_II.tar	https://www.synapse.org/Synapse:syn52360401				syn52360401	syn51365306				
EAS	DAAM1	DAAM1_Q9Y4D1_OID30664_v1_Inflammation_II.tar	https://www.synapse.org/Synapse:syn52360027				syn52360027	syn51365306				
EAS	DAB2	DAB2_P98082_OID21428_v1_Oncology.tar	https://www.synapse.org/Synapse:syn51527269				syn51527269	syn51365306				
EAS	DAG1	DAG1_Q14118_OID20774_v1_Inflammation.tar	https://www.synapse.org/Synapse:syn51533677				syn51533677	syn51365306				
EAS	DAND5	DAND5_Q8N907_OID30420_v1_Inflammation_II.tar	https://www.synapse.org/Synapse:syn52360341				syn52360341	syn51365306				
EAS	DAPK2	DAPK2_Q9UIK4_OID30505_v1_Inflammation_II.tar	https://www.synapse.org/Synapse:syn52360995				syn52360995	syn51365306				
EAS	DAPP1	DAPP1_Q9UN19_OID20524_v1_Inflammation.tar	https://www.synapse.org/Synapse:syn51533720				syn51533720	syn51365306				
EAS	DARS1	DARS1_P14868_OID20903_v1_Neurology.tar	https://www.synapse.org/Synapse:syn51533291				syn51533291	syn51365306				
EAS	DBH	DBH_P09172_OID30703_v1_Inflammation_II.tar	https://www.synapse.org/Synapse:syn52360794				syn52360794	syn51365306				
EAS	DBI	DBI_P07108_OID21143_v1_Neurology.tar	https://www.synapse.org/Synapse:syn51526971				syn51526971	syn51365306				
EAS	DBN1	DBN1_Q16643_OID30549_v1_Inflammation_II.tar	https://www.synapse.org/Synapse:syn52360251				syn52360251	syn51365306				
EAS	DBNL	DBNL_Q9UJU6_OID20681_v1_Inflammation.tar	https://www.synapse.org/Synapse:syn51529832				syn51529832	syn51365306				
EAS	DCBLD2	DCBLD2_Q96PD2_OID21474_v1_Oncology.tar	https://www.synapse.org/Synapse:syn51531150				syn51531150	syn51365306				
EAS	DCC	DCC_P43146_OID30953_v1_Neurology_II.tar	https://www.synapse.org/Synapse:syn52359988				syn52359988	syn51365306				
EAS	DCDC2C	DCDC2C_A8MYV0_OID31235_v1_Oncology_II.tar	https://www.synapse.org/Synapse:syn52360058				syn52360058	syn51365306				
EAS	DCLRE1C	DCLRE1C_Q96SD1_OID31240_v1_Oncology_II.tar	https://www.synapse.org/Synapse:syn52360922				syn52360922	syn51365306				
EAS	DCN	DCN_P07585_OID20106_v1_Cardiometabolic.tar	https://www.synapse.org/Synapse:syn51526793				syn51526793	syn51365306				
EAS	DCTD	DCTD_P32321_OID30657_v1_Inflammation_II.tar	https://www.synapse.org/Synapse:syn52360910				syn52360910	syn51365306				
EAS	DCTN1	DCTN1_Q14203_OID21399_v1_Oncology.tar	https://www.synapse.org/Synapse:syn51528391				syn51528391	syn51365306				
EAS	DCTN2	DCTN2_Q13561_OID21334_v1_Oncology.tar	https://www.synapse.org/Synapse:syn51526572				syn51526572	syn51365306				
EAS	DCTN6	DCTN6_O00399_OID20879_v1_Neurology.tar	https://www.synapse.org/Synapse:syn51533394				syn51533394	syn51365306				
EAS	DCTPP1	DCTPP1_Q9H773_OID20148_v1_Cardiometabolic.tar	https://www.synapse.org/Synapse:syn51526532				syn51526532	syn51365306				
EAS	DCUN1D1	DCUN1D1_Q96GG9_OID30830_v1_Neurology_II.tar	https://www.synapse.org/Synapse:syn52360949				syn52360949	syn51365306				
EAS	DCUN1D2	DCUN1D2_Q6PH85_OID31231_v1_Oncology_II.tar	https://www.synapse.org/Synapse:syn52360021				syn52360021	syn51365306				
EAS	DCXR	DCXR_Q7Z4W1_OID21480_v1_Oncology.tar	https://www.synapse.org/Synapse:syn51526717				syn51526717	syn51365306				
EAS	DDA1	DDA1_Q9BW61_OID30126_v1_Cardiometabolic_II.tar	https://www.synapse.org/Synapse:syn52360261				syn52360261	syn51365306				
EAS	DDAH1	DDAH1_O94760_OID21299_v1_Oncology.tar	https://www.synapse.org/Synapse:syn51527064				syn51527064	syn51365306				
EAS	DDC	DDC_P20711_OID20215_v1_Cardiometabolic.tar	https://www.synapse.org/Synapse:syn51533247				syn51533247	syn51365306				
EAS	DDHD2	DDHD2_O94830_OID31043_v1_Neurology_II.tar	https://www.synapse.org/Synapse:syn52359978				syn52359978	syn51365306				
EAS	DDI2	DDI2_Q5TDH0_OID30602_v1_Inflammation_II.tar	https://www.synapse.org/Synapse:syn52359675				syn52359675	syn51365306				
EAS	DDR1	DDR1_Q08345_OID21009_v1_Neurology.tar	https://www.synapse.org/Synapse:syn51526855				syn51526855	syn51365306				
EAS	DDT	DDT_P30046_OID30372_v1_Cardiometabolic_II.tar	https://www.synapse.org/Synapse:syn52360668				syn52360668	syn51365306				
EAS	DDX1	DDX1_Q92499_OID31518_v1_Oncology_II.tar	https://www.synapse.org/Synapse:syn52359546				syn52359546	syn51365306				
EAS	DDX25	DDX25_Q9UHL0_OID30892_v1_Neurology_II.tar	https://www.synapse.org/Synapse:syn52360432				syn52360432	syn51365306				
EAS	DDX39A	DDX39A_O00148_OID30494_v1_Inflammation_II.tar	https://www.synapse.org/Synapse:syn52360356				syn52360356	syn51365306				
EAS	DDX4	DDX4_Q9NQI0_OID30431_v1_Inflammation_II.tar	https://www.synapse.org/Synapse:syn52359538				syn52359538	syn51365306				
EAS	DDX53	DDX53_Q86TM3_OID30944_v1_Neurology_II.tar	https://www.synapse.org/Synapse:syn52361134				syn52361134	syn51365306				
EAS	DDX58	DDX58_O95786_OID21226_v1_Oncology.tar	https://www.synapse.org/Synapse:syn51526924				syn51526924	syn51365306				
EAS	DECR1	DECR1_Q16698_OID20579_v1_Inflammation.tar	https://www.synapse.org/Synapse:syn51527038				syn51527038	syn51365306				
EAS	DEFA1	DEFA1_DEFA1B_P59665_OID20344_v1_Cardiometabolic.tar	https://www.synapse.org/Synapse:syn51533147				syn51533147	syn51365306				
EAS	DEFB103A	DEFB103A_DEFB103B_P81534_OID30534_v1_Inflammation_II.tar	https://www.synapse.org/Synapse:syn52360904				syn52360904	syn51365306				
EAS	DEFB104A	DEFB104A_DEFB104B_Q8WTQ1_OID30849_v1_Neurology_II.tar	https://www.synapse.org/Synapse:syn52360735				syn52360735	syn51365306				
EAS	DEFB116	DEFB116_Q30KQ4_OID30823_v1_Neurology_II.tar	https://www.synapse.org/Synapse:syn52360702				syn52360702	syn51365306				
EAS	DEFB118	DEFB118_Q96PH6_OID30858_v1_Neurology_II.tar	https://www.synapse.org/Synapse:syn52360895				syn52360895	syn51365306				
EAS	DEFB4A	DEFB4A_DEFB4B_O15263_OID21373_v1_Oncology.tar	https://www.synapse.org/Synapse:syn51526963				syn51526963	syn51365306				
EAS	DENND2B	DENND2B_P78524_OID30050_v1_Cardiometabolic_II.tar	https://www.synapse.org/Synapse:syn52359620				syn52359620	syn51365306				
EAS	DENR	DENR_O43583_OID30493_v1_Inflammation_II.tar	https://www.synapse.org/Synapse:syn52361212				syn52361212	syn51365306				
EAS	DFFA	DFFA_O00273_OID20620_v1_Inflammation.tar	https://www.synapse.org/Synapse:syn51530698				syn51530698	syn51365306				
EAS	DGCR6	DGCR6_Q14129_OID30859_v1_Neurology_II.tar	https://www.synapse.org/Synapse:syn52360909				syn52360909	syn51365306				
EAS	DGKA	DGKA_P23743_OID30546_v1_Inflammation_II.tar	https://www.synapse.org/Synapse:syn52360881				syn52360881	syn51365306				
EAS	DGKZ	DGKZ_Q13574_OID20466_v1_Inflammation.tar	https://www.synapse.org/Synapse:syn51533168				syn51533168	syn51365306				
EAS	DHODH	DHODH_Q02127_OID30137_v1_Cardiometabolic_II.tar	https://www.synapse.org/Synapse:syn52360798				syn52360798	syn51365306				
EAS	DHPS	DHPS_P49366_OID31357_v1_Oncology_II.tar	https://www.synapse.org/Synapse:syn52360250				syn52360250	syn51365306				
EAS	DHRS4L2	DHRS4L2_Q6PKH6_OID31072_v1_Neurology_II.tar	https://www.synapse.org/Synapse:syn52360759				syn52360759	syn51365306				
EAS	DIABLO	DIABLO_Q9NR28_OID20184_v1_Cardiometabolic.tar	https://www.synapse.org/Synapse:syn51533542				syn51533542	syn51365306				
EAS	DIPK1C	DIPK1C_Q0P6D2_OID30932_v1_Neurology_II.tar	https://www.synapse.org/Synapse:syn52360837				syn52360837	syn51365306				
EAS	DIPK2B	DIPK2B_Q9H7Y0_OID30582_v1_Inflammation_II.tar	https://www.synapse.org/Synapse:syn52359687				syn52359687	syn51365306				
EAS	DKK1	DKK1_O94907_OID21066_v1_Neurology.tar	https://www.synapse.org/Synapse:syn51526537				syn51526537	syn51365306				
EAS	DKK3	DKK3_Q9UBP4_OID20264_v1_Cardiometabolic.tar	https://www.synapse.org/Synapse:syn51529097				syn51529097	syn51365306				
EAS	DKK4	DKK4_Q9UBT3_OID20934_v1_Neurology.tar	https://www.synapse.org/Synapse:syn51533474				syn51533474	syn51365306				
EAS	DKKL1	DKKL1_Q9UK85_OID21313_v1_Oncology.tar	https://www.synapse.org/Synapse:syn51526679				syn51526679	syn51365306				
EAS	DLG4	DLG4_P78352_OID31071_v1_Neurology_II.tar	https://www.synapse.org/Synapse:syn52359966				syn52359966	syn51365306				
EAS	DLGAP5	DLGAP5_Q15398_OID30976_v1_Neurology_II.tar	https://www.synapse.org/Synapse:syn52360276				syn52360276	syn51365306				
EAS	DLK1	DLK1_P80370_OID20295_v1_Cardiometabolic.tar	https://www.synapse.org/Synapse:syn51527009				syn51527009	syn51365306				
EAS	DLL1	DLL1_O00548_OID21525_v1_Oncology.tar	https://www.synapse.org/Synapse:syn51533177				syn51533177	syn51365306				
EAS	DLL4	DLL4_Q9NR61_OID30255_v1_Cardiometabolic_II.tar	https://www.synapse.org/Synapse:syn52361053				syn52361053	syn51365306				
EAS	DMD	DMD_P11532_OID30223_v1_Cardiometabolic_II.tar	https://www.synapse.org/Synapse:syn52359826				syn52359826	syn51365306				
EAS	DMP1	DMP1_Q13316_OID30213_v1_Cardiometabolic_II.tar	https://www.synapse.org/Synapse:syn52361063				syn52361063	syn51365306				
EAS	DNAJA1	DNAJA1_P31689_OID31204_v1_Oncology_II.tar	https://www.synapse.org/Synapse:syn52360650				syn52360650	syn51365306				
EAS	DNAJA2	DNAJA2_O60884_OID20627_v1_Inflammation.tar	https://www.synapse.org/Synapse:syn51533294				syn51533294	syn51365306				
EAS	DNAJA4	DNAJA4_Q8WW22_OID31130_v1_Neurology_II.tar	https://www.synapse.org/Synapse:syn52360379				syn52360379	syn51365306				
EAS	DNAJB14	DNAJB14_Q8TBM8_OID31434_v1_Oncology_II.tar	https://www.synapse.org/Synapse:syn52359738				syn52359738	syn51365306				
EAS	DNAJB1	DNAJB1_P25685_OID21363_v1_Oncology.tar	https://www.synapse.org/Synapse:syn51527080				syn51527080	syn51365306				
EAS	DNAJB2	DNAJB2_P25686_OID30661_v1_Inflammation_II.tar	https://www.synapse.org/Synapse:syn52360262				syn52360262	syn51365306				
EAS	DNAJB6	DNAJB6_O75190_OID30613_v1_Inflammation_II.tar	https://www.synapse.org/Synapse:syn52360025				syn52360025	syn51365306				
EAS	DNAJB8	DNAJB8_Q8NHS0_OID20093_v1_Cardiometabolic.tar	https://www.synapse.org/Synapse:syn51527160				syn51527160	syn51365306				
EAS	DNAJC21	DNAJC21_Q5F1R6_OID31104_v1_Neurology_II.tar	https://www.synapse.org/Synapse:syn52359634				syn52359634	syn51365306				
EAS	DNAJC6	DNAJC6_O75061_OID30247_v1_Cardiometabolic_II.tar	https://www.synapse.org/Synapse:syn52360934				syn52360934	syn51365306				
EAS	DNAJC9	DNAJC9_Q8WXX5_OID31472_v1_Oncology_II.tar	https://www.synapse.org/Synapse:syn52360434				syn52360434	syn51365306				
EAS	DNER	DNER_Q8NFT8_OID20712_v1_Inflammation.tar	https://www.synapse.org/Synapse:syn51526718				syn51526718	syn51365306				
EAS	DNLZ	DNLZ_Q5SXM8_OID30822_v1_Neurology_II.tar	https://www.synapse.org/Synapse:syn52360531				syn52360531	syn51365306				
EAS	DNM1	DNM1_Q05193_OID31458_v1_Oncology_II.tar	https://www.synapse.org/Synapse:syn52360831				syn52360831	syn51365306				
EAS	DNM3	DNM3_Q9UQ16_OID31000_v1_Neurology_II.tar	https://www.synapse.org/Synapse:syn52360219				syn52360219	syn51365306				
EAS	DNMBP	DNMBP_Q6XZF7_OID20956_v1_Neurology.tar	https://www.synapse.org/Synapse:syn51527213				syn51527213	syn51365306				
EAS	DNPEP	DNPEP_Q9ULA0_OID31118_v1_Neurology_II.tar	https://www.synapse.org/Synapse:syn52360563				syn52360563	syn51365306				
EAS	DNPH1	DNPH1_O43598_OID20744_v1_Inflammation.tar	https://www.synapse.org/Synapse:syn51529607				syn51529607	syn51365306				
EAS	DOC2B	DOC2B_Q14184_OID30927_v1_Neurology_II.tar	https://www.synapse.org/Synapse:syn52361011				syn52361011	syn51365306				
EAS	DOCK9	DOCK9_Q9BZ29_OID30836_v1_Neurology_II.tar	https://www.synapse.org/Synapse:syn52360311				syn52360311	syn51365306				
EAS	DOK1	DOK1_Q99704_OID31111_v1_Neurology_II.tar	https://www.synapse.org/Synapse:syn52359615				syn52359615	syn51365306				
EAS	DOK2	DOK2_O60496_OID20138_v1_Cardiometabolic.tar	https://www.synapse.org/Synapse:syn51527110				syn51527110	syn51365306				
EAS	DPEP1	DPEP1_P16444_OID20897_v1_Neurology.tar	https://www.synapse.org/Synapse:syn51533237				syn51533237	syn51365306				
EAS	DPEP2	DPEP2_Q9H4A9_OID21305_v1_Oncology.tar	https://www.synapse.org/Synapse:syn51533652				syn51533652	syn51365306				
EAS	DPP10	DPP10_Q8N608_OID20527_v1_Inflammation.tar	https://www.synapse.org/Synapse:syn51533776				syn51533776	syn51365306				
EAS	DPP4	DPP4_P27487_OID20406_v1_Cardiometabolic.tar	https://www.synapse.org/Synapse:syn51526934				syn51526934	syn51365306				
EAS	DPP6	DPP6_P42658_OID21354_v1_Oncology.tar	https://www.synapse.org/Synapse:syn51533085				syn51533085	syn51365306				
EAS	DPP7	DPP7_Q9UHL4_OID20142_v1_Cardiometabolic.tar	https://www.synapse.org/Synapse:syn51526953				syn51526953	syn51365306				
EAS	DPT	DPT_Q07507_OID20278_v1_Cardiometabolic.tar	https://www.synapse.org/Synapse:syn51526543				syn51526543	syn51365306				
EAS	DPY30	DPY30_Q9C005_OID21410_v1_Oncology.tar	https://www.synapse.org/Synapse:syn51533421				syn51533421	syn51365306				
EAS	DRAXIN	DRAXIN_Q8NBI3_OID20917_v1_Neurology.tar	https://www.synapse.org/Synapse:syn51527052				syn51527052	syn51365306				
EAS	DRG2	DRG2_P55039_OID21335_v1_Oncology.tar	https://www.synapse.org/Synapse:syn51533066				syn51533066	syn51365306				
EAS	DSC2	DSC2_Q02487_OID21079_v1_Neurology.tar	https://www.synapse.org/Synapse:syn51530461				syn51530461	syn51365306				
EAS	DSCAM	DSCAM_O60469_OID30993_v1_Neurology_II.tar	https://www.synapse.org/Synapse:syn52360875				syn52360875	syn51365306				
EAS	DSG2	DSG2_Q14126_OID21113_v1_Neurology.tar	https://www.synapse.org/Synapse:syn51533328				syn51533328	syn51365306				
EAS	DSG3	DSG3_P32926_OID21460_v1_Oncology.tar	https://www.synapse.org/Synapse:syn51533212				syn51533212	syn51365306				
EAS	DSG4	DSG4_Q86SJ6_OID21325_v1_Oncology.tar	https://www.synapse.org/Synapse:syn51526920				syn51526920	syn51365306				
EAS	DTD1	DTD1_Q8TEA8_OID30580_v1_Inflammation_II.tar	https://www.synapse.org/Synapse:syn52360073				syn52360073	syn51365306				
EAS	DTNB	DTNB_O60941_OID31395_v1_Oncology_II.tar	https://www.synapse.org/Synapse:syn52360269				syn52360269	syn51365306				
EAS	DTX2	DTX2_Q86UW9_OID30882_v1_Neurology_II.tar	https://www.synapse.org/Synapse:syn52360323				syn52360323	syn51365306				
EAS	DTX3	DTX3_Q8N9I9_OID21349_v1_Oncology.tar	https://www.synapse.org/Synapse:syn51527013				syn51527013	syn51365306				
EAS	DTYMK	DTYMK_P23919_OID30308_v1_Cardiometabolic_II.tar	https://www.synapse.org/Synapse:syn52360643				syn52360643	syn51365306				
EAS	DUOX2	DUOX2_Q9NRD8_OID20059_v1_Cardiometabolic.tar	https://www.synapse.org/Synapse:syn51533604				syn51533604	syn51365306				
EAS	DUSP13	DUSP13_Q6B8I1_OID31394_v1_Oncology_II.tar	https://www.synapse.org/Synapse:syn52361184				syn52361184	syn51365306				
EAS	DUSP29	DUSP29_Q68J44_OID30935_v1_Neurology_II.tar	https://www.synapse.org/Synapse:syn52360089				syn52360089	syn51365306				
EAS	DUSP3	DUSP3_P51452_OID20827_v1_Neurology.tar	https://www.synapse.org/Synapse:syn51533437				syn51533437	syn51365306				
EAS	DUT	DUT_P33316_OID31457_v1_Oncology_II.tar	https://www.synapse.org/Synapse:syn52359841				syn52359841	syn51365306				
EAS	DXO	DXO_O77932_OID31080_v1_Neurology_II.tar	https://www.synapse.org/Synapse:syn52359554				syn52359554	syn51365306				
EAS	DYNC1H1	DYNC1H1_Q14204_OID31341_v1_Oncology_II.tar	https://www.synapse.org/Synapse:syn52360480				syn52360480	syn51365306				
EAS	DYNLT1	DYNLT1_P63172_OID30925_v1_Neurology_II.tar	https://www.synapse.org/Synapse:syn52359599				syn52359599	syn51365306				
EAS	DYNLT3	DYNLT3_P51808_OID31415_v1_Oncology_II.tar	https://www.synapse.org/Synapse:syn52359977				syn52359977	syn51365306				
EAS	EBAG9	EBAG9_O00559_OID20918_v1_Neurology.tar	https://www.synapse.org/Synapse:syn51527101				syn51527101	syn51365306				
EAS	EBI3	EBI3_IL27_Q14213_Q8NEV9_OID21389_v1_Oncology.tar	https://www.synapse.org/Synapse:syn51533046				syn51533046	syn51365306				
EAS	ECE1	ECE1_P42892_OID20891_v1_Neurology.tar	https://www.synapse.org/Synapse:syn51533350				syn51533350	syn51365306				
EAS	ECHDC3	ECHDC3_Q96DC8_OID30293_v1_Cardiometabolic_II.tar	https://www.synapse.org/Synapse:syn52359892				syn52359892	syn51365306				
EAS	ECHS1	ECHS1_P30084_OID30239_v1_Cardiometabolic_II.tar	https://www.synapse.org/Synapse:syn52360936				syn52360936	syn51365306				
EAS	ECI2	ECI2_O75521_OID30142_v1_Cardiometabolic_II.tar	https://www.synapse.org/Synapse:syn52359862				syn52359862	syn51365306				
EAS	ECM1	ECM1_Q16610_OID30736_v1_Inflammation_II.tar	https://www.synapse.org/Synapse:syn52360499				syn52360499	syn51365306				
EAS	ECSCR	ECSCR_Q19T08_OID30831_v1_Neurology_II.tar	https://www.synapse.org/Synapse:syn52359851				syn52359851	syn51365306				
EAS	EDA2R	EDA2R_Q9HAV5_OID21451_v1_Oncology.tar	https://www.synapse.org/Synapse:syn51526887				syn51526887	syn51365306				
EAS	EDAR	EDAR_Q9UNE0_OID20525_v1_Inflammation.tar	https://www.synapse.org/Synapse:syn51532638				syn51532638	syn51365306				
EAS	EDDM3B	EDDM3B_P56851_OID31365_v1_Oncology_II.tar	https://www.synapse.org/Synapse:syn52360893				syn52360893	syn51365306				
EAS	EDEM2	EDEM2_Q9BV94_OID30136_v1_Cardiometabolic_II.tar	https://www.synapse.org/Synapse:syn52361052				syn52361052	syn51365306				
EAS	EDF1	EDF1_O60869_OID31010_v1_Neurology_II.tar	https://www.synapse.org/Synapse:syn52360173				syn52360173	syn51365306				
EAS	EDIL3	EDIL3_O43854_OID20081_v1_Cardiometabolic.tar	https://www.synapse.org/Synapse:syn51527039				syn51527039	syn51365306				
EAS	EDN1	EDN1_P05305_OID30224_v1_Cardiometabolic_II.tar	https://www.synapse.org/Synapse:syn52359903				syn52359903	syn51365306				
EAS	EDNRB	EDNRB_P24530_OID30421_v1_Inflammation_II.tar	https://www.synapse.org/Synapse:syn52359956				syn52359956	syn51365306				
EAS	EEF1D	EEF1D_P29692_OID30335_v1_Cardiometabolic_II.tar	https://www.synapse.org/Synapse:syn52359839				syn52359839	syn51365306				
EAS	EFCAB14	EFCAB14_O75071_OID31460_v1_Oncology_II.tar	https://www.synapse.org/Synapse:syn52360236				syn52360236	syn51365306				
EAS	EFCAB2	EFCAB2_Q5VUJ9_OID31313_v1_Oncology_II.tar	https://www.synapse.org/Synapse:syn52360621				syn52360621	syn51365306				
EAS	EFEMP1	EFEMP1_Q12805_OID20414_v1_Cardiometabolic.tar	https://www.synapse.org/Synapse:syn51531786				syn51531786	syn51365306				
EAS	EFHD1	EFHD1_Q9BUP0_OID31044_v1_Neurology_II.tar	https://www.synapse.org/Synapse:syn52360226				syn52360226	syn51365306				
EAS	EFNA1	EFNA1_P20827_OID21125_v1_Neurology.tar	https://www.synapse.org/Synapse:syn51527018				syn51527018	syn51365306				
EAS	EFNA4	EFNA4_P52798_OID20935_v1_Neurology.tar	https://www.synapse.org/Synapse:syn51526738				syn51526738	syn51365306				
EAS	EFNB2	EFNB2_P52799_OID30954_v1_Neurology_II.tar	https://www.synapse.org/Synapse:syn52359578				syn52359578	syn51365306				
EAS	EGFL7	EGFL7_Q9UHF1_OID21252_v1_Oncology.tar	https://www.synapse.org/Synapse:syn51527302				syn51527302	syn51365306				
EAS	EGFLAM	EGFLAM_Q63HQ2_OID31496_v1_Oncology_II.tar	https://www.synapse.org/Synapse:syn52360176	249128960		32a9155d220f2eb4c8be29b517324624	syn52360176	syn51365306				
EAS	EGFR	EGFR_P00533_OID20319_v1_Cardiometabolic.tar	https://www.synapse.org/Synapse:syn51526664	250337280		ca97365a2aadd4d1ef1d5e95342b13db	syn51526664	syn51365306				
EAS	EGF	EGF_P01133_OID20698_v1_Inflammation.tar	https://www.synapse.org/Synapse:syn51526521				syn51526521	syn51365306				
EAS	EGLN1	EGLN1_Q9GZT9_OID20572_v1_Inflammation.tar	https://www.synapse.org/Synapse:syn51527123	249999360		03645233e339bd5daf717c30325518fa	syn51527123	syn51365306				
EAS	EHBP1	EHBP1_Q8NDI1_OID30302_v1_Cardiometabolic_II.tar	https://www.synapse.org/Synapse:syn52360870	249804800		87863f29fe94300820d842fc8e155ae7	syn52360870	syn51365306				
EAS	EHD3	EHD3_Q9NZN3_OID30229_v1_Cardiometabolic_II.tar	https://www.synapse.org/Synapse:syn52360256	247193600		429897abe580a3f7a86169337225bb29	syn52360256	syn51365306				
EAS	EIF1AX	EIF1AX_P47813_OID31125_v1_Neurology_II.tar	https://www.synapse.org/Synapse:syn52361106	249456640		1e7b060da3cf5d191ca1996c5d80f3cc	syn52361106	syn51365306				
EAS	EIF2AK2	EIF2AK2_P19525_OID31442_v1_Oncology_II.tar	https://www.synapse.org/Synapse:syn52360932	249374720		a2a31c9632656b8e925c94708215bd40	syn52360932	syn51365306				
EAS	EIF2AK3	EIF2AK3_Q9NZJ5_OID30060_v1_Cardiometabolic_II.tar	https://www.synapse.org/Synapse:syn52359890	248893440		f337f7a003234cd781257e10cf81b132	syn52359890	syn51365306				
EAS	EIF2S2	EIF2S2_P20042_OID30270_v1_Cardiometabolic_II.tar	https://www.synapse.org/Synapse:syn52360321	247490560		387efd8ab27b82e29da4037b6eb34609	syn52360321	syn51365306				
EAS	EIF4B	EIF4B_P23588_OID21000_v1_Neurology.tar	https://www.synapse.org/Synapse:syn51533138	250030080		4235c8a2dd6e9518c647c2cc96da40f5	syn51533138	syn51365306				
EAS	EIF4EBP1	EIF4EBP1_Q13541_OID20162_v1_Cardiometabolic.tar	https://www.synapse.org/Synapse:syn51526978	249753600		32f609fc3b43608e0c06d727fa0e18c4	syn51526978	syn51365306				
EAS	EIF4E	EIF4E_P06730_OID30557_v1_Inflammation_II.tar	https://www.synapse.org/Synapse:syn52359994	246507520		06743da7a8143bd6993b564f1946185b	syn52359994	syn51365306				
EAS	EIF4G1	EIF4G1_Q04637_OID20625_v1_Inflammation.tar	https://www.synapse.org/Synapse:syn51527002	250132480		c2c6ff37ec903b3f8d28e1e24399b58e	syn51527002	syn51365306				
EAS	EIF4G3	EIF4G3_O43432_OID31022_v1_Neurology_II.tar	https://www.synapse.org/Synapse:syn52360913	249896960		ae991604b73c93c4a734f3d0999d5f94	syn52360913	syn51365306				
EAS	EIF5A	EIF5A_P63241_OID20423_v1_Inflammation.tar	https://www.synapse.org/Synapse:syn51526571	248176640		c057b0aeded8f292fbeaafafa9a0bb10	syn51526571	syn51365306				
EAS	EIF5	EIF5_P55010_OID30156_v1_Cardiometabolic_II.tar	https://www.synapse.org/Synapse:syn52360460	248473600		b32055b1f18d9a9d5e9b6dd62328c825	syn52360460	syn51365306				
EAS	ELAC1	ELAC1_Q9H777_OID31029_v1_Neurology_II.tar	https://www.synapse.org/Synapse:syn52359641	249804800		0169ca6c89273f251f92b3ea7c8784d4	syn52359641	syn51365306				
EAS	ELAVL4	ELAVL4_P26378_OID30854_v1_Neurology_II.tar	https://www.synapse.org/Synapse:syn52359968	246568960		3aa6664a90fd35083dacf51231675f08	syn52359968	syn51365306				
EAS	ELN	ELN_P15502_OID30301_v1_Cardiometabolic_II.tar	https://www.synapse.org/Synapse:syn52360177	251473920		9616cc1d48575d7c7b43f3c185105cce	syn52360177	syn51365306				
EAS	ELOA	ELOA_Q14241_OID21337_v1_Oncology.tar	https://www.synapse.org/Synapse:syn51533160	249978880		baa5afac322ae667d8f157ebdeb757da	syn51533160	syn51365306				
EAS	ELOB	ELOB_Q15370_OID30127_v1_Cardiometabolic_II.tar	https://www.synapse.org/Synapse:syn52360179				syn52360179	syn51365306				
EAS	ENAH	ENAH_Q8N8S7_OID20497_v1_Inflammation.tar	https://www.synapse.org/Synapse:syn51527278				syn51527278	syn51365306				
EAS	ENDOU	ENDOU_P21128_OID31498_v1_Oncology_II.tar	https://www.synapse.org/Synapse:syn52360252				syn52360252	syn51365306				
EAS	ENG	ENG_P17813_OID20287_v1_Cardiometabolic.tar	https://www.synapse.org/Synapse:syn51533553				syn51533553	syn51365306				
EAS	ENO1	ENO1_P06733_OID21037_v1_Neurology.tar	https://www.synapse.org/Synapse:syn51526742				syn51526742	syn51365306				
EAS	ENO2	ENO2_P09104_OID21046_v1_Neurology.tar	https://www.synapse.org/Synapse:syn51533079				syn51533079	syn51365306				
EAS	ENO3	ENO3_P13929_OID30209_v1_Cardiometabolic_II.tar	https://www.synapse.org/Synapse:syn52359784				syn52359784	syn51365306				
EAS	ENOPH1	ENOPH1_Q9UHY7_OID31349_v1_Oncology_II.tar	https://www.synapse.org/Synapse:syn52360000				syn52360000	syn51365306				
EAS	ENOX2	ENOX2_Q16206_OID30152_v1_Cardiometabolic_II.tar	https://www.synapse.org/Synapse:syn52360863				syn52360863	syn51365306				
EAS	ENPEP	ENPEP_Q07075_OID30135_v1_Cardiometabolic_II.tar	https://www.synapse.org/Synapse:syn52359960				syn52359960	syn51365306				
EAS	ENPP2	ENPP2_Q13822_OID20288_v1_Cardiometabolic.tar	https://www.synapse.org/Synapse:syn51533357	251269120		fce88df504349848b8bddfd8d435aed0	syn51533357	syn51365306				
EAS	ENPP5	ENPP5_Q9UJA9_OID20736_v1_Inflammation.tar	https://www.synapse.org/Synapse:syn51533278	251371520		45900cf94135fc48f265b4381971a3f4	syn51533278	syn51365306				
EAS	ENPP6	ENPP6_Q6UWR7_OID30273_v1_Cardiometabolic_II.tar	https://www.synapse.org/Synapse:syn52360908	247490560		00d56b18da233935e94a00eb925811c0	syn52360908	syn51365306				
EAS	ENPP7	ENPP7_Q6UWV6_OID20689_v1_Inflammation.tar	https://www.synapse.org/Synapse:syn51526977	249231360		bba09e0f72c14906300e5f6b34115e7d	syn51526977	syn51365306				
EAS	ENSA	ENSA_O43768_OID31355_v1_Oncology_II.tar	https://www.synapse.org/Synapse:syn52360573	248893440		f5b8c9bd92ce8a10bc04b4bd3443d994	syn52360573	syn51365306				
EAS	ENTPD2	ENTPD2_Q9Y5L3_OID21260_v1_Oncology.tar	https://www.synapse.org/Synapse:syn51533389	247879680		fbd5c1dd50bec6ac4bdb2f07c7cc74ec	syn51533389	syn51365306				
EAS	ENTPD5	ENTPD5_O75356_OID20104_v1_Cardiometabolic.tar	https://www.synapse.org/Synapse:syn51533454	247838720		4469239ea249b4abf66bcfa470d90dbd	syn51533454	syn51365306				
EAS	ENTPD6	ENTPD6_O75354_OID20100_v1_Cardiometabolic.tar	https://www.synapse.org/Synapse:syn51529991	248883200		9504d6ebab89bf0018790054396f45db	syn51529991	syn51365306				
EAS	ENTR1	ENTR1_Q96C92_OID30231_v1_Cardiometabolic_II.tar	https://www.synapse.org/Synapse:syn52361083	247040000		72cafd05d06f911952879b928ada069e	syn52361083	syn51365306				
EAS	EP300	EP300_Q09472_OID30438_v1_Inflammation_II.tar	https://www.synapse.org/Synapse:syn52361023	246528000		be254426dc606c4e733c561d48498e42	syn52361023	syn51365306				
EAS	EPB41L5	EPB41L5_Q9HCM4_OID30886_v1_Neurology_II.tar	https://www.synapse.org/Synapse:syn52360098				syn52360098	syn51365306				
EAS	EPCAM	EPCAM_P16422_OID20743_v1_Inflammation.tar	https://www.synapse.org/Synapse:syn51533105				syn51533105	syn51365306				
EAS	EPGN	EPGN_Q6UW88_OID31373_v1_Oncology_II.tar	https://www.synapse.org/Synapse:syn52359750				syn52359750	syn51365306				
EAS	EPHA10	EPHA10_Q5JZY3_OID20840_v1_Neurology.tar	https://www.synapse.org/Synapse:syn51533288				syn51533288	syn51365306				
EAS	EPHA1	EPHA1_P21709_OID20677_v1_Inflammation.tar	https://www.synapse.org/Synapse:syn51527161				syn51527161	syn51365306				
EAS	EPHA2	EPHA2_P29317_OID21342_v1_Oncology.tar	https://www.synapse.org/Synapse:syn51527732				syn51527732	syn51365306				
EAS	EPHA4	EPHA4_P54764_OID30622_v1_Inflammation_II.tar	https://www.synapse.org/Synapse:syn52360340				syn52360340	syn51365306				
EAS	EPHB4	EPHB4_P54760_OID20242_v1_Cardiometabolic.tar	https://www.synapse.org/Synapse:syn51533264				syn51533264	syn51365306				
EAS	EPHB6	EPHB6_O15197_OID20982_v1_Neurology.tar	https://www.synapse.org/Synapse:syn51527216				syn51527216	syn51365306				
EAS	EPHX2	EPHX2_P34913_OID20119_v1_Cardiometabolic.tar	https://www.synapse.org/Synapse:syn51527137				syn51527137	syn51365306				
EAS	EPN1	EPN1_Q9Y6I3_OID31252_v1_Oncology_II.tar	https://www.synapse.org/Synapse:syn52359883				syn52359883	syn51365306				
EAS	EPO	EPO_P01588_OID20522_v1_Inflammation.tar	https://www.synapse.org/Synapse:syn51530519				syn51530519	syn51365306				
EAS	EPPK1	EPPK1_P58107_OID30250_v1_Cardiometabolic_II.tar	https://www.synapse.org/Synapse:syn52361135				syn52361135	syn51365306				
EAS	EPS8L2	EPS8L2_Q9H6S3_OID21397_v1_Oncology.tar	https://www.synapse.org/Synapse:syn51533536				syn51533536	syn51365306				
EAS	ERBB2	ERBB2_P04626_OID21520_v1_Oncology.tar	https://www.synapse.org/Synapse:syn51526590				syn51526590	syn51365306				
EAS	ERBB3	ERBB3_P21860_OID20705_v1_Inflammation.tar	https://www.synapse.org/Synapse:syn51526642				syn51526642	syn51365306				
EAS	ERBB4	ERBB4_Q15303_OID21510_v1_Oncology.tar	https://www.synapse.org/Synapse:syn51533616				syn51533616	syn51365306				
EAS	ERBIN	ERBIN_Q96RT1_OID21323_v1_Oncology.tar	https://www.synapse.org/Synapse:syn51526530				syn51526530	syn51365306				
EAS	ERC2	ERC2_O15083_OID30880_v1_Neurology_II.tar	https://www.synapse.org/Synapse:syn52359529				syn52359529	syn51365306				
EAS	ERCC1	ERCC1_P07992_OID31223_v1_Oncology_II.tar	https://www.synapse.org/Synapse:syn52360723				syn52360723	syn51365306				
EAS	EREG	EREG_O14944_OID20905_v1_Neurology.tar	https://www.synapse.org/Synapse:syn51526993				syn51526993	syn51365306				
EAS	ERI1	ERI1_Q8IV48_OID31317_v1_Oncology_II.tar	https://www.synapse.org/Synapse:syn52359910				syn52359910	syn51365306				
EAS	ERMAP	ERMAP_Q96PL5_OID30539_v1_Inflammation_II.tar	https://www.synapse.org/Synapse:syn52361088				syn52361088	syn51365306				
EAS	ERN1	ERN1_O75460_OID31391_v1_Oncology_II.tar	https://www.synapse.org/Synapse:syn52360393				syn52360393	syn51365306				
EAS	ERP29	ERP29_P30040_OID30578_v1_Inflammation_II.tar	https://www.synapse.org/Synapse:syn52360935				syn52360935	syn51365306				
EAS	ERP44	ERP44_Q9BS26_OID21338_v1_Oncology.tar	https://www.synapse.org/Synapse:syn51526781				syn51526781	syn51365306				
EAS	ERVV-1	ERVV-1_B6SEH8_OID30094_v1_Cardiometabolic_II.tar	https://www.synapse.org/Synapse:syn52361180				syn52361180	syn51365306				
EAS	ESAM	ESAM_Q96AP7_OID20270_v1_Cardiometabolic.tar	https://www.synapse.org/Synapse:syn51527085				syn51527085	syn51365306				
EAS	ESM1	ESM1_Q9NQ30_OID20758_v1_Inflammation.tar	https://www.synapse.org/Synapse:syn51527185				syn51527185	syn51365306				
EAS	ESPL1	ESPL1_Q14674_OID31176_v1_Oncology_II.tar	https://www.synapse.org/Synapse:syn52361206				syn52361206	syn51365306				
EAS	ESR1	ESR1_P03372_OID30434_v1_Inflammation_II.tar	https://www.synapse.org/Synapse:syn52359698				syn52359698	syn51365306				
EAS	ESYT2	ESYT2_A0FGR8_OID31134_v1_Neurology_II.tar	https://www.synapse.org/Synapse:syn52360549				syn52360549	syn51365306				
EAS	EVI2B	EVI2B_P34910_OID31227_v1_Oncology_II.tar	https://www.synapse.org/Synapse:syn52360993				syn52360993	syn51365306				
EAS	EVI5	EVI5_O60447_OID30519_v1_Inflammation_II.tar	https://www.synapse.org/Synapse:syn52360456				syn52360456	syn51365306				
EAS	EVPL	EVPL_Q92817_OID31309_v1_Oncology_II.tar	https://www.synapse.org/Synapse:syn52360181				syn52360181	syn51365306				
EAS	EXOSC10	EXOSC10_Q01780_OID30083_v1_Cardiometabolic_II.tar	https://www.synapse.org/Synapse:syn52360156				syn52360156	syn51365306				
EAS	EXTL1	EXTL1_Q92935_OID30114_v1_Cardiometabolic_II.tar	https://www.synapse.org/Synapse:syn52360174				syn52360174	syn51365306				
EAS	EZR	EZR_P15311_OID21017_v1_Neurology.tar	https://www.synapse.org/Synapse:syn51533651				syn51533651	syn51365306				
EAS	F10	F10_P00742_OID30684_v1_Inflammation_II.tar	https://www.synapse.org/Synapse:syn52359555				syn52359555	syn51365306				
EAS	F11R	F11R_Q9Y624_OID21151_v1_Neurology.tar	https://www.synapse.org/Synapse:syn51526586				syn51526586	syn51365306				
EAS	F11	F11_P03951_OID30773_v1_Inflammation_II.tar	https://www.synapse.org/Synapse:syn52359859				syn52359859	syn51365306				
EAS	F12	F12_P00748_OID30739_v1_Inflammation_II.tar	https://www.synapse.org/Synapse:syn52359828				syn52359828	syn51365306				
EAS	F13B	F13B_P05160_OID30781_v1_Inflammation_II.tar	https://www.synapse.org/Synapse:syn52360076				syn52360076	syn51365306				
EAS	F2R	F2R_P25116_OID20691_v1_Inflammation.tar	https://www.synapse.org/Synapse:syn51526981				syn51526981	syn51365306				
EAS	F2	F2_P00734_OID30723_v1_Inflammation_II.tar	https://www.synapse.org/Synapse:syn52359843				syn52359843	syn51365306				
EAS	F3	F3_P13726_OID21440_v1_Oncology.tar	https://www.synapse.org/Synapse:syn51533069				syn51533069	syn51365306				
EAS	F7	F7_P08709_OID20372_v1_Cardiometabolic.tar	https://www.synapse.org/Synapse:syn51533341				syn51533341	syn51365306				
EAS	F9	F9_P00740_OID20349_v1_Cardiometabolic.tar	https://www.synapse.org/Synapse:syn51526622				syn51526622	syn51365306				
EAS	FABP1	FABP1_P07148_OID20778_v1_Inflammation.tar	https://www.synapse.org/Synapse:syn51526756				syn51526756	syn51365306				
EAS	FABP2	FABP2_P12104_OID20200_v1_Cardiometabolic.tar	https://www.synapse.org/Synapse:syn51526938				syn51526938	syn51365306				
EAS	FABP3	FABP3_P05413_OID30351_v1_Cardiometabolic_II.tar	https://www.synapse.org/Synapse:syn52360554				syn52360554	syn51365306				
EAS	FABP4	FABP4_P15090_OID20245_v1_Cardiometabolic.tar	https://www.synapse.org/Synapse:syn51533388				syn51533388	syn51365306				
EAS	FABP5	FABP5_Q01469_OID21043_v1_Neurology.tar	https://www.synapse.org/Synapse:syn51533351				syn51533351	syn51365306				
EAS	FABP6	FABP6_P51161_OID20076_v1_Cardiometabolic.tar	https://www.synapse.org/Synapse:syn51526867				syn51526867	syn51365306				
EAS	FABP9	FABP9_Q0Z7S8_OID20501_v1_Inflammation.tar	https://www.synapse.org/Synapse:syn51526704				syn51526704	syn51365306				
EAS	FADD	FADD_Q13158_OID20151_v1_Cardiometabolic.tar	https://www.synapse.org/Synapse:syn51527078				syn51527078	syn51365306				
EAS	FAM13A	FAM13A_O94988_OID31463_v1_Oncology_II.tar	https://www.synapse.org/Synapse:syn52360627				syn52360627	syn51365306				
EAS	FAM171A2	FAM171A2_A8MVW0_OID31005_v1_Neurology_II.tar	https://www.synapse.org/Synapse:syn52359761				syn52359761	syn51365306				
EAS	FAM171B	FAM171B_Q6P995_OID31338_v1_Oncology_II.tar	https://www.synapse.org/Synapse:syn52360324				syn52360324	syn51365306				
EAS	FAM172A	FAM172A_Q8WUF8_OID30248_v1_Cardiometabolic_II.tar	https://www.synapse.org/Synapse:syn52359610				syn52359610	syn51365306				
EAS	FAM20A	FAM20A_Q96MK3_OID30348_v1_Cardiometabolic_II.tar	https://www.synapse.org/Synapse:syn52359918				syn52359918	syn51365306				
EAS	FAM3B	FAM3B_P58499_OID21372_v1_Oncology.tar	https://www.synapse.org/Synapse:syn51526777				syn51526777	syn51365306				
EAS	FAM3C	FAM3C_Q92520_OID20233_v1_Cardiometabolic.tar	https://www.synapse.org/Synapse:syn51526787				syn51526787	syn51365306				
EAS	FAM3D	FAM3D_Q96BQ1_OID31514_v1_Oncology_II.tar	https://www.synapse.org/Synapse:syn52360130				syn52360130	syn51365306				
EAS	FAP	FAP_Q12884_OID20330_v1_Cardiometabolic.tar	https://www.synapse.org/Synapse:syn51533112				syn51533112	syn51365306				
EAS	FARSA	FARSA_Q9Y285_OID30887_v1_Neurology_II.tar	https://www.synapse.org/Synapse:syn52361126				syn52361126	syn51365306				
EAS	FASLG	FASLG_P48023_OID20665_v1_Inflammation.tar	https://www.synapse.org/Synapse:syn51526945				syn51526945	syn51365306				
EAS	FAS	FAS_P25445_OID20316_v1_Cardiometabolic.tar	https://www.synapse.org/Synapse:syn51533655				syn51533655	syn51365306				
EAS	FBLN2	FBLN2_P98095_OID30378_v1_Cardiometabolic_II.tar	https://www.synapse.org/Synapse:syn52360571				syn52360571	syn51365306				
EAS	FBN2	FBN2_P35556_OID30974_v1_Neurology_II.tar	https://www.synapse.org/Synapse:syn52360686				syn52360686	syn51365306				
EAS	FBP1	FBP1_P09467_OID20227_v1_Cardiometabolic.tar	https://www.synapse.org/Synapse:syn51526652				syn51526652	syn51365306				
EAS	FCAMR	FCAMR_Q8WWV6_OID30332_v1_Cardiometabolic_II.tar	https://www.synapse.org/Synapse:syn52359775				syn52359775	syn51365306				
EAS	FCAR	FCAR_P24071_OID20564_v1_Inflammation.tar	https://www.synapse.org/Synapse:syn51533573				syn51533573	syn51365306				
EAS	FCER1A	FCER1A_P12319_OID30992_v1_Neurology_II.tar	https://www.synapse.org/Synapse:syn52359686				syn52359686	syn51365306				
EAS	FCER2	FCER2_P06734_OID21133_v1_Neurology.tar	https://www.synapse.org/Synapse:syn51533312				syn51533312	syn51365306				
EAS	FCGR2A	FCGR2A_P12318_OID20391_v1_Cardiometabolic.tar	https://www.synapse.org/Synapse:syn51533064				syn51533064	syn51365306				
EAS	FCGR2B	FCGR2B_P31994_OID21215_v1_Oncology.tar	https://www.synapse.org/Synapse:syn51526884				syn51526884	syn51365306				
EAS	FCGR3B	FCGR3B_O75015_OID20387_v1_Cardiometabolic.tar	https://www.synapse.org/Synapse:syn51533342				syn51533342	syn51365306				
EAS	FCN1	FCN1_O00602_OID30690_v1_Inflammation_II.tar	https://www.synapse.org/Synapse:syn52361107				syn52361107	syn51365306				
EAS	FCN2	FCN2_Q15485_OID20382_v1_Cardiometabolic.tar	https://www.synapse.org/Synapse:syn51526700				syn51526700	syn51365306				
EAS	FCRL1	FCRL1_Q96LA6_OID20172_v1_Cardiometabolic.tar	https://www.synapse.org/Synapse:syn51527026				syn51527026	syn51365306				
EAS	FCRL2	FCRL2_Q96LA5_OID20639_v1_Inflammation.tar	https://www.synapse.org/Synapse:syn51527270				syn51527270	syn51365306				
EAS	FCRL3	FCRL3_Q96P31_OID20443_v1_Inflammation.tar	https://www.synapse.org/Synapse:syn51527032				syn51527032	syn51365306				
EAS	FCRL5	FCRL5_Q96RD9_OID21111_v1_Neurology.tar	https://www.synapse.org/Synapse:syn51526972				syn51526972	syn51365306				
EAS	FCRL6	FCRL6_Q6DN72_OID20529_v1_Inflammation.tar	https://www.synapse.org/Synapse:syn51526615				syn51526615	syn51365306				
EAS	FCRLB	FCRLB_Q6BAA4_OID21193_v1_Oncology.tar	https://www.synapse.org/Synapse:syn51526630				syn51526630	syn51365306				
EAS	FDX1	FDX1_P10109_OID30078_v1_Cardiometabolic_II.tar	https://www.synapse.org/Synapse:syn52359833				syn52359833	syn51365306				
EAS	FDX2	FDX2_Q6P4F2_OID30147_v1_Cardiometabolic_II.tar	https://www.synapse.org/Synapse:syn52360704				syn52360704	syn51365306				
EAS	FEN1	FEN1_P39748_OID21192_v1_Oncology.tar	https://www.synapse.org/Synapse:syn51533171				syn51533171	syn51365306				
EAS	FES	FES_P07332_OID21207_v1_Oncology.tar	https://www.synapse.org/Synapse:syn51533344				syn51533344	syn51365306				
EAS	FETUB	FETUB_Q9UGM5_OID20404_v1_Cardiometabolic.tar	https://www.synapse.org/Synapse:syn51526776				syn51526776	syn51365306				
EAS	FGA	FGA_P02671_OID30788_v1_Inflammation_II.tar	https://www.synapse.org/Synapse:syn52360347				syn52360347	syn51365306				
EAS	FGD3	FGD3_Q5JSP0_OID31040_v1_Neurology_II.tar	https://www.synapse.org/Synapse:syn52360123				syn52360123	syn51365306				
EAS	FGF12	FGF12_P61328_OID30454_v1_Inflammation_II.tar	https://www.synapse.org/Synapse:syn52360307				syn52360307	syn51365306				
EAS	FGF16	FGF16_O43320_OID30535_v1_Inflammation_II.tar	https://www.synapse.org/Synapse:syn52360286				syn52360286	syn51365306				
EAS	FGF19	FGF19_O95750_OID20715_v1_Inflammation.tar	https://www.synapse.org/Synapse:syn51527146				syn51527146	syn51365306				
EAS	FGF20	FGF20_Q9NP95_OID30459_v1_Inflammation_II.tar	https://www.synapse.org/Synapse:syn52360080				syn52360080	syn51365306				
EAS	FGF21	FGF21_Q9NSA1_OID21402_v1_Oncology.tar	https://www.synapse.org/Synapse:syn51533259				syn51533259	syn51365306				
EAS	FGF23	FGF23_Q9GZV9_OID21411_v1_Oncology.tar	https://www.synapse.org/Synapse:syn51527182				syn51527182	syn51365306				
EAS	FGF2	FGF2_P09038_OID20503_v1_Inflammation.tar	https://www.synapse.org/Synapse:syn51527036				syn51527036	syn51365306				
EAS	FGF3	FGF3_P11487_OID30544_v1_Inflammation_II.tar	https://www.synapse.org/Synapse:syn52359568				syn52359568	syn51365306				
EAS	FGF5	FGF5_P12034_OID20490_v1_Inflammation.tar	https://www.synapse.org/Synapse:syn51527264				syn51527264	syn51365306				
EAS	FGF6	FGF6_P10767_OID30443_v1_Inflammation_II.tar	https://www.synapse.org/Synapse:syn52360680				syn52360680	syn51365306				
EAS	FGF7	FGF7_P21781_OID31241_v1_Oncology_II.tar	https://www.synapse.org/Synapse:syn52360191				syn52360191	syn51365306				
EAS	FGF9	FGF9_P31371_OID31193_v1_Oncology_II.tar	https://www.synapse.org/Synapse:syn52359776				syn52359776	syn51365306				
EAS	FGFBP1	FGFBP1_Q14512_OID21507_v1_Oncology.tar	https://www.synapse.org/Synapse:syn51526807				syn51526807	syn51365306				
EAS	FGFBP2	FGFBP2_Q9BYJ0_OID30395_v1_Cardiometabolic_II.tar	https://www.synapse.org/Synapse:syn52361182				syn52361182	syn51365306				
EAS	FGFBP3	FGFBP3_Q8TAT2_OID31108_v1_Neurology_II.tar	https://www.synapse.org/Synapse:syn52360047				syn52360047	syn51365306				
EAS	FGFR2	FGFR2_P21802_OID21478_v1_Oncology.tar	https://www.synapse.org/Synapse:syn51533680				syn51533680	syn51365306				
EAS	FGFR4	FGFR4_P22455_OID30646_v1_Inflammation_II.tar	https://www.synapse.org/Synapse:syn52360199				syn52360199	syn51365306				
EAS	FGL1	FGL1_Q08830_OID30702_v1_Inflammation_II.tar	https://www.synapse.org/Synapse:syn52359897				syn52359897	syn51365306				
EAS	FGR	FGR_P09769_OID20828_v1_Neurology.tar	https://www.synapse.org/Synapse:syn51526949				syn51526949	syn51365306				
EAS	FHIP2A	FHIP2A_Q5W0V3_OID30187_v1_Cardiometabolic_II.tar	https://www.synapse.org/Synapse:syn52359941				syn52359941	syn51365306				
EAS	FHIT	FHIT_P49789_OID20872_v1_Neurology.tar	https://www.synapse.org/Synapse:syn51533687				syn51533687	syn51365306				
EAS	FH	FH_P07954_OID30839_v1_Neurology_II.tar	https://www.synapse.org/Synapse:syn52361140				syn52361140	syn51365306				
EAS	FIS1	FIS1_Q9Y3D6_OID20722_v1_Inflammation.tar	https://www.synapse.org/Synapse:syn51531184				syn51531184	syn51365306				
EAS	FKBP14	FKBP14_Q9NWM8_OID31065_v1_Neurology_II.tar	https://www.synapse.org/Synapse:syn52359564				syn52359564	syn51365306				
EAS	FKBP1B	FKBP1B_P68106_OID20618_v1_Inflammation.tar	https://www.synapse.org/Synapse:syn51526566				syn51526566	syn51365306				
EAS	FKBP4	FKBP4_Q02790_OID20960_v1_Neurology.tar	https://www.synapse.org/Synapse:syn51527307				syn51527307	syn51365306				
EAS	FKBP5	FKBP5_Q13451_OID20937_v1_Neurology.tar	https://www.synapse.org/Synapse:syn51533707				syn51533707	syn51365306				
EAS	FKBP7	FKBP7_Q9Y680_OID20846_v1_Neurology.tar	https://www.synapse.org/Synapse:syn51526569				syn51526569	syn51365306				
EAS	FKBPL	FKBPL_Q9UIM3_OID31499_v1_Oncology_II.tar	https://www.synapse.org/Synapse:syn52360534				syn52360534	syn51365306				
EAS	FLI1	FLI1_Q01543_OID21239_v1_Oncology.tar	https://www.synapse.org/Synapse:syn51531871				syn51531871	syn51365306				
EAS	FLRT2	FLRT2_O43155_OID20946_v1_Neurology.tar	https://www.synapse.org/Synapse:syn51533099				syn51533099	syn51365306				
EAS	FLT1	FLT1_P17948_OID21301_v1_Oncology.tar	https://www.synapse.org/Synapse:syn51527090				syn51527090	syn51365306				
EAS	FLT3LG	FLT3LG_P49771_OID20661_v1_Inflammation.tar	https://www.synapse.org/Synapse:syn51527287				syn51527287	syn51365306				
EAS	FLT3	FLT3_P36888_OID21272_v1_Oncology.tar	https://www.synapse.org/Synapse:syn51533315				syn51533315	syn51365306				
EAS	FLT4	FLT4_P35916_OID21491_v1_Oncology.tar	https://www.synapse.org/Synapse:syn51533178				syn51533178	syn51365306				
EAS	FMNL1	FMNL1_O95466_OID20884_v1_Neurology.tar	https://www.synapse.org/Synapse:syn51527152				syn51527152	syn51365306				
EAS	FMR1	FMR1_Q06787_OID21233_v1_Oncology.tar	https://www.synapse.org/Synapse:syn51531051				syn51531051	syn51365306				
EAS	FN1	FN1_P02751_OID30787_v1_Inflammation_II.tar	https://www.synapse.org/Synapse:syn52360755				syn52360755	syn51365306				
EAS	FNDC1	FNDC1_Q4ZHG4_OID31127_v1_Neurology_II.tar	https://www.synapse.org/Synapse:syn52359923				syn52359923	syn51365306				
EAS	FNTA	FNTA_P49354_OID31381_v1_Oncology_II.tar	https://www.synapse.org/Synapse:syn52360163				syn52360163	syn51365306				
EAS	FOLH1	FOLH1_Q04609_OID30430_v1_Inflammation_II.tar	https://www.synapse.org/Synapse:syn52360744				syn52360744	syn51365306				
EAS	FOLR1	FOLR1_P15328_OID21529_v1_Oncology.tar	https://www.synapse.org/Synapse:syn51526840				syn51526840	syn51365306				
EAS	FOLR2	FOLR2_P14207_OID21062_v1_Neurology.tar	https://www.synapse.org/Synapse:syn51533113				syn51533113	syn51365306				
EAS	FOLR3	FOLR3_P41439_OID21485_v1_Oncology.tar	https://www.synapse.org/Synapse:syn51533566				syn51533566	syn51365306				
EAS	FOSB	FOSB_P53539_OID20791_v1_Neurology.tar	https://www.synapse.org/Synapse:syn51527062				syn51527062	syn51365306				
EAS	FOS	FOS_P01100_OID31221_v1_Oncology_II.tar	https://www.synapse.org/Synapse:syn52360221				syn52360221	syn51365306				
EAS	FOXJ3	FOXJ3_Q9UPW0_OID30445_v1_Inflammation_II.tar	https://www.synapse.org/Synapse:syn52359881				syn52359881	syn51365306				
EAS	FOXO1	FOXO1_Q12778_OID20515_v1_Inflammation.tar	https://www.synapse.org/Synapse:syn51533054				syn51533054	syn51365306				
EAS	FOXO3	FOXO3_O43524_OID21271_v1_Oncology.tar	https://www.synapse.org/Synapse:syn51526662				syn51526662	syn51365306				
EAS	FRMD4B	FRMD4B_Q9Y2L6_OID30155_v1_Cardiometabolic_II.tar	https://www.synapse.org/Synapse:syn52360685				syn52360685	syn51365306				
EAS	FRMD7	FRMD7_Q6ZUT3_OID30898_v1_Neurology_II.tar	https://www.synapse.org/Synapse:syn52360585				syn52360585	syn51365306				
EAS	FRZB	FRZB_Q92765_OID20968_v1_Neurology.tar	https://www.synapse.org/Synapse:syn51533023				syn51533023	syn51365306				
EAS	FSHB	FSHB_P01225_OID30233_v1_Cardiometabolic_II.tar	https://www.synapse.org/Synapse:syn52360594				syn52360594	syn51365306				
EAS	FSTL1	FSTL1_Q12841_OID30254_v1_Cardiometabolic_II.tar	https://www.synapse.org/Synapse:syn52360578				syn52360578	syn51365306				
EAS	FSTL3	FSTL3_O95633_OID20782_v1_Inflammation.tar	https://www.synapse.org/Synapse:syn51526714				syn51526714	syn51365306				
EAS	FST	FST_P19883_OID20770_v1_Inflammation.tar	https://www.synapse.org/Synapse:syn51533036				syn51533036	syn51365306				
EAS	FTCD	FTCD_O95954_OID31137_v1_Neurology_II.tar	https://www.synapse.org/Synapse:syn52360599				syn52360599	syn51365306				
EAS	FUCA1	FUCA1_P04066_OID20261_v1_Cardiometabolic.tar	https://www.synapse.org/Synapse:syn51533206				syn51533206	syn51365306				
EAS	FUOM	FUOM_A2VDF0_OID30626_v1_Inflammation_II.tar	https://www.synapse.org/Synapse:syn52360674				syn52360674	syn51365306				
EAS	FURIN	FURIN_P09958_OID21514_v1_Oncology.tar	https://www.synapse.org/Synapse:syn51526550				syn51526550	syn51365306				
EAS	FUS	FUS_P35637_OID21256_v1_Oncology.tar	https://www.synapse.org/Synapse:syn51526618				syn51526618	syn51365306				
EAS	FUT1	FUT1_P19526_OID31295_v1_Oncology_II.tar	https://www.synapse.org/Synapse:syn52360471				syn52360471	syn51365306				
EAS	FUT3	FUT3_FUT5_P21217_Q11128_OID21013_v1_Neurology.tar	https://www.synapse.org/Synapse:syn51526747				syn51526747	syn51365306				
EAS	FUT8	FUT8_Q9BYC5_OID20992_v1_Neurology.tar	https://www.synapse.org/Synapse:syn51526746				syn51526746	syn51365306				
EAS	FXN	FXN_Q16595_OID21442_v1_Oncology.tar	https://www.synapse.org/Synapse:syn51533153				syn51533153	syn51365306				
EAS	FXYD5	FXYD5_Q96DB9_OID20463_v1_Inflammation.tar	https://www.synapse.org/Synapse:syn51527035				syn51527035	syn51365306				
EAS	FYB1	FYB1_O15117_OID21140_v1_Neurology.tar	https://www.synapse.org/Synapse:syn51527292				syn51527292	syn51365306				
EAS	FZD10	FZD10_Q9ULW2_OID30931_v1_Neurology_II.tar	https://www.synapse.org/Synapse:syn52361102				syn52361102	syn51365306				
EAS	FZD8	FZD8_Q9H461_OID30818_v1_Neurology_II.tar	https://www.synapse.org/Synapse:syn52360473				syn52360473	syn51365306				
EAS	GABARAPL1	GABARAPL1_Q9H0R8_OID31253_v1_Oncology_II.tar	https://www.synapse.org/Synapse:syn52359974				syn52359974	syn51365306				
EAS	GABARAP	GABARAP_O95166_OID31414_v1_Oncology_II.tar	https://www.synapse.org/Synapse:syn52360479				syn52360479	syn51365306				
EAS	GABRA4	GABRA4_P48169_OID30803_v1_Neurology_II.tar	https://www.synapse.org/Synapse:syn52359536				syn52359536	syn51365306				
EAS	GAD1	GAD1_Q99259_OID31166_v1_Oncology_II.tar	https://www.synapse.org/Synapse:syn52360043				syn52360043	syn51365306				
EAS	GAD2	GAD2_Q05329_OID30449_v1_Inflammation_II.tar	https://www.synapse.org/Synapse:syn52359854				syn52359854	syn51365306				
EAS	GADD45B	GADD45B_O75293_OID31261_v1_Oncology_II.tar	https://www.synapse.org/Synapse:syn52360610				syn52360610	syn51365306				
EAS	GADD45GIP1	GADD45GIP1_Q8TAE8_OID30237_v1_Cardiometabolic_II.tar	https://www.synapse.org/Synapse:syn52360024				syn52360024	syn51365306				
EAS	GAGE2A	GAGE2A_Q6NT46_OID31199_v1_Oncology_II.tar	https://www.synapse.org/Synapse:syn52360647				syn52360647	syn51365306				
EAS	GALNT10	GALNT10_Q86SR1_OID21371_v1_Oncology.tar	https://www.synapse.org/Synapse:syn51533266				syn51533266	syn51365306				
EAS	GALNT2	GALNT2_Q10471_OID21423_v1_Oncology.tar	https://www.synapse.org/Synapse:syn51526812				syn51526812	syn51365306				
EAS	GALNT3	GALNT3_Q14435_OID20471_v1_Inflammation.tar	https://www.synapse.org/Synapse:syn51526789				syn51526789	syn51365306				
EAS	GALNT5	GALNT5_Q7Z7M9_OID30295_v1_Cardiometabolic_II.tar	https://www.synapse.org/Synapse:syn52360965				syn52360965	syn51365306				
EAS	GALNT7	GALNT7_Q86SF2_OID21377_v1_Oncology.tar	https://www.synapse.org/Synapse:syn51531943				syn51531943	syn51365306				
EAS	GAL	GAL_P22466_OID20727_v1_Inflammation.tar	https://www.synapse.org/Synapse:syn51526987				syn51526987	syn51365306				
EAS	GAMT	GAMT_Q14353_OID30133_v1_Cardiometabolic_II.tar	https://www.synapse.org/Synapse:syn52360445				syn52360445	syn51365306				
EAS	GAPDH	GAPDH_P04406_OID30600_v1_Inflammation_II.tar	https://www.synapse.org/Synapse:syn52359930				syn52359930	syn51365306				
EAS	GART	GART_P22102_OID31004_v1_Neurology_II.tar	https://www.synapse.org/Synapse:syn52360077				syn52360077	syn51365306				
EAS	GAS2	GAS2_O43903_OID31285_v1_Oncology_II.tar	https://www.synapse.org/Synapse:syn52361062				syn52361062	syn51365306				
EAS	GAS6	GAS6_Q14393_OID20318_v1_Cardiometabolic.tar	https://www.synapse.org/Synapse:syn51533056				syn51533056	syn51365306				
EAS	GASK1A	GASK1A_Q9UFP1_OID30109_v1_Cardiometabolic_II.tar	https://www.synapse.org/Synapse:syn52361152				syn52361152	syn51365306				
EAS	GAST	GAST_P01350_OID31083_v1_Neurology_II.tar	https://www.synapse.org/Synapse:syn52359805				syn52359805	syn51365306				
EAS	GATA3	GATA3_P23771_OID31219_v1_Oncology_II.tar	https://www.synapse.org/Synapse:syn52360952				syn52360952	syn51365306				
EAS	GATD3	GATD3_P0DPI2_OID30253_v1_Cardiometabolic_II.tar	https://www.synapse.org/Synapse:syn52359545				syn52359545	syn51365306				
EAS	GBA	GBA_P04062_OID30966_v1_Neurology_II.tar	https://www.synapse.org/Synapse:syn52359541				syn52359541	syn51365306				
EAS	GBP1	GBP1_P32455_OID31128_v1_Neurology_II.tar	https://www.synapse.org/Synapse:syn52361095				syn52361095	syn51365306				
EAS	GBP2	GBP2_P32456_OID20489_v1_Inflammation.tar	https://www.synapse.org/Synapse:syn51527294				syn51527294	syn51365306				
EAS	GBP4	GBP4_Q96PP9_OID20845_v1_Neurology.tar	https://www.synapse.org/Synapse:syn51527326				syn51527326	syn51365306				
EAS	GBP6	GBP6_Q6ZN66_OID30139_v1_Cardiometabolic_II.tar	https://www.synapse.org/Synapse:syn52359700				syn52359700	syn51365306				
EAS	GCC1	GCC1_Q96CN9_OID31147_v1_Neurology_II.tar	https://www.synapse.org/Synapse:syn52359962				syn52359962	syn51365306				
EAS	GCG	GCG_P01275_OID21263_v1_Oncology.tar	https://www.synapse.org/Synapse:syn51533048				syn51533048	syn51365306				
EAS	GCHFR	GCHFR_P30047_OID30631_v1_Inflammation_II.tar	https://www.synapse.org/Synapse:syn52359823				syn52359823	syn51365306				
EAS	GCLM	GCLM_P48507_OID30059_v1_Cardiometabolic_II.tar	https://www.synapse.org/Synapse:syn52360268				syn52360268	syn51365306				
EAS	GCNT1	GCNT1_Q02742_OID21379_v1_Oncology.tar	https://www.synapse.org/Synapse:syn51533195				syn51533195	syn51365306				
EAS	GC	GC_P02774_OID30780_v1_Inflammation_II.tar	https://www.synapse.org/Synapse:syn52360114				syn52360114	syn51365306				
EAS	GDF15	GDF15_Q99988_OID20251_v1_Cardiometabolic.tar	https://www.synapse.org/Synapse:syn51533369				syn51533369	syn51365306				
EAS	GDF2	GDF2_Q9UK05_OID20202_v1_Cardiometabolic.tar	https://www.synapse.org/Synapse:syn51526549				syn51526549	syn51365306				
EAS	GDNF	GDNF_P39905_OID20861_v1_Neurology.tar	https://www.synapse.org/Synapse:syn51533649				syn51533649	syn51365306				
EAS	GET3	GET3_O43681_OID30303_v1_Cardiometabolic_II.tar	https://www.synapse.org/Synapse:syn52360320				syn52360320	syn51365306				
EAS	GFAP	GFAP_P14136_OID21247_v1_Oncology.tar	https://www.synapse.org/Synapse:syn51533358				syn51533358	syn51365306				
EAS	GFER	GFER_P55789_OID21259_v1_Oncology.tar	https://www.synapse.org/Synapse:syn51533711				syn51533711	syn51365306				
EAS	GFOD2	GFOD2_Q3B7J2_OID21216_v1_Oncology.tar	https://www.synapse.org/Synapse:syn51526954				syn51526954	syn51365306				
EAS	GFRA1	GFRA1_P56159_OID21457_v1_Oncology.tar	https://www.synapse.org/Synapse:syn51526761				syn51526761	syn51365306				
EAS	GFRA2	GFRA2_O00451_OID21330_v1_Oncology.tar	https://www.synapse.org/Synapse:syn51533180				syn51533180	syn51365306				
EAS	GFRA3	GFRA3_O60609_OID20933_v1_Neurology.tar	https://www.synapse.org/Synapse:syn51526520				syn51526520	syn51365306				
EAS	GFRAL	GFRAL_Q6UXV0_OID31091_v1_Neurology_II.tar	https://www.synapse.org/Synapse:syn52360097				syn52360097	syn51365306				
EAS	GGA1	GGA1_Q9UJY5_OID20838_v1_Neurology.tar	https://www.synapse.org/Synapse:syn51527320				syn51527320	syn51365306				
EAS	GGACT	GGACT_Q9BVM4_OID30290_v1_Cardiometabolic_II.tar	https://www.synapse.org/Synapse:syn52361210				syn52361210	syn51365306				
EAS	GGCT	GGCT_O75223_OID30304_v1_Cardiometabolic_II.tar	https://www.synapse.org/Synapse:syn52359543				syn52359543	syn51365306				
EAS	GGH	GGH_Q92820_OID20416_v1_Cardiometabolic.tar	https://www.synapse.org/Synapse:syn51531908				syn51531908	syn51365306				
EAS	GGT1	GGT1_P19440_OID21075_v1_Neurology.tar	https://www.synapse.org/Synapse:syn51526931				syn51526931	syn51365306				
EAS	GGT5	GGT5_P36269_OID20909_v1_Neurology.tar	https://www.synapse.org/Synapse:syn51533051				syn51533051	syn51365306				
EAS	GH1	GH1_P01241_OID20220_v1_Cardiometabolic.tar	https://www.synapse.org/Synapse:syn51533368				syn51533368	syn51365306				
EAS	GH2	GH2_P01242_OID21168_v1_Oncology.tar	https://www.synapse.org/Synapse:syn51527097				syn51527097	syn51365306				
EAS	GHRHR	GHRHR_Q02643_OID20841_v1_Neurology.tar	https://www.synapse.org/Synapse:syn51527192				syn51527192	syn51365306				
EAS	GHRL	GHRL_Q9UBU3_OID20175_v1_Cardiometabolic.tar	https://www.synapse.org/Synapse:syn51533664				syn51533664	syn51365306				
EAS	GHR	GHR_P10912_OID30574_v1_Inflammation_II.tar	https://www.synapse.org/Synapse:syn52360297				syn52360297	syn51365306				
EAS	GID8	GID8_Q9NWU2_OID31041_v1_Neurology_II.tar	https://www.synapse.org/Synapse:syn52360628				syn52360628	syn51365306				
EAS	GIGYF2	GIGYF2_Q6Y7W6_OID31062_v1_Neurology_II.tar	https://www.synapse.org/Synapse:syn52360561				syn52360561	syn51365306				
EAS	GIMAP7	GIMAP7_Q8NHV1_OID30639_v1_Inflammation_II.tar	https://www.synapse.org/Synapse:syn52360494				syn52360494	syn51365306				
EAS	GIMAP8	GIMAP8_Q8ND71_OID31194_v1_Oncology_II.tar	https://www.synapse.org/Synapse:syn52360614				syn52360614	syn51365306				
EAS	GIPC2	GIPC2_Q8TF65_OID31153_v1_Neurology_II.tar	https://www.synapse.org/Synapse:syn52360193				syn52360193	syn51365306				
EAS	GIPC3	GIPC3_Q8TF64_OID31507_v1_Oncology_II.tar	https://www.synapse.org/Synapse:syn52359840				syn52359840	syn51365306				
EAS	GIPR	GIPR_P48546_OID30542_v1_Inflammation_II.tar	https://www.synapse.org/Synapse:syn52360631				syn52360631	syn51365306				
EAS	GIP	GIP_P09681_OID30288_v1_Cardiometabolic_II.tar	https://www.synapse.org/Synapse:syn52360611				syn52360611	syn51365306				
EAS	GIT1	GIT1_Q9Y2X7_OID30533_v1_Inflammation_II.tar	https://www.synapse.org/Synapse:syn52360681				syn52360681	syn51365306				
EAS	GJA8	GJA8_P48165_OID31187_v1_Oncology_II.tar	https://www.synapse.org/Synapse:syn52360727				syn52360727	syn51365306				
EAS	GKN1	GKN1_Q9NS71_OID20885_v1_Neurology.tar	https://www.synapse.org/Synapse:syn51526719				syn51526719	syn51365306				
EAS	GLA	GLA_P06280_OID30594_v1_Inflammation_II.tar	https://www.synapse.org/Synapse:syn52360988				syn52360988	syn51365306				
EAS	GLB1	GLB1_P16278_OID20949_v1_Neurology.tar	https://www.synapse.org/Synapse:syn51528252				syn51528252	syn51365306				
EAS	GLI2	GLI2_P10070_OID30429_v1_Inflammation_II.tar	https://www.synapse.org/Synapse:syn52360143				syn52360143	syn51365306				
EAS	GLO1	GLO1_Q04760_OID20107_v1_Cardiometabolic.tar	https://www.synapse.org/Synapse:syn51526661				syn51526661	syn51365306				
EAS	GLOD4	GLOD4_Q9HC38_OID20710_v1_Inflammation.tar	https://www.synapse.org/Synapse:syn51526732				syn51526732	syn51365306				
EAS	GLP1R	GLP1R_P43220_OID30809_v1_Neurology_II.tar	https://www.synapse.org/Synapse:syn52360147				syn52360147	syn51365306				
EAS	GLRX5	GLRX5_Q86SX6_OID30663_v1_Inflammation_II.tar	https://www.synapse.org/Synapse:syn52360390				syn52360390	syn51365306				
EAS	GLRX	GLRX_P35754_OID20195_v1_Cardiometabolic.tar	https://www.synapse.org/Synapse:syn51528491				syn51528491	syn51365306				
EAS	GLT8D2	GLT8D2_Q9H1C3_OID20825_v1_Neurology.tar	https://www.synapse.org/Synapse:syn51527012				syn51527012	syn51365306				
EAS	GLYR1	GLYR1_Q49A26_OID31364_v1_Oncology_II.tar	https://www.synapse.org/Synapse:syn52360300				syn52360300	syn51365306				
EAS	GM2A	GM2A_P17900_OID30413_v1_Cardiometabolic_II.tar	https://www.synapse.org/Synapse:syn52359986				syn52359986	syn51365306				
EAS	GMFG	GMFG_O60234_OID30340_v1_Cardiometabolic_II.tar	https://www.synapse.org/Synapse:syn52361070				syn52361070	syn51365306				
EAS	GMPR2	GMPR2_Q9P2T1_OID30623_v1_Inflammation_II.tar	https://www.synapse.org/Synapse:syn52360493				syn52360493	syn51365306				
EAS	GMPR	GMPR_P36959_OID20641_v1_Inflammation.tar	https://www.synapse.org/Synapse:syn51526599				syn51526599	syn51365306				
EAS	GNAS	GNAS_O95467_OID31008_v1_Neurology_II.tar	https://www.synapse.org/Synapse:syn52360212				syn52360212	syn51365306				
EAS	GNE	GNE_Q9Y223_OID21231_v1_Oncology.tar	https://www.synapse.org/Synapse:syn51533638				syn51533638	syn51365306				
EAS	GNGT1	GNGT1_P63211_OID30920_v1_Neurology_II.tar	https://www.synapse.org/Synapse:syn52360607				syn52360607	syn51365306				
EAS	GNLY	GNLY_P22749_OID21132_v1_Neurology.tar	https://www.synapse.org/Synapse:syn51527217				syn51527217	syn51365306				
EAS	GNPDA1	GNPDA1_P46926_OID30197_v1_Cardiometabolic_II.tar	https://www.synapse.org/Synapse:syn52360916				syn52360916	syn51365306				
EAS	GNPDA2	GNPDA2_Q8TDQ7_OID30597_v1_Inflammation_II.tar	https://www.synapse.org/Synapse:syn52359669				syn52359669	syn51365306				
EAS	GOLGA3	GOLGA3_Q08378_OID31026_v1_Neurology_II.tar	https://www.synapse.org/Synapse:syn52360452				syn52360452	syn51365306				
EAS	GOLM2	GOLM2_Q6P4E1_OID21044_v1_Neurology.tar	https://www.synapse.org/Synapse:syn51533090				syn51533090	syn51365306				
EAS	GOPC	GOPC_Q9HD26_OID20551_v1_Inflammation.tar	https://www.synapse.org/Synapse:syn51526648				syn51526648	syn51365306				
EAS	GORASP2	GORASP2_Q9H8Y8_OID31438_v1_Oncology_II.tar	https://www.synapse.org/Synapse:syn52359557				syn52359557	syn51365306				
EAS	GOT1	GOT1_P17174_OID30417_v1_Cardiometabolic_II.tar	https://www.synapse.org/Synapse:syn52361156				syn52361156	syn51365306				
EAS	GP1BA	GP1BA_P07359_OID20381_v1_Cardiometabolic.tar	https://www.synapse.org/Synapse:syn51526727				syn51526727	syn51365306				
EAS	GP1BB	GP1BB_P13224_OID30174_v1_Cardiometabolic_II.tar	https://www.synapse.org/Synapse:syn52359799				syn52359799	syn51365306				
EAS	GP2	GP2_P55259_OID20090_v1_Cardiometabolic.tar	https://www.synapse.org/Synapse:syn51527172				syn51527172	syn51365306				
EAS	GP5	GP5_P40197_OID30611_v1_Inflammation_II.tar	https://www.synapse.org/Synapse:syn52359908				syn52359908	syn51365306				
EAS	GP6	GP6_Q9HCN6_OID21091_v1_Neurology.tar	https://www.synapse.org/Synapse:syn51526926				syn51526926	syn51365306				
EAS	GPA33	GPA33_Q99795_OID21376_v1_Oncology.tar	https://www.synapse.org/Synapse:syn51526582				syn51526582	syn51365306				
EAS	GPC1	GPC1_P35052_OID21438_v1_Oncology.tar	https://www.synapse.org/Synapse:syn51527068				syn51527068	syn51365306				
EAS	GPC5	GPC5_P78333_OID20944_v1_Neurology.tar	https://www.synapse.org/Synapse:syn51527251				syn51527251	syn51365306				
EAS	GPD1	GPD1_P21695_OID31358_v1_Oncology_II.tar	https://www.synapse.org/Synapse:syn52359609				syn52359609	syn51365306				
EAS	GPHA2	GPHA2_Q96T91_OID31437_v1_Oncology_II.tar	https://www.synapse.org/Synapse:syn52360383				syn52360383	syn51365306				
EAS	GPIHBP1	GPIHBP1_Q8IV16_OID31469_v1_Oncology_II.tar	https://www.synapse.org/Synapse:syn52359642				syn52359642	syn51365306				
EAS	GPI	GPI_P06744_OID30680_v1_Inflammation_II.tar	https://www.synapse.org/Synapse:syn52360264				syn52360264	syn51365306				
EAS	GPKOW	GPKOW_Q92917_OID20890_v1_Neurology.tar	https://www.synapse.org/Synapse:syn51526965				syn51526965	syn51365306				
EAS	GPNMB	GPNMB_Q14956_OID20173_v1_Cardiometabolic.tar	https://www.synapse.org/Synapse:syn51533557				syn51533557	syn51365306				
EAS	GPR101	GPR101_Q96P66_OID30819_v1_Neurology_II.tar	https://www.synapse.org/Synapse:syn52359572				syn52359572	syn51365306				
EAS	GPR158	GPR158_Q5T848_OID31013_v1_Neurology_II.tar	https://www.synapse.org/Synapse:syn52359877				syn52359877	syn51365306				
EAS	GPR15L	GPR15L_Q6UWK7_OID31511_v1_Oncology_II.tar	https://www.synapse.org/Synapse:syn52360642				syn52360642	syn51365306				
EAS	GPR37	GPR37_O15354_OID20095_v1_Cardiometabolic.tar	https://www.synapse.org/Synapse:syn51529933				syn51529933	syn51365306				
EAS	GPRC5C	GPRC5C_Q9NQ84_OID31340_v1_Oncology_II.tar	https://www.synapse.org/Synapse:syn52359539				syn52359539	syn51365306				
EAS	GRAP2	GRAP2_O75791_OID20192_v1_Cardiometabolic.tar	https://www.synapse.org/Synapse:syn51533234				syn51533234	syn51365306				
EAS	GRHPR	GRHPR_Q9UBQ7_OID30289_v1_Cardiometabolic_II.tar	https://www.synapse.org/Synapse:syn52359793				syn52359793	syn51365306				
EAS	GRIK2	GRIK2_Q13002_OID30977_v1_Neurology_II.tar	https://www.synapse.org/Synapse:syn52359888				syn52359888	syn51365306				
EAS	GRIN2B	GRIN2B_Q13224_OID30802_v1_Neurology_II.tar	https://www.synapse.org/Synapse:syn52360972				syn52360972	syn51365306				
EAS	GRK5	GRK5_P34947_OID20066_v1_Cardiometabolic.tar	https://www.synapse.org/Synapse:syn51533130				syn51533130	syn51365306				
EAS	GRN	GRN_P28799_OID21159_v1_Neurology.tar	https://www.synapse.org/Synapse:syn51531407				syn51531407	syn51365306				
EAS	GRPEL1	GRPEL1_Q9HAV7_OID21309_v1_Oncology.tar	https://www.synapse.org/Synapse:syn51526822				syn51526822	syn51365306				
EAS	GRP	GRP_P07492_OID30264_v1_Cardiometabolic_II.tar	https://www.synapse.org/Synapse:syn52360382				syn52360382	syn51365306				
EAS	GRSF1	GRSF1_Q12849_OID31224_v1_Oncology_II.tar	https://www.synapse.org/Synapse:syn52360399				syn52360399	syn51365306				
EAS	GSAP	GSAP_A4D1B5_OID21173_v1_Oncology.tar	https://www.synapse.org/Synapse:syn51527226				syn51527226	syn51365306				
EAS	GSN	GSN_P06396_OID30714_v1_Inflammation_II.tar	https://www.synapse.org/Synapse:syn52360299				syn52360299	syn51365306				
EAS	GSR	GSR_P00390_OID30700_v1_Inflammation_II.tar	https://www.synapse.org/Synapse:syn52360504				syn52360504	syn51365306				
EAS	GSTA1	GSTA1_P08263_OID20166_v1_Cardiometabolic.tar	https://www.synapse.org/Synapse:syn51526676				syn51526676	syn51365306				
EAS	GSTA3	GSTA3_Q16772_OID21242_v1_Oncology.tar	https://www.synapse.org/Synapse:syn51526910				syn51526910	syn51365306				
EAS	GSTM4	GSTM4_Q03013_OID30164_v1_Cardiometabolic_II.tar	https://www.synapse.org/Synapse:syn52360625				syn52360625	syn51365306				
EAS	GSTP1	GSTP1_P09211_OID20876_v1_Neurology.tar	https://www.synapse.org/Synapse:syn51533186				syn51533186	syn51365306				
EAS	GSTT2B	GSTT2B_P0CG30_OID31097_v1_Neurology_II.tar	https://www.synapse.org/Synapse:syn52361154				syn52361154	syn51365306				
EAS	GTF2IRD1	GTF2IRD1_Q9UHL9_OID31264_v1_Oncology_II.tar	https://www.synapse.org/Synapse:syn52360329				syn52360329	syn51365306				
EAS	GTPBP2	GTPBP2_Q9BX10_OID30946_v1_Neurology_II.tar	https://www.synapse.org/Synapse:syn52360665				syn52360665	syn51365306				
EAS	GUCA2A	GUCA2A_Q02747_OID21101_v1_Neurology.tar	https://www.synapse.org/Synapse:syn51527290				syn51527290	syn51365306				
EAS	GUCY2C	GUCY2C_P25092_OID31318_v1_Oncology_II.tar	https://www.synapse.org/Synapse:syn52359975				syn52359975	syn51365306				
EAS	GUK1	GUK1_Q16774_OID30148_v1_Cardiometabolic_II.tar	https://www.synapse.org/Synapse:syn52360462				syn52360462	syn51365306				
EAS	GUSB	GUSB_P08236_OID20296_v1_Cardiometabolic.tar	https://www.synapse.org/Synapse:syn51533162				syn51533162	syn51365306				
EAS	GYS1	GYS1_P13807_OID20097_v1_Cardiometabolic.tar	https://www.synapse.org/Synapse:syn51533235				syn51533235	syn51365306				
EAS	GZMA	GZMA_P12544_OID20663_v1_Inflammation.tar	https://www.synapse.org/Synapse:syn51527023				syn51527023	syn51365306				
EAS	GZMB	GZMB_P10144_OID20604_v1_Inflammation.tar	https://www.synapse.org/Synapse:syn51533584				syn51533584	syn51365306				
EAS	GZMH	GZMH_P20718_OID20096_v1_Cardiometabolic.tar	https://www.synapse.org/Synapse:syn51533103				syn51533103	syn51365306				
EAS	H2AP	H2AP_O75409_OID31232_v1_Oncology_II.tar	https://www.synapse.org/Synapse:syn52360477				syn52360477	syn51365306				
EAS	HADH	HADH_Q16836_OID30132_v1_Cardiometabolic_II.tar	https://www.synapse.org/Synapse:syn52360889				syn52360889	syn51365306				
EAS	HAGH	HAGH_Q16775_OID21459_v1_Oncology.tar	https://www.synapse.org/Synapse:syn51527163				syn51527163	syn51365306				
EAS	HAO1	HAO1_Q9UJM8_OID21395_v1_Oncology.tar	https://www.synapse.org/Synapse:syn51526626				syn51526626	syn51365306				
EAS	HARS1	HARS1_P12081_OID21086_v1_Neurology.tar	https://www.synapse.org/Synapse:syn51533114				syn51533114	syn51365306				
EAS	HAVCR1	HAVCR1_Q96D42_OID21422_v1_Oncology.tar	https://www.synapse.org/Synapse:syn51533688				syn51533688	syn51365306				
EAS	HAVCR2	HAVCR2_Q8TDQ0_OID21137_v1_Neurology.tar	https://www.synapse.org/Synapse:syn51533219				syn51533219	syn51365306				
EAS	HBEGF	HBEGF_Q99075_OID21465_v1_Oncology.tar	https://www.synapse.org/Synapse:syn51526969				syn51526969	syn51365306				
EAS	HBQ1	HBQ1_P09105_OID21433_v1_Oncology.tar	https://www.synapse.org/Synapse:syn51533323				syn51533323	syn51365306				
EAS	HBZ	HBZ_P02008_OID30307_v1_Cardiometabolic_II.tar	https://www.synapse.org/Synapse:syn52359837				syn52359837	syn51365306				
EAS	HCG22	HCG22_E2RYF7_OID30088_v1_Cardiometabolic_II.tar	https://www.synapse.org/Synapse:syn52359714				syn52359714	syn51365306				
EAS	HCLS1	HCLS1_P14317_OID20648_v1_Inflammation.tar	https://www.synapse.org/Synapse:syn51526578				syn51526578	syn51365306				
EAS	HDAC8	HDAC8_Q9BY41_OID30436_v1_Inflammation_II.tar	https://www.synapse.org/Synapse:syn52360284				syn52360284	syn51365306				
EAS	HDAC9	HDAC9_Q9UKV0_OID30832_v1_Neurology_II.tar	https://www.synapse.org/Synapse:syn52360502				syn52360502	syn51365306				
EAS	HDDC2	HDDC2_Q7Z4H3_OID31447_v1_Oncology_II.tar	https://www.synapse.org/Synapse:syn52360946				syn52360946	syn51365306				
EAS	HDGFL2	HDGFL2_Q7Z4V5_OID31136_v1_Neurology_II.tar	https://www.synapse.org/Synapse:syn52360939				syn52360939	syn51365306				
EAS	HDGF	HDGF_P51858_OID21455_v1_Oncology.tar	https://www.synapse.org/Synapse:syn51526991				syn51526991	syn51365306				
EAS	HEBP1	HEBP1_Q9NRV9_OID20063_v1_Cardiometabolic.tar	https://www.synapse.org/Synapse:syn51533174				syn51533174	syn51365306				
EAS	HEG1	HEG1_Q9ULI3_OID30579_v1_Inflammation_II.tar	https://www.synapse.org/Synapse:syn52360437				syn52360437	syn51365306				
EAS	HEPACAM2	HEPACAM2_A8MVW5_OID31151_v1_Neurology_II.tar	https://www.synapse.org/Synapse:syn52360877				syn52360877	syn51365306				
EAS	HEPH	HEPH_Q9BQS7_OID30337_v1_Cardiometabolic_II.tar	https://www.synapse.org/Synapse:syn52360086				syn52360086	syn51365306				
EAS	HEXIM1	HEXIM1_O94992_OID20589_v1_Inflammation.tar	https://www.synapse.org/Synapse:syn51527055				syn51527055	syn51365306				
EAS	HGFAC	HGFAC_Q04756_OID30718_v1_Inflammation_II.tar	https://www.synapse.org/Synapse:syn52359565				syn52359565	syn51365306				
EAS	HGF	HGF_P14210_OID20656_v1_Inflammation.tar	https://www.synapse.org/Synapse:syn51533175				syn51533175	syn51365306				
EAS	HGS	HGS_O14964_OID21175_v1_Oncology.tar	https://www.synapse.org/Synapse:syn51526654				syn51526654	syn51365306				
EAS	HHEX	HHEX_Q03014_OID31107_v1_Neurology_II.tar	https://www.synapse.org/Synapse:syn52361100				syn52361100	syn51365306				
EAS	HIF1A	HIF1A_Q16665_OID30425_v1_Inflammation_II.tar	https://www.synapse.org/Synapse:syn52360861				syn52360861	syn51365306				
EAS	HIP1R	HIP1R_O75146_OID31141_v1_Neurology_II.tar	https://www.synapse.org/Synapse:syn52360010				syn52360010	syn51365306				
EAS	HIP1	HIP1_O00291_OID30071_v1_Cardiometabolic_II.tar	https://www.synapse.org/Synapse:syn52360807				syn52360807	syn51365306				
EAS	HJV	HJV_Q6ZVN8_OID31006_v1_Neurology_II.tar	https://www.synapse.org/Synapse:syn52360476				syn52360476	syn51365306				
EAS	HK2	HK2_P52789_OID20065_v1_Cardiometabolic.tar	https://www.synapse.org/Synapse:syn51527241				syn51527241	syn51365306				
EAS	HLA-A	HLA-A_P04439_OID31048_v1_Neurology_II.tar	https://www.synapse.org/Synapse:syn52360740				syn52360740	syn51365306				
EAS	HLA-DRA	HLA-DRA_P01903_OID20520_v1_Inflammation.tar	https://www.synapse.org/Synapse:syn51530949				syn51530949	syn51365306				
EAS	HLA-E	HLA-E_P13747_OID20532_v1_Inflammation.tar	https://www.synapse.org/Synapse:syn51533053				syn51533053	syn51365306				
EAS	HMBS	HMBS_P08397_OID21385_v1_Oncology.tar	https://www.synapse.org/Synapse:syn51527030				syn51527030	syn51365306				
EAS	HMCN2	HMCN2_Q8NDA2_OID30592_v1_Inflammation_II.tar	https://www.synapse.org/Synapse:syn52360535				syn52360535	syn51365306				
EAS	HMGCL	HMGCL_P35914_OID30214_v1_Cardiometabolic_II.tar	https://www.synapse.org/Synapse:syn52360274				syn52360274	syn51365306				
EAS	HMGCS1	HMGCS1_Q01581_OID30157_v1_Cardiometabolic_II.tar	https://www.synapse.org/Synapse:syn52359519				syn52359519	syn51365306				
EAS	HMMR	HMMR_O75330_OID31175_v1_Oncology_II.tar	https://www.synapse.org/Synapse:syn52361173				syn52361173	syn51365306				
EAS	HMOX1	HMOX1_P09601_OID20217_v1_Cardiometabolic.tar	https://www.synapse.org/Synapse:syn51526980				syn51526980	syn51365306				
EAS	HMOX2	HMOX2_P30519_OID20887_v1_Neurology.tar	https://www.synapse.org/Synapse:syn51526621				syn51526621	syn51365306				
EAS	HNF1A	HNF1A_P20823_OID30919_v1_Neurology_II.tar	https://www.synapse.org/Synapse:syn52360822				syn52360822	syn51365306				
EAS	HNMT	HNMT_P50135_OID20975_v1_Neurology.tar	https://www.synapse.org/Synapse:syn51527044				syn51527044	syn51365306				
EAS	HNRNPK	HNRNPK_P61978_OID20051_v1_Cardiometabolic.tar	https://www.synapse.org/Synapse:syn51527215				syn51527215	syn51365306				
EAS	HNRNPUL1	HNRNPUL1_Q9BUJ2_OID31037_v1_Neurology_II.tar	https://www.synapse.org/Synapse:syn52360082				syn52360082	syn51365306				
EAS	HPCAL1	HPCAL1_P37235_OID20615_v1_Inflammation.tar	https://www.synapse.org/Synapse:syn51533042				syn51533042	syn51365306				
EAS	HPGDS	HPGDS_O60760_OID21266_v1_Oncology.tar	https://www.synapse.org/Synapse:syn51527188				syn51527188	syn51365306				
EAS	HPSE	HPSE_Q9Y251_OID30409_v1_Cardiometabolic_II.tar	https://www.synapse.org/Synapse:syn52361089				syn52361089	syn51365306				
EAS	HRAS	HRAS_P01112_OID31263_v1_Oncology_II.tar	https://www.synapse.org/Synapse:syn52360640				syn52360640	syn51365306				
EAS	HRC	HRC_P23327_OID30211_v1_Cardiometabolic_II.tar	https://www.synapse.org/Synapse:syn52361097				syn52361097	syn51365306				
EAS	HRG	HRG_P04196_OID30770_v1_Inflammation_II.tar	https://www.synapse.org/Synapse:syn52360907				syn52360907	syn51365306				
EAS	HS1BP3	HS1BP3_Q53T59_OID30243_v1_Cardiometabolic_II.tar	https://www.synapse.org/Synapse:syn52360019				syn52360019	syn51365306				
EAS	HS3ST3B1	HS3ST3B1_Q9Y662_OID21303_v1_Oncology.tar	https://www.synapse.org/Synapse:syn51533052				syn51533052	syn51365306				
EAS	HS6ST1	HS6ST1_O60243_OID21441_v1_Oncology.tar	https://www.synapse.org/Synapse:syn51533030				syn51533030	syn51365306				
EAS	HS6ST2	HS6ST2_Q96MM7_OID30481_v1_Inflammation_II.tar	https://www.synapse.org/Synapse:syn52359646				syn52359646	syn51365306				
EAS	HSBP1	HSBP1_O75506_OID30232_v1_Cardiometabolic_II.tar	https://www.synapse.org/Synapse:syn52359731				syn52359731	syn51365306				
EAS	HSD11B1	HSD11B1_P28845_OID20575_v1_Inflammation.tar	https://www.synapse.org/Synapse:syn51526913				syn51526913	syn51365306				
EAS	HSD17B14	HSD17B14_Q9BPX1_OID31098_v1_Neurology_II.tar	https://www.synapse.org/Synapse:syn52359899				syn52359899	syn51365306				
EAS	HSD17B3	HSD17B3_P37058_OID30145_v1_Cardiometabolic_II.tar	https://www.synapse.org/Synapse:syn52360891				syn52360891	syn51365306				
EAS	HSDL2	HSDL2_Q6YN16_OID30256_v1_Cardiometabolic_II.tar	https://www.synapse.org/Synapse:syn52361198				syn52361198	syn51365306				
EAS	HSP90B1	HSP90B1_P14625_OID20829_v1_Neurology.tar	https://www.synapse.org/Synapse:syn51526722				syn51526722	syn51365306				
EAS	HSPA1A	HSPA1A_P0DMV8_OID20718_v1_Inflammation.tar	https://www.synapse.org/Synapse:syn51527176				syn51527176	syn51365306				
EAS	HSPA2	HSPA2_P54652_OID31424_v1_Oncology_II.tar	https://www.synapse.org/Synapse:syn52359657				syn52359657	syn51365306				
EAS	HSPB1	HSPB1_P04792_OID20230_v1_Cardiometabolic.tar	https://www.synapse.org/Synapse:syn51533045				syn51533045	syn51365306				
EAS	HSPB6	HSPB6_O14558_OID21408_v1_Oncology.tar	https://www.synapse.org/Synapse:syn51527233				syn51527233	syn51365306				
EAS	HSPG2	HSPG2_P98160_OID20383_v1_Cardiometabolic.tar	https://www.synapse.org/Synapse:syn51527103				syn51527103	syn51365306				
EAS	HTR1A	HTR1A_P08908_OID30824_v1_Neurology_II.tar	https://www.synapse.org/Synapse:syn52361022				syn52361022	syn51365306				
EAS	HTR1B	HTR1B_P28222_OID30866_v1_Neurology_II.tar	https://www.synapse.org/Synapse:syn52360496				syn52360496	syn51365306				
EAS	HTRA2	HTRA2_O43464_OID21471_v1_Oncology.tar	https://www.synapse.org/Synapse:syn51526688				syn51526688	syn51365306				
EAS	HYAL1	HYAL1_Q12794_OID20357_v1_Cardiometabolic.tar	https://www.synapse.org/Synapse:syn51527156				syn51527156	syn51365306				
EAS	HYOU1	HYOU1_Q9Y4L1_OID20300_v1_Cardiometabolic.tar	https://www.synapse.org/Synapse:syn51527139				syn51527139	syn51365306				
EAS	ICA1	ICA1_Q05084_OID20484_v1_Inflammation.tar	https://www.synapse.org/Synapse:syn51533314				syn51533314	syn51365306				
EAS	ICAM1	ICAM1_P05362_OID20411_v1_Cardiometabolic.tar	https://www.synapse.org/Synapse:syn51529440				syn51529440	syn51365306				
EAS	ICAM2	ICAM2_P13598_OID20248_v1_Cardiometabolic.tar	https://www.synapse.org/Synapse:syn51530665				syn51530665	syn51365306				
EAS	ICAM3	ICAM3_P32942_OID20277_v1_Cardiometabolic.tar	https://www.synapse.org/Synapse:syn51532206				syn51532206	syn51365306				
EAS	ICAM4	ICAM4_Q14773_OID20578_v1_Inflammation.tar	https://www.synapse.org/Synapse:syn51526573				syn51526573	syn51365306				
EAS	ICAM5	ICAM5_Q9UMF0_OID20145_v1_Cardiometabolic.tar	https://www.synapse.org/Synapse:syn51532607				syn51532607	syn51365306				
EAS	ICOSLG	ICOSLG_O75144_OID21351_v1_Oncology.tar	https://www.synapse.org/Synapse:syn51526964				syn51526964	syn51365306				
EAS	ID4	ID4_P47928_OID31284_v1_Oncology_II.tar	https://www.synapse.org/Synapse:syn52359655				syn52359655	syn51365306				
EAS	IDI2	IDI2_Q9BXS1_OID20823_v1_Neurology.tar	https://www.synapse.org/Synapse:syn51526824				syn51526824	syn51365306				
EAS	IDO1	IDO1_P14902_OID30230_v1_Cardiometabolic_II.tar	https://www.synapse.org/Synapse:syn52359534				syn52359534	syn51365306				
EAS	IDO1	IDO1_P14902_OID30563_v1_Inflammation_II.tar	https://www.synapse.org/Synapse:syn52360228				syn52360228	syn51365306				
EAS	IDO1	IDO1_P14902_OID31050_v1_Neurology_II.tar	https://www.synapse.org/Synapse:syn52359552				syn52359552	syn51365306				
EAS	IDO1	IDO1_P14902_OID31474_v1_Oncology_II.tar	https://www.synapse.org/Synapse:syn52361086				syn52361086	syn51365306				
EAS	IDS	IDS_P22304_OID20619_v1_Inflammation.tar	https://www.synapse.org/Synapse:syn51527171				syn51527171	syn51365306				
EAS	IDUA	IDUA_P35475_OID21468_v1_Oncology.tar	https://www.synapse.org/Synapse:syn51533211				syn51533211	syn51365306				
EAS	IFI30	IFI30_P13284_OID31505_v1_Oncology_II.tar	https://www.synapse.org/Synapse:syn52360310				syn52360310	syn51365306				
EAS	IFIT1	IFIT1_P09914_OID31310_v1_Oncology_II.tar	https://www.synapse.org/Synapse:syn52360285				syn52360285	syn51365306				
EAS	IFIT3	IFIT3_O14879_OID31283_v1_Oncology_II.tar	https://www.synapse.org/Synapse:syn52359931				syn52359931	syn51365306				
EAS	IFNAR1	IFNAR1_P17181_OID31491_v1_Oncology_II.tar	https://www.synapse.org/Synapse:syn52361064				syn52361064	syn51365306				
EAS	IFNGR1	IFNGR1_P15260_OID20678_v1_Inflammation.tar	https://www.synapse.org/Synapse:syn51533038				syn51533038	syn51365306				
EAS	IFNGR2	IFNGR2_P38484_OID20941_v1_Neurology.tar	https://www.synapse.org/Synapse:syn51526979				syn51526979	syn51365306				
EAS	IFNG	IFNG_P01579_OID20495_v1_Inflammation.tar	https://www.synapse.org/Synapse:syn51533603				syn51533603	syn51365306				
EAS	IFNL1	IFNL1_Q8IU54_OID20795_v1_Neurology.tar	https://www.synapse.org/Synapse:syn51533353				syn51533353	syn51365306				
EAS	IFNL2	IFNL2_Q8IZJ0_OID30791_v1_Neurology_II.tar	https://www.synapse.org/Synapse:syn52360923				syn52360923	syn51365306				
EAS	IFNLR1	IFNLR1_Q8IU57_OID20506_v1_Inflammation.tar	https://www.synapse.org/Synapse:syn51527107				syn51527107	syn51365306				
EAS	IFNW1	IFNW1_P05000_OID30129_v1_Cardiometabolic_II.tar	https://www.synapse.org/Synapse:syn52361179				syn52361179	syn51365306				
EAS	IFT20	IFT20_Q8IY31_OID30962_v1_Neurology_II.tar	https://www.synapse.org/Synapse:syn52360045				syn52360045	syn51365306				
EAS	IGBP1	IGBP1_P78318_OID31059_v1_Neurology_II.tar	https://www.synapse.org/Synapse:syn52360463				syn52360463	syn51365306				
EAS	IGDCC3	IGDCC3_Q8IVU1_OID30862_v1_Neurology_II.tar	https://www.synapse.org/Synapse:syn52360492				syn52360492	syn51365306				
EAS	IGDCC4	IGDCC4_Q8TDY8_OID30402_v1_Cardiometabolic_II.tar	https://www.synapse.org/Synapse:syn52360229				syn52360229	syn51365306				
EAS	IGF1R	IGF1R_P08069_OID21274_v1_Oncology.tar	https://www.synapse.org/Synapse:syn51527222				syn51527222	syn51365306				
EAS	IGF2BP3	IGF2BP3_O00425_OID30112_v1_Cardiometabolic_II.tar	https://www.synapse.org/Synapse:syn52360654				syn52360654	syn51365306				
EAS	IGF2R	IGF2R_P11717_OID21146_v1_Neurology.tar	https://www.synapse.org/Synapse:syn51530431				syn51530431	syn51365306				
EAS	IGFBP1	IGFBP1_P08833_OID20246_v1_Cardiometabolic.tar	https://www.synapse.org/Synapse:syn51526835				syn51526835	syn51365306				
EAS	IGFBP2	IGFBP2_P18065_OID20325_v1_Cardiometabolic.tar	https://www.synapse.org/Synapse:syn51533150				syn51533150	syn51365306				
EAS	IGFBP3	IGFBP3_P17936_OID20398_v1_Cardiometabolic.tar	https://www.synapse.org/Synapse:syn51527138				syn51527138	syn51365306				
EAS	IGFBP4	IGFBP4_P22692_OID21158_v1_Neurology.tar	https://www.synapse.org/Synapse:syn51526689				syn51526689	syn51365306				
EAS	IGFBP6	IGFBP6_P24592_OID20413_v1_Cardiometabolic.tar	https://www.synapse.org/Synapse:syn51526726				syn51526726	syn51365306				
EAS	IGFBP7	IGFBP7_Q16270_OID20236_v1_Cardiometabolic.tar	https://www.synapse.org/Synapse:syn51526655				syn51526655	syn51365306				
EAS	IGFBPL1	IGFBPL1_Q8WX77_OID20155_v1_Cardiometabolic.tar	https://www.synapse.org/Synapse:syn51527061				syn51527061	syn51365306				
EAS	IGFL4	IGFL4_Q6B9Z1_OID30500_v1_Inflammation_II.tar	https://www.synapse.org/Synapse:syn52361187				syn52361187	syn51365306				
EAS	IGHMBP2	IGHMBP2_P38935_OID30123_v1_Cardiometabolic_II.tar	https://www.synapse.org/Synapse:syn52360649				syn52360649	syn51365306				
EAS	IGLC2	IGLC2_P0DOY2_OID30740_v1_Inflammation_II.tar	https://www.synapse.org/Synapse:syn52360068				syn52360068	syn51365306				
EAS	IGLON5	IGLON5_A6NGN9_OID31169_v1_Oncology_II.tar	https://www.synapse.org/Synapse:syn52359685				syn52359685	syn51365306				
EAS	IGSF21	IGSF21_Q96ID5_OID30210_v1_Cardiometabolic_II.tar	https://www.synapse.org/Synapse:syn52360429				syn52360429	syn51365306				
EAS	IGSF3	IGSF3_O75054_OID21312_v1_Oncology.tar	https://www.synapse.org/Synapse:syn51527558				syn51527558	syn51365306				
EAS	IGSF8	IGSF8_Q969P0_OID20167_v1_Cardiometabolic.tar	https://www.synapse.org/Synapse:syn51533709				syn51533709	syn51365306				
EAS	IGSF9	IGSF9_Q9P2J2_OID30330_v1_Cardiometabolic_II.tar	https://www.synapse.org/Synapse:syn52361072				syn52361072	syn51365306				
EAS	IKBKG	IKBKG_Q9Y6K9_OID20544_v1_Inflammation.tar	https://www.synapse.org/Synapse:syn51526966				syn51526966	syn51365306				
EAS	IKZF2	IKZF2_Q9UKS7_OID21213_v1_Oncology.tar	https://www.synapse.org/Synapse:syn51533404				syn51533404	syn51365306				
EAS	IL10RA	IL10RA_Q13651_OID20420_v1_Inflammation.tar	https://www.synapse.org/Synapse:syn51526996				syn51526996	syn51365306				
EAS	IL10RB	IL10RB_Q08334_OID20696_v1_Inflammation.tar	https://www.synapse.org/Synapse:syn51526641				syn51526641	syn51365306				
EAS	IL10	IL10_P22301_OID20431_v1_Inflammation.tar	https://www.synapse.org/Synapse:syn51527126				syn51527126	syn51365306				
EAS	IL11	IL11_P20809_OID20455_v1_Inflammation.tar	https://www.synapse.org/Synapse:syn51533406				syn51533406	syn51365306				
EAS	IL12A	IL12A_IL12B_P29459_P29460_OID21327_v1_Oncology.tar	https://www.synapse.org/Synapse:syn51529408				syn51529408	syn51365306				
EAS	IL12B	IL12B_P29460_OID20666_v1_Inflammation.tar	https://www.synapse.org/Synapse:syn51526850				syn51526850	syn51365306				
EAS	IL12RB1	IL12RB1_P42701_OID20486_v1_Inflammation.tar	https://www.synapse.org/Synapse:syn51533529				syn51533529	syn51365306				
EAS	IL12RB2	IL12RB2_Q99665_OID30422_v1_Inflammation_II.tar	https://www.synapse.org/Synapse:syn52360914				syn52360914	syn51365306				
EAS	IL13RA1	IL13RA1_P78552_OID21504_v1_Oncology.tar	https://www.synapse.org/Synapse:syn51526799				syn51526799	syn51365306				
EAS	IL13RA2	IL13RA2_Q14627_OID30841_v1_Neurology_II.tar	https://www.synapse.org/Synapse:syn52360793				syn52360793	syn51365306				
EAS	IL13	IL13_P35225_OID20430_v1_Inflammation.tar	https://www.synapse.org/Synapse:syn51533774				syn51533774	syn51365306				
EAS	IL15RA	IL15RA_Q13261_OID20498_v1_Inflammation.tar	https://www.synapse.org/Synapse:syn51533479				syn51533479	syn51365306				
EAS	IL15	IL15_P40933_OID20562_v1_Inflammation.tar	https://www.synapse.org/Synapse:syn51526962				syn51526962	syn51365306				
EAS	IL16	IL16_Q14005_OID20633_v1_Inflammation.tar	https://www.synapse.org/Synapse:syn51533547				syn51533547	syn51365306				
EAS	IL17A	IL17A_Q16552_OID20469_v1_Inflammation.tar	https://www.synapse.org/Synapse:syn51528053				syn51528053	syn51365306				
EAS	IL17C	IL17C_Q9P0M4_OID20477_v1_Inflammation.tar	https://www.synapse.org/Synapse:syn51526592				syn51526592	syn51365306				
EAS	IL17D	IL17D_Q8TAD2_OID20481_v1_Inflammation.tar	https://www.synapse.org/Synapse:syn51526942				syn51526942	syn51365306				
EAS	IL17F	IL17F_Q96PD4_OID20456_v1_Inflammation.tar	https://www.synapse.org/Synapse:syn51526939				syn51526939	syn51365306				
EAS	IL17RA	IL17RA_Q96F46_OID21089_v1_Neurology.tar	https://www.synapse.org/Synapse:syn51527046				syn51527046	syn51365306				
EAS	IL17RB	IL17RB_Q9NRM6_OID20585_v1_Inflammation.tar	https://www.synapse.org/Synapse:syn51527311				syn51527311	syn51365306				
EAS	IL18BP	IL18BP_O95998_OID20348_v1_Cardiometabolic.tar	https://www.synapse.org/Synapse:syn51527010				syn51527010	syn51365306				
EAS	IL18R1	IL18R1_Q13478_OID20652_v1_Inflammation.tar	https://www.synapse.org/Synapse:syn51527015				syn51527015	syn51365306				
EAS	IL18RAP	IL18RAP_O95256_OID20900_v1_Neurology.tar	https://www.synapse.org/Synapse:syn51533097				syn51533097	syn51365306				
EAS	IL18	IL18_Q14116_OID20694_v1_Inflammation.tar	https://www.synapse.org/Synapse:syn51533668				syn51533668	syn51365306				
EAS	IL19	IL19_Q9UHD0_OID20158_v1_Cardiometabolic.tar	https://www.synapse.org/Synapse:syn51533284				syn51533284	syn51365306				
EAS	IL1A	IL1A_P01583_OID20488_v1_Inflammation.tar	https://www.synapse.org/Synapse:syn51527210				syn51527210	syn51365306				
EAS	IL1B	IL1B_P01584_OID20427_v1_Inflammation.tar	https://www.synapse.org/Synapse:syn51527338				syn51527338	syn51365306				
EAS	IL1R1	IL1R1_P14778_OID21116_v1_Neurology.tar	https://www.synapse.org/Synapse:syn51526847				syn51526847	syn51365306				
EAS	IL1R2	IL1R2_P27930_OID20757_v1_Inflammation.tar	https://www.synapse.org/Synapse:syn51533260				syn51533260	syn51365306				
EAS	IL1RAP	IL1RAP_Q9NPH3_OID21126_v1_Neurology.tar	https://www.synapse.org/Synapse:syn51526692				syn51526692	syn51365306				
EAS	IL1RL1	IL1RL1_Q01638_OID20250_v1_Cardiometabolic.tar	https://www.synapse.org/Synapse:syn51527308				syn51527308	syn51365306				
EAS	IL1RL2	IL1RL2_Q9HB29_OID20487_v1_Inflammation.tar	https://www.synapse.org/Synapse:syn51527117				syn51527117	syn51365306				
EAS	IL1RN	IL1RN_P18510_OID20700_v1_Inflammation.tar	https://www.synapse.org/Synapse:syn51533188				syn51533188	syn51365306				
EAS	IL20RA	IL20RA_Q9UHF4_OID20422_v1_Inflammation.tar	https://www.synapse.org/Synapse:syn51533110				syn51533110	syn51365306				
EAS	IL20RB	IL20RB_Q6UXL0_OID30461_v1_Inflammation_II.tar	https://www.synapse.org/Synapse:syn52361138				syn52361138	syn51365306				
EAS	IL20	IL20_Q9NYY1_OID20453_v1_Inflammation.tar	https://www.synapse.org/Synapse:syn51527288				syn51527288	syn51365306				
EAS	IL21R	IL21R_Q9HBE5_OID30441_v1_Inflammation_II.tar	https://www.synapse.org/Synapse:syn52360053				syn52360053	syn51365306				
EAS	IL22RA1	IL22RA1_Q8N6P7_OID20449_v1_Inflammation.tar	https://www.synapse.org/Synapse:syn51533136				syn51533136	syn51365306				
EAS	IL22	IL22_Q9GZX6_OID31407_v1_Oncology_II.tar	https://www.synapse.org/Synapse:syn52360954				syn52360954	syn51365306				
EAS	IL24	IL24_Q13007_OID20440_v1_Inflammation.tar	https://www.synapse.org/Synapse:syn51527004				syn51527004	syn51365306				
EAS	IL25	IL25_Q9H293_OID31243_v1_Oncology_II.tar	https://www.synapse.org/Synapse:syn52360415				syn52360415	syn51365306				
EAS	IL2RA	IL2RA_P01589_OID20267_v1_Cardiometabolic.tar	https://www.synapse.org/Synapse:syn51527043				syn51527043	syn51365306				
EAS	IL2RB	IL2RB_P14784_OID20450_v1_Inflammation.tar	https://www.synapse.org/Synapse:syn51526760				syn51526760	syn51365306				
EAS	IL2RG	IL2RG_P31785_OID31361_v1_Oncology_II.tar	https://www.synapse.org/Synapse:syn52360188				syn52360188	syn51365306				
EAS	IL2	IL2_P60568_OID20419_v1_Inflammation.tar	https://www.synapse.org/Synapse:syn51533367				syn51533367	syn51365306				
EAS	IL31RA	IL31RA_Q8NI17_OID30475_v1_Inflammation_II.tar	https://www.synapse.org/Synapse:syn52360438				syn52360438	syn51365306				
EAS	IL31	IL31_Q6EBC2_OID30487_v1_Inflammation_II.tar	https://www.synapse.org/Synapse:syn52361113				syn52361113	syn51365306				
EAS	IL32	IL32_P24001_OID20605_v1_Inflammation.tar	https://www.synapse.org/Synapse:syn51526889				syn51526889	syn51365306				
EAS	IL33	IL33_O95760_OID20428_v1_Inflammation.tar	https://www.synapse.org/Synapse:syn51528710				syn51528710	syn51365306				
EAS	IL34	IL34_Q6ZMJ4_OID20809_v1_Neurology.tar	https://www.synapse.org/Synapse:syn51527272				syn51527272	syn51365306				
EAS	IL36A	IL36A_Q9UHA7_OID30472_v1_Inflammation_II.tar	https://www.synapse.org/Synapse:syn52359618				syn52359618	syn51365306				
EAS	IL36G	IL36G_Q9NZH8_OID30551_v1_Inflammation_II.tar	https://www.synapse.org/Synapse:syn52360013				syn52360013	syn51365306				
EAS	IL3RA	IL3RA_P26951_OID20461_v1_Inflammation.tar	https://www.synapse.org/Synapse:syn51533661				syn51533661	syn51365306				
EAS	IL3	IL3_P08700_OID31229_v1_Oncology_II.tar	https://www.synapse.org/Synapse:syn52360806				syn52360806	syn51365306				
EAS	IL4R	IL4R_P24394_OID20576_v1_Inflammation.tar	https://www.synapse.org/Synapse:syn51533334				syn51533334	syn51365306				
EAS	IL4	IL4_P05112_OID20426_v1_Inflammation.tar	https://www.synapse.org/Synapse:syn51533190				syn51533190	syn51365306				
EAS	IL5RA	IL5RA_Q01344_OID20601_v1_Inflammation.tar	https://www.synapse.org/Synapse:syn51533100				syn51533100	syn51365306				
EAS	IL5	IL5_P05113_OID20472_v1_Inflammation.tar	https://www.synapse.org/Synapse:syn51533654				syn51533654	syn51365306				
EAS	IL6R	IL6R_P08887_OID20385_v1_Cardiometabolic.tar	https://www.synapse.org/Synapse:syn51533058				syn51533058	syn51365306				
EAS	IL6ST	IL6ST_P40189_OID20147_v1_Cardiometabolic.tar	https://www.synapse.org/Synapse:syn51533201				syn51533201	syn51365306				
EAS	IL6	IL6_P05231_OID20101_v1_Cardiometabolic.tar	https://www.synapse.org/Synapse:syn51526658				syn51526658	syn51365306				
EAS	IL6	IL6_P05231_OID20563_v1_Inflammation.tar	https://www.synapse.org/Synapse:syn51530747				syn51530747	syn51365306				
EAS	IL6	IL6_P05231_OID20911_v1_Neurology.tar	https://www.synapse.org/Synapse:syn51527228				syn51527228	syn51365306				
EAS	IL6	IL6_P05231_OID21276_v1_Oncology.tar	https://www.synapse.org/Synapse:syn51533621				syn51533621	syn51365306				
EAS	IL7R	IL7R_P16871_OID21136_v1_Neurology.tar	https://www.synapse.org/Synapse:syn51533411				syn51533411	syn51365306				
EAS	IL7	IL7_P13232_OID20535_v1_Inflammation.tar	https://www.synapse.org/Synapse:syn51533309				syn51533309	syn51365306				
EAS	IL9	IL9_P15248_OID31298_v1_Oncology_II.tar	https://www.synapse.org/Synapse:syn52360529				syn52360529	syn51365306				
EAS	ILKAP	ILKAP_Q9H0C8_OID20855_v1_Neurology.tar	https://www.synapse.org/Synapse:syn51527147				syn51527147	syn51365306				
EAS	IMMT	IMMT_Q16891_OID31397_v1_Oncology_II.tar	https://www.synapse.org/Synapse:syn52360011				syn52360011	syn51365306				
EAS	IMPA1	IMPA1_P29218_OID20907_v1_Neurology.tar	https://www.synapse.org/Synapse:syn51533656				syn51533656	syn51365306				
EAS	IMPACT	IMPACT_Q9P2X3_OID31112_v1_Neurology_II.tar	https://www.synapse.org/Synapse:syn52360353				syn52360353	syn51365306				
EAS	IMPG1	IMPG1_Q17R60_OID30814_v1_Neurology_II.tar	https://www.synapse.org/Synapse:syn52360758				syn52360758	syn51365306				
EAS	ING1	ING1_Q9UK53_OID20853_v1_Neurology.tar	https://www.synapse.org/Synapse:syn51526951				syn51526951	syn51365306				
EAS	INHBB	INHBB_P09529_OID30625_v1_Inflammation_II.tar	https://www.synapse.org/Synapse:syn52361132				syn52361132	syn51365306				
EAS	INHBC	INHBC_P55103_OID21093_v1_Neurology.tar	https://www.synapse.org/Synapse:syn51527201				syn51527201	syn51365306				
EAS	INPP1	INPP1_P49441_OID21345_v1_Oncology.tar	https://www.synapse.org/Synapse:syn51526796				syn51526796	syn51365306				
EAS	INPP5D	INPP5D_Q92835_OID30259_v1_Cardiometabolic_II.tar	https://www.synapse.org/Synapse:syn52359971				syn52359971	syn51365306				
EAS	INPP5J	INPP5J_Q15735_OID30975_v1_Neurology_II.tar	https://www.synapse.org/Synapse:syn52359553				syn52359553	syn51365306				
EAS	INPPL1	INPPL1_O15357_OID21314_v1_Oncology.tar	https://www.synapse.org/Synapse:syn51533418				syn51533418	syn51365306				
EAS	INSL3	INSL3_P51460_OID31129_v1_Neurology_II.tar	https://www.synapse.org/Synapse:syn52360360				syn52360360	syn51365306				
EAS	INSL4	INSL4_Q14641_OID31370_v1_Oncology_II.tar	https://www.synapse.org/Synapse:syn52359724				syn52359724	syn51365306				
EAS	INSL5	INSL5_Q9Y5Q6_OID31448_v1_Oncology_II.tar	https://www.synapse.org/Synapse:syn52360161				syn52360161	syn51365306				
EAS	INSR	INSR_P06213_OID30566_v1_Inflammation_II.tar	https://www.synapse.org/Synapse:syn52360172				syn52360172	syn51365306				
EAS	IPCEF1	IPCEF1_Q8WWN9_OID20977_v1_Neurology.tar	https://www.synapse.org/Synapse:syn51533679				syn51533679	syn51365306				
EAS	IQGAP2	IQGAP2_Q13576_OID21361_v1_Oncology.tar	https://www.synapse.org/Synapse:syn51526846				syn51526846	syn51365306				
EAS	IRAG2	IRAG2_Q12912_OID20085_v1_Cardiometabolic.tar	https://www.synapse.org/Synapse:syn51533109				syn51533109	syn51365306				
EAS	IRAK1	IRAK1_P51617_OID20485_v1_Inflammation.tar	https://www.synapse.org/Synapse:syn51533191				syn51533191	syn51365306				
EAS	IRAK4	IRAK4_Q9NWZ3_OID20577_v1_Inflammation.tar	https://www.synapse.org/Synapse:syn51527057				syn51527057	syn51365306				
EAS	ISLR2	ISLR2_Q6UXK2_OID20889_v1_Neurology.tar	https://www.synapse.org/Synapse:syn51526888				syn51526888	syn51365306				
EAS	ISM1	ISM1_B1AKI9_OID20538_v1_Inflammation.tar	https://www.synapse.org/Synapse:syn51526947				syn51526947	syn51365306				
EAS	ISM2	ISM2_Q6H9L7_OID30365_v1_Cardiometabolic_II.tar	https://www.synapse.org/Synapse:syn52360687				syn52360687	syn51365306				
EAS	IST1	IST1_P53990_OID31497_v1_Oncology_II.tar	https://www.synapse.org/Synapse:syn52360639				syn52360639	syn51365306				
EAS	ITGA11	ITGA11_Q9UKX5_OID20581_v1_Inflammation.tar	https://www.synapse.org/Synapse:syn51533436				syn51533436	syn51365306				
EAS	ITGA2	ITGA2_P17301_OID30570_v1_Inflammation_II.tar	https://www.synapse.org/Synapse:syn52361172				syn52361172	syn51365306				
EAS	ITGA5	ITGA5_P08648_OID21139_v1_Neurology.tar	https://www.synapse.org/Synapse:syn51533610				syn51533610	syn51365306				
EAS	ITGA6	ITGA6_P23229_OID20528_v1_Inflammation.tar	https://www.synapse.org/Synapse:syn51533537				syn51533537	syn51365306				
EAS	ITGAL	ITGAL_P20701_OID30537_v1_Inflammation_II.tar	https://www.synapse.org/Synapse:syn52360192				syn52360192	syn51365306				
EAS	ITGAM	ITGAM_P11215_OID21071_v1_Neurology.tar	https://www.synapse.org/Synapse:syn51533362				syn51533362	syn51365306				
EAS	ITGAV	ITGAV_P06756_OID21416_v1_Oncology.tar	https://www.synapse.org/Synapse:syn51533417				syn51533417	syn51365306				
EAS	ITGAX	ITGAX_P20702_OID31325_v1_Oncology_II.tar	https://www.synapse.org/Synapse:syn52360178				syn52360178	syn51365306				
EAS	ITGB1BP1	ITGB1BP1_O14713_OID21268_v1_Oncology.tar	https://www.synapse.org/Synapse:syn51533574				syn51533574	syn51365306				
EAS	ITGB1BP2	ITGB1BP2_Q9UKP3_OID20112_v1_Cardiometabolic.tar	https://www.synapse.org/Synapse:syn51526644				syn51526644	syn51365306				
EAS	ITGB1	ITGB1_P05556_OID20376_v1_Cardiometabolic.tar	https://www.synapse.org/Synapse:syn51532053				syn51532053	syn51365306				
EAS	ITGB2	ITGB2_P05107_OID20315_v1_Cardiometabolic.tar	https://www.synapse.org/Synapse:syn51533710				syn51533710	syn51365306				
EAS	ITGB5	ITGB5_P18084_OID21522_v1_Oncology.tar	https://www.synapse.org/Synapse:syn51527181				syn51527181	syn51365306				
EAS	ITGB6	ITGB6_P18564_OID20493_v1_Inflammation.tar	https://www.synapse.org/Synapse:syn51526750				syn51526750	syn51365306				
EAS	ITGB7	ITGB7_P26010_OID21393_v1_Oncology.tar	https://www.synapse.org/Synapse:syn51529213				syn51529213	syn51365306				
EAS	ITGBL1	ITGBL1_O95965_OID30408_v1_Cardiometabolic_II.tar	https://www.synapse.org/Synapse:syn52360716				syn52360716	syn51365306				
EAS	ITIH1	ITIH1_P19827_OID30722_v1_Inflammation_II.tar	https://www.synapse.org/Synapse:syn52360006				syn52360006	syn51365306				
EAS	ITIH3	ITIH3_Q06033_OID20352_v1_Cardiometabolic.tar	https://www.synapse.org/Synapse:syn51533534				syn51533534	syn51365306				
EAS	ITIH4	ITIH4_Q14624_OID30762_v1_Inflammation_II.tar	https://www.synapse.org/Synapse:syn52360693				syn52360693	syn51365306				
EAS	ITIH5	ITIH5_Q86UX2_OID31430_v1_Oncology_II.tar	https://www.synapse.org/Synapse:syn52360154				syn52360154	syn51365306				
EAS	ITM2A	ITM2A_O43736_OID20504_v1_Inflammation.tar	https://www.synapse.org/Synapse:syn51533682				syn51533682	syn51365306				
EAS	ITPA	ITPA_Q9BY32_OID30082_v1_Cardiometabolic_II.tar	https://www.synapse.org/Synapse:syn52361124				syn52361124	syn51365306				
EAS	ITPR1	ITPR1_Q14643_OID30216_v1_Cardiometabolic_II.tar	https://www.synapse.org/Synapse:syn52359827				syn52359827	syn51365306				
EAS	ITPRIP	ITPRIP_Q8IWB1_OID30860_v1_Neurology_II.tar	https://www.synapse.org/Synapse:syn52360510				syn52360510	syn51365306				
EAS	IVD	IVD_P26440_OID20833_v1_Neurology.tar	https://www.synapse.org/Synapse:syn51526848				syn51526848	syn51365306				
EAS	IZUMO1	IZUMO1_Q8IYV9_OID31159_v1_Oncology_II.tar	https://www.synapse.org/Synapse:syn52361121				syn52361121	syn51365306				
EAS	JAM2	JAM2_P57087_OID21064_v1_Neurology.tar	https://www.synapse.org/Synapse:syn51526997				syn51526997	syn51365306				
EAS	JAM3	JAM3_Q9BX67_OID30586_v1_Inflammation_II.tar	https://www.synapse.org/Synapse:syn52360203				syn52360203	syn51365306				
EAS	JCHAIN	JCHAIN_P01591_OID20494_v1_Inflammation.tar	https://www.synapse.org/Synapse:syn51526923				syn51526923	syn51365306				
EAS	JMJD1C	JMJD1C_Q15652_OID31172_v1_Oncology_II.tar	https://www.synapse.org/Synapse:syn52360850				syn52360850	syn51365306				
EAS	JPT2	JPT2_Q9H910_OID31520_v1_Oncology_II.tar	https://www.synapse.org/Synapse:syn52360002				syn52360002	syn51365306				
EAS	JUN	JUN_P05412_OID20424_v1_Inflammation.tar	https://www.synapse.org/Synapse:syn51527212				syn51527212	syn51365306				
EAS	KAZALD1	KAZALD1_Q96I82_OID21339_v1_Oncology.tar	https://www.synapse.org/Synapse:syn51527011				syn51527011	syn51365306				
EAS	KAZN	KAZN_Q674X7_OID31481_v1_Oncology_II.tar	https://www.synapse.org/Synapse:syn52360903				syn52360903	syn51365306				
EAS	KCNC4	KCNC4_Q03721_OID30813_v1_Neurology_II.tar	https://www.synapse.org/Synapse:syn52360049				syn52360049	syn51365306				
EAS	KCNH2	KCNH2_Q12809_OID30899_v1_Neurology_II.tar	https://www.synapse.org/Synapse:syn52360569				syn52360569	syn51365306				
EAS	KCNIP4	KCNIP4_Q6PIL6_OID20813_v1_Neurology.tar	https://www.synapse.org/Synapse:syn51527151				syn51527151	syn51365306				
EAS	KCTD5	KCTD5_Q9NXV2_OID31148_v1_Neurology_II.tar	https://www.synapse.org/Synapse:syn52360255				syn52360255	syn51365306				
EAS	KDM3A	KDM3A_Q9Y4C1_OID30426_v1_Inflammation_II.tar	https://www.synapse.org/Synapse:syn52359710				syn52359710	syn51365306				
EAS	KDR	KDR_P35968_OID21497_v1_Oncology.tar	https://www.synapse.org/Synapse:syn51527042				syn51527042	syn51365306				
EAS	KEL	KEL_P23276_OID20881_v1_Neurology.tar	https://www.synapse.org/Synapse:syn51527286				syn51527286	syn51365306				
EAS	KHDC3L	KHDC3L_Q587J8_OID31245_v1_Oncology_II.tar	https://www.synapse.org/Synapse:syn52360868				syn52360868	syn51365306				
EAS	KHK	KHK_P50053_OID30241_v1_Cardiometabolic_II.tar	https://www.synapse.org/Synapse:syn52359616				syn52359616	syn51365306				
EAS	KIAA0319	KIAA0319_Q5VV43_OID31094_v1_Neurology_II.tar	https://www.synapse.org/Synapse:syn52360151				syn52360151	syn51365306				
EAS	KIAA1549L	KIAA1549L_Q6ZVL6_OID31312_v1_Oncology_II.tar	https://www.synapse.org/Synapse:syn52359858				syn52359858	syn51365306				
EAS	KIAA1549	KIAA1549_Q9HCM3_OID31307_v1_Oncology_II.tar	https://www.synapse.org/Synapse:syn52359723				syn52359723	syn51365306				
EAS	KIAA2013	KIAA2013_Q8IYS2_OID31392_v1_Oncology_II.tar	https://www.synapse.org/Synapse:syn52360442				syn52360442	syn51365306				
EAS	KIF1C	KIF1C_O43896_OID30163_v1_Cardiometabolic_II.tar	https://www.synapse.org/Synapse:syn52360706				syn52360706	syn51365306				
EAS	KIF20B	KIF20B_Q96Q89_OID30816_v1_Neurology_II.tar	https://www.synapse.org/Synapse:syn52360515				syn52360515	syn51365306				
EAS	KIF22	KIF22_Q14807_OID30175_v1_Cardiometabolic_II.tar	https://www.synapse.org/Synapse:syn52359959				syn52359959	syn51365306				
EAS	KIFBP	KIFBP_Q96EK5_OID21320_v1_Oncology.tar	https://www.synapse.org/Synapse:syn51533578				syn51533578	syn51365306				
EAS	KIR2DL2	KIR2DL2_P43627_OID31431_v1_Oncology_II.tar	https://www.synapse.org/Synapse:syn52361159				syn52361159	syn51365306				
EAS	KIR2DL3	KIR2DL3_P43628_OID21196_v1_Oncology.tar	https://www.synapse.org/Synapse:syn51526536				syn51526536	syn51365306				
EAS	KIR2DS4	KIR2DS4_P43632_OID31432_v1_Oncology_II.tar	https://www.synapse.org/Synapse:syn52359705				syn52359705	syn51365306				
EAS	KIR3DL1	KIR3DL1_P43629_OID21185_v1_Oncology.tar	https://www.synapse.org/Synapse:syn51527114				syn51527114	syn51365306				
EAS	KIR3DL2	KIR3DL2_P43630_OID31191_v1_Oncology_II.tar	https://www.synapse.org/Synapse:syn52360612				syn52360612	syn51365306				
EAS	KIRREL1	KIRREL1_Q96J84_OID30806_v1_Neurology_II.tar	https://www.synapse.org/Synapse:syn52360803				syn52360803	syn51365306				
EAS	KIRREL2	KIRREL2_Q6UWL6_OID20873_v1_Neurology.tar	https://www.synapse.org/Synapse:syn51526707				syn51526707	syn51365306				
EAS	KITLG	KITLG_P21583_OID20196_v1_Cardiometabolic.tar	https://www.synapse.org/Synapse:syn51526669				syn51526669	syn51365306				
EAS	KIT	KIT_P10721_OID20370_v1_Cardiometabolic.tar	https://www.synapse.org/Synapse:syn51527297				syn51527297	syn51365306				
EAS	KLB	KLB_Q86Z14_OID20888_v1_Neurology.tar	https://www.synapse.org/Synapse:syn51533398				syn51533398	syn51365306				
EAS	KLF4	KLF4_O43474_OID30808_v1_Neurology_II.tar	https://www.synapse.org/Synapse:syn52361164				syn52361164	syn51365306				
EAS	KLHL41	KLHL41_O60662_OID30986_v1_Neurology_II.tar	https://www.synapse.org/Synapse:syn52361111				syn52361111	syn51365306				
EAS	KLK10	KLK10_O43240_OID21523_v1_Oncology.tar	https://www.synapse.org/Synapse:syn51533263				syn51533263	syn51365306				
EAS	KLK11	KLK11_Q9UBX7_OID21518_v1_Oncology.tar	https://www.synapse.org/Synapse:syn51526545				syn51526545	syn51365306				
EAS	KLK12	KLK12_Q9UKR0_OID21201_v1_Oncology.tar	https://www.synapse.org/Synapse:syn51533563				syn51533563	syn51365306				
EAS	KLK13	KLK13_Q9UKR3_OID21291_v1_Oncology.tar	https://www.synapse.org/Synapse:syn51527254				syn51527254	syn51365306				
EAS	KLK14	KLK14_Q9P0G3_OID21407_v1_Oncology.tar	https://www.synapse.org/Synapse:syn51533546				syn51533546	syn51365306				
EAS	KLK15	KLK15_Q9H2R5_OID31427_v1_Oncology_II.tar	https://www.synapse.org/Synapse:syn52359640				syn52359640	syn51365306				
EAS	KLK1	KLK1_P06870_OID21499_v1_Oncology.tar	https://www.synapse.org/Synapse:syn51526682				syn51526682	syn51365306				
EAS	KLK3	KLK3_P07288_OID30364_v1_Cardiometabolic_II.tar	https://www.synapse.org/Synapse:syn52360046				syn52360046	syn51365306				
EAS	KLK4	KLK4_Q9Y5K2_OID21391_v1_Oncology.tar	https://www.synapse.org/Synapse:syn51527310				syn51527310	syn51365306				
EAS	KLK6	KLK6_Q92876_OID21526_v1_Oncology.tar	https://www.synapse.org/Synapse:syn51533050				syn51533050	syn51365306				
EAS	KLK7	KLK7_P49862_OID30652_v1_Inflammation_II.tar	https://www.synapse.org/Synapse:syn52359746				syn52359746	syn51365306				
EAS	KLK8	KLK8_O60259_OID21517_v1_Oncology.tar	https://www.synapse.org/Synapse:syn51533119				syn51533119	syn51365306				
EAS	KLKB1	KLKB1_P03952_OID30760_v1_Inflammation_II.tar	https://www.synapse.org/Synapse:syn52359802				syn52359802	syn51365306				
EAS	KLRB1	KLRB1_Q12918_OID20629_v1_Inflammation.tar	https://www.synapse.org/Synapse:syn51527022				syn51527022	syn51365306				
EAS	KLRC1	KLRC1_P26715_OID30855_v1_Neurology_II.tar	https://www.synapse.org/Synapse:syn52360484				syn52360484	syn51365306				
EAS	KLRD1	KLRD1_Q13241_OID20632_v1_Inflammation.tar	https://www.synapse.org/Synapse:syn51526788				syn51526788	syn51365306				
EAS	KLRF1	KLRF1_Q9NZS2_OID30464_v1_Inflammation_II.tar	https://www.synapse.org/Synapse:syn52360552				syn52360552	syn51365306				
EAS	KLRK1	KLRK1_P26718_OID31082_v1_Neurology_II.tar	https://www.synapse.org/Synapse:syn52361118				syn52361118	syn51365306				
EAS	KRT14	KRT14_P02533_OID20800_v1_Neurology.tar	https://www.synapse.org/Synapse:syn51528423				syn51528423	syn51365306				
EAS	KRT17	KRT17_Q04695_OID30092_v1_Cardiometabolic_II.tar	https://www.synapse.org/Synapse:syn52360675				syn52360675	syn51365306				
EAS	KRT18	KRT18_P05783_OID21296_v1_Oncology.tar	https://www.synapse.org/Synapse:syn51532976				syn51532976	syn51365306				
EAS	KRT19	KRT19_P08727_OID20596_v1_Inflammation.tar	https://www.synapse.org/Synapse:syn51533127				syn51533127	syn51365306				
EAS	KRT5	KRT5_P13647_OID20860_v1_Neurology.tar	https://www.synapse.org/Synapse:syn51533356				syn51533356	syn51365306				
EAS	KRT6C	KRT6C_P48668_OID30169_v1_Cardiometabolic_II.tar	https://www.synapse.org/Synapse:syn52361081				syn52361081	syn51365306				
EAS	KRT8	KRT8_P05787_OID30865_v1_Neurology_II.tar	https://www.synapse.org/Synapse:syn52361030				syn52361030	syn51365306				
EAS	KYAT1	KYAT1_Q16773_OID20232_v1_Cardiometabolic.tar	https://www.synapse.org/Synapse:syn51527249				syn51527249	syn51365306				
EAS	KYNU	KYNU_Q16719_OID20669_v1_Inflammation.tar	https://www.synapse.org/Synapse:syn51526968				syn51526968	syn51365306				
EAS	L1CAM	L1CAM_P32004_OID21484_v1_Oncology.tar	https://www.synapse.org/Synapse:syn51527081				syn51527081	syn51365306				
EAS	L3HYPDH	L3HYPDH_Q96EM0_OID30314_v1_Cardiometabolic_II.tar	https://www.synapse.org/Synapse:syn52360852				syn52360852	syn51365306				
EAS	LACRT	LACRT_Q9GZZ8_OID31367_v1_Oncology_II.tar	https://www.synapse.org/Synapse:syn52360551				syn52360551	syn51365306				
EAS	LACTB2	LACTB2_Q53H82_OID20150_v1_Cardiometabolic.tar	https://www.synapse.org/Synapse:syn51533530				syn51533530	syn51365306				
EAS	LAG3	LAG3_P18627_OID21315_v1_Oncology.tar	https://www.synapse.org/Synapse:syn51526912				syn51526912	syn51365306				
EAS	LAIR1	LAIR1_Q6GTX8_OID20737_v1_Inflammation.tar	https://www.synapse.org/Synapse:syn51527130				syn51527130	syn51365306				
EAS	LAIR2	LAIR2_Q6ISS4_OID20965_v1_Neurology.tar	https://www.synapse.org/Synapse:syn51526857				syn51526857	syn51365306				
EAS	LAMA1	LAMA1_P25391_OID30057_v1_Cardiometabolic_II.tar	https://www.synapse.org/Synapse:syn52359829				syn52359829	syn51365306				
EAS	LAMA4	LAMA4_Q16363_OID20769_v1_Inflammation.tar	https://www.synapse.org/Synapse:syn51533708				syn51533708	syn51365306				
EAS	LAMB1	LAMB1_P07942_OID30280_v1_Cardiometabolic_II.tar	https://www.synapse.org/Synapse:syn52359948				syn52359948	syn51365306				
EAS	LAMP1	LAMP1_P11279_OID30416_v1_Cardiometabolic_II.tar	https://www.synapse.org/Synapse:syn52359882				syn52359882	syn51365306				
EAS	LAMP2	LAMP2_P13473_OID21035_v1_Neurology.tar	https://www.synapse.org/Synapse:syn51533101				syn51533101	syn51365306				
EAS	LAMP3	LAMP3_Q9UQV4_OID20638_v1_Inflammation.tar	https://www.synapse.org/Synapse:syn51533227				syn51533227	syn51365306				
EAS	LAMTOR5	LAMTOR5_O43504_OID31396_v1_Oncology_II.tar	https://www.synapse.org/Synapse:syn52361211				syn52361211	syn51365306				
EAS	LAP3	LAP3_P28838_OID20436_v1_Inflammation.tar	https://www.synapse.org/Synapse:syn51532304				syn51532304	syn51365306				
EAS	LARP1	LARP1_Q6PKG0_OID31372_v1_Oncology_II.tar	https://www.synapse.org/Synapse:syn52360305				syn52360305	syn51365306				
EAS	LAT2	LAT2_Q9GZY6_OID21292_v1_Oncology.tar	https://www.synapse.org/Synapse:syn51533134				syn51533134	syn51365306				
EAS	LATS1	LATS1_O95835_OID30523_v1_Inflammation_II.tar	https://www.synapse.org/Synapse:syn52360246				syn52360246	syn51365306				
EAS	LAT	LAT_O43561_OID20640_v1_Inflammation.tar	https://www.synapse.org/Synapse:syn51533724				syn51533724	syn51365306				
EAS	LAYN	LAYN_Q6UX15_OID20970_v1_Neurology.tar	https://www.synapse.org/Synapse:syn51527774				syn51527774	syn51365306				
EAS	LBP	LBP_P18428_OID20355_v1_Cardiometabolic.tar	https://www.synapse.org/Synapse:syn51533545				syn51533545	syn51365306				
EAS	LBR	LBR_Q14739_OID21034_v1_Neurology.tar	https://www.synapse.org/Synapse:syn51527280				syn51527280	syn51365306				
EAS	LCAT	LCAT_P04180_OID30677_v1_Inflammation_II.tar	https://www.synapse.org/Synapse:syn52361192				syn52361192	syn51365306				
EAS	LCN15	LCN15_Q6UWW0_OID31032_v1_Neurology_II.tar	https://www.synapse.org/Synapse:syn52360482				syn52360482	syn51365306				
EAS	LCN2	LCN2_P80188_OID20392_v1_Cardiometabolic.tar	https://www.synapse.org/Synapse:syn51527087				syn51527087	syn51365306				
EAS	LCP1	LCP1_P13796_OID30367_v1_Cardiometabolic_II.tar	https://www.synapse.org/Synapse:syn52359789				syn52359789	syn51365306				
EAS	LDLRAP1	LDLRAP1_Q5SW96_OID31068_v1_Neurology_II.tar	https://www.synapse.org/Synapse:syn52359963				syn52359963	syn51365306				
EAS	LDLR	LDLR_P01130_OID20240_v1_Cardiometabolic.tar	https://www.synapse.org/Synapse:syn51527178				syn51527178	syn51365306				
EAS	LECT2	LECT2_O14960_OID30320_v1_Cardiometabolic_II.tar	https://www.synapse.org/Synapse:syn52359658				syn52359658	syn51365306				
EAS	LEFTY2	LEFTY2_O00292_OID21454_v1_Oncology.tar	https://www.synapse.org/Synapse:syn51533321				syn51533321	syn51365306				
EAS	LEG1	LEG1_Q6P5S2_OID30608_v1_Inflammation_II.tar	https://www.synapse.org/Synapse:syn52360290				syn52360290	syn51365306				
EAS	LELP1	LELP1_Q5T871_OID30845_v1_Neurology_II.tar	https://www.synapse.org/Synapse:syn52360629				syn52360629	syn51365306				
EAS	LEO1	LEO1_Q8WVC0_OID30991_v1_Neurology_II.tar	https://www.synapse.org/Synapse:syn52360495				syn52360495	syn51365306				
EAS	LEPR	LEPR_P48357_OID20128_v1_Cardiometabolic.tar	https://www.synapse.org/Synapse:syn51526585				syn51526585	syn51365306				
EAS	LEP	LEP_P41159_OID20187_v1_Cardiometabolic.tar	https://www.synapse.org/Synapse:syn51526660				syn51526660	syn51365306				
EAS	LETM1	LETM1_O95202_OID31018_v1_Neurology_II.tar	https://www.synapse.org/Synapse:syn52359535				syn52359535	syn51365306				
EAS	LGALS1	LGALS1_P09382_OID20154_v1_Cardiometabolic.tar	https://www.synapse.org/Synapse:syn51527129				syn51527129	syn51365306				
EAS	LGALS3BP	LGALS3BP_Q08380_OID30765_v1_Inflammation_II.tar	https://www.synapse.org/Synapse:syn52361145				syn52361145	syn51365306				
EAS	LGALS3	LGALS3_P17931_OID20284_v1_Cardiometabolic.tar	https://www.synapse.org/Synapse:syn51529053				syn51529053	syn51365306				
EAS	LGALS4	LGALS4_P56470_OID20748_v1_Inflammation.tar	https://www.synapse.org/Synapse:syn51527075				syn51527075	syn51365306				
EAS	LGALS7	LGALS7_LGALS7B_P47929_OID21406_v1_Oncology.tar	https://www.synapse.org/Synapse:syn51526546				syn51526546	syn51365306				
EAS	LGALS8	LGALS8_O00214_OID21041_v1_Neurology.tar	https://www.synapse.org/Synapse:syn51533297				syn51533297	syn51365306				
EAS	LGALS9	LGALS9_O00182_OID20781_v1_Inflammation.tar	https://www.synapse.org/Synapse:syn51533355				syn51533355	syn51365306				
EAS	LGMN	LGMN_Q99538_OID20773_v1_Inflammation.tar	https://www.synapse.org/Synapse:syn51526691				syn51526691	syn51365306				
EAS	LHB	LHB_P01229_OID21248_v1_Oncology.tar	https://www.synapse.org/Synapse:syn51533375				syn51533375	syn51365306				
EAS	LHPP	LHPP_Q9H008_OID20749_v1_Inflammation.tar	https://www.synapse.org/Synapse:syn51526916				syn51526916	syn51365306				
EAS	LIFR	LIFR_P42702_OID20606_v1_Inflammation.tar	https://www.synapse.org/Synapse:syn51527255				syn51527255	syn51365306				
EAS	LIF	LIF_P15018_OID20824_v1_Neurology.tar	https://www.synapse.org/Synapse:syn51526611				syn51526611	syn51365306				
EAS	LILRA2	LILRA2_Q8N149_OID21152_v1_Neurology.tar	https://www.synapse.org/Synapse:syn51533225				syn51533225	syn51365306				
EAS	LILRA3	LILRA3_Q8N6C8_OID30376_v1_Cardiometabolic_II.tar	https://www.synapse.org/Synapse:syn52360197				syn52360197	syn51365306				
EAS	LILRA4	LILRA4_P59901_OID30162_v1_Cardiometabolic_II.tar	https://www.synapse.org/Synapse:syn52360338				syn52360338	syn51365306				
EAS	LILRA5	LILRA5_A6NI73_OID20209_v1_Cardiometabolic.tar	https://www.synapse.org/Synapse:syn51526681				syn51526681	syn51365306				
EAS	LILRA6	LILRA6_Q6PI73_OID30346_v1_Cardiometabolic_II.tar	https://www.synapse.org/Synapse:syn52361129				syn52361129	syn51365306				
EAS	LILRB1	LILRB1_Q8NHL6_OID20323_v1_Cardiometabolic.tar	https://www.synapse.org/Synapse:syn51526871				syn51526871	syn51365306				
EAS	LILRB2	LILRB2_Q8N423_OID20301_v1_Cardiometabolic.tar	https://www.synapse.org/Synapse:syn51526614				syn51526614	syn51365306				
EAS	LILRB4	LILRB4_Q8NHJ6_OID20429_v1_Inflammation.tar	https://www.synapse.org/Synapse:syn51527261				syn51527261	syn51365306				
EAS	LILRB5	LILRB5_O75023_OID20324_v1_Cardiometabolic.tar	https://www.synapse.org/Synapse:syn51527056				syn51527056	syn51365306				
EAS	LIPF	LIPF_P07098_OID30266_v1_Cardiometabolic_II.tar	https://www.synapse.org/Synapse:syn52359530				syn52359530	syn51365306				
EAS	LMNB1	LMNB1_P20700_OID31501_v1_Oncology_II.tar	https://www.synapse.org/Synapse:syn52359682				syn52359682	syn51365306				
EAS	LMNB2	LMNB2_Q03252_OID31109_v1_Neurology_II.tar	https://www.synapse.org/Synapse:syn52360497				syn52360497	syn51365306				
EAS	LMOD1	LMOD1_P29536_OID30212_v1_Cardiometabolic_II.tar	https://www.synapse.org/Synapse:syn52361160				syn52361160	syn51365306				
EAS	LMOD1	LMOD1_P29536_OID30547_v1_Inflammation_II.tar	https://www.synapse.org/Synapse:syn52360567				syn52360567	syn51365306				
EAS	LMOD1	LMOD1_P29536_OID31014_v1_Neurology_II.tar	https://www.synapse.org/Synapse:syn52360538				syn52360538	syn51365306				
EAS	LMOD1	LMOD1_P29536_OID31416_v1_Oncology_II.tar	https://www.synapse.org/Synapse:syn52360780				syn52360780	syn51365306				
EAS	LMOD2	LMOD2_Q6P5Q4_OID30864_v1_Neurology_II.tar	https://www.synapse.org/Synapse:syn52360983				syn52360983	syn51365306				
EAS	LONP1	LONP1_P36776_OID30219_v1_Cardiometabolic_II.tar	https://www.synapse.org/Synapse:syn52359936				syn52359936	syn51365306				
EAS	LPA	LPA_P08519_OID30747_v1_Inflammation_II.tar	https://www.synapse.org/Synapse:syn52359926				syn52359926	syn51365306				
EAS	LPCAT2	LPCAT2_Q7L5N7_OID21290_v1_Oncology.tar	https://www.synapse.org/Synapse:syn51533203				syn51533203	syn51365306				
EAS	LPL	LPL_P06858_OID20188_v1_Cardiometabolic.tar	https://www.synapse.org/Synapse:syn51526872				syn51526872	syn51365306				
EAS	LPO	LPO_P22079_OID20963_v1_Neurology.tar	https://www.synapse.org/Synapse:syn51526741				syn51526741	syn51365306				
EAS	LPP	LPP_Q93052_OID30190_v1_Cardiometabolic_II.tar	https://www.synapse.org/Synapse:syn52359744				syn52359744	syn51365306				
EAS	LRCH4	LRCH4_O75427_OID30191_v1_Cardiometabolic_II.tar	https://www.synapse.org/Synapse:syn52359953				syn52359953	syn51365306				
EAS	LRFN2	LRFN2_Q9ULH4_OID30895_v1_Neurology_II.tar	https://www.synapse.org/Synapse:syn52360368				syn52360368	syn51365306				
EAS	LRG1	LRG1_P02750_OID30751_v1_Inflammation_II.tar	https://www.synapse.org/Synapse:syn52359528				syn52359528	syn51365306				
EAS	LRIG1	LRIG1_Q96JA1_OID21429_v1_Oncology.tar	https://www.synapse.org/Synapse:syn51527904				syn51527904	syn51365306				
EAS	LRIG3	LRIG3_Q6UXM1_OID30450_v1_Inflammation_II.tar	https://www.synapse.org/Synapse:syn52359800				syn52359800	syn51365306				
EAS	LRP11	LRP11_Q86VZ4_OID20185_v1_Cardiometabolic.tar	https://www.synapse.org/Synapse:syn51533370				syn51533370	syn51365306				
EAS	LRP1	LRP1_Q07954_OID21293_v1_Oncology.tar	https://www.synapse.org/Synapse:syn51527074				syn51527074	syn51365306				
EAS	LRP2BP	LRP2BP_Q9P2M1_OID30907_v1_Neurology_II.tar	https://www.synapse.org/Synapse:syn52360433				syn52360433	syn51365306				
EAS	LRP2	LRP2_P98164_OID30960_v1_Neurology_II.tar	https://www.synapse.org/Synapse:syn52360128				syn52360128	syn51365306				
EAS	LRPAP1	LRPAP1_P30533_OID21059_v1_Neurology.tar	https://www.synapse.org/Synapse:syn51533696				syn51533696	syn51365306				
EAS	LRRC25	LRRC25_Q8N386_OID21333_v1_Oncology.tar	https://www.synapse.org/Synapse:syn51533653				syn51533653	syn51365306				
EAS	LRRC37A2	LRRC37A2_A6NM11_OID31440_v1_Oncology_II.tar	https://www.synapse.org/Synapse:syn52361057				syn52361057	syn51365306				
EAS	LRRC38	LRRC38_Q5VT99_OID30924_v1_Neurology_II.tar	https://www.synapse.org/Synapse:syn52361181				syn52361181	syn51365306				
EAS	LRRC59	LRRC59_Q96AG4_OID30361_v1_Cardiometabolic_II.tar	https://www.synapse.org/Synapse:syn52361029				syn52361029	syn51365306				
EAS	LRRFIP1	LRRFIP1_Q32MZ4_OID31344_v1_Oncology_II.tar	https://www.synapse.org/Synapse:syn52361015				syn52361015	syn51365306				
EAS	LRRN1	LRRN1_Q6UXK5_OID20438_v1_Inflammation.tar	https://www.synapse.org/Synapse:syn51530277				syn51530277	syn51365306				
EAS	LRTM1	LRTM1_Q9HBL6_OID30906_v1_Neurology_II.tar	https://www.synapse.org/Synapse:syn52360505				syn52360505	syn51365306				
EAS	LRTM2	LRTM2_Q8N967_OID31020_v1_Neurology_II.tar	https://www.synapse.org/Synapse:syn52360304				syn52360304	syn51365306				
EAS	LSM1	LSM1_O15116_OID21210_v1_Oncology.tar	https://www.synapse.org/Synapse:syn51526843				syn51526843	syn51365306				
EAS	LSM8	LSM8_O95777_OID31269_v1_Oncology_II.tar	https://www.synapse.org/Synapse:syn52360247				syn52360247	syn51365306				
EAS	LSP1	LSP1_P33241_OID20530_v1_Inflammation.tar	https://www.synapse.org/Synapse:syn51526883				syn51526883	syn51365306				
EAS	LTA4H	LTA4H_P09960_OID21452_v1_Oncology.tar	https://www.synapse.org/Synapse:syn51527155				syn51527155	syn51365306				
EAS	LTA	LTA_P01374_OID20586_v1_Inflammation.tar	https://www.synapse.org/Synapse:syn51533618				syn51533618	syn51365306				
EAS	LTBP2	LTBP2_Q14767_OID20254_v1_Cardiometabolic.tar	https://www.synapse.org/Synapse:syn51526528				syn51526528	syn51365306				
EAS	LTBP3	LTBP3_Q9NS15_OID21191_v1_Oncology.tar	https://www.synapse.org/Synapse:syn51526737				syn51526737	syn51365306				
EAS	LTBR	LTBR_P36941_OID20768_v1_Inflammation.tar	https://www.synapse.org/Synapse:syn51526613				syn51526613	syn51365306				
EAS	LTB	LTB_Q06643_OID31383_v1_Oncology_II.tar	https://www.synapse.org/Synapse:syn52360359				syn52360359	syn51365306				
EAS	LTO1	LTO1_Q8WV07_OID20434_v1_Inflammation.tar	https://www.synapse.org/Synapse:syn51527047				syn51527047	syn51365306				
EAS	LUZP2	LUZP2_Q86TE4_OID31402_v1_Oncology_II.tar	https://www.synapse.org/Synapse:syn52360431				syn52360431	syn51365306				
EAS	LXN	LXN_Q9BS40_OID21003_v1_Neurology.tar	https://www.synapse.org/Synapse:syn51527089				syn51527089	syn51365306				
EAS	LY6D	LY6D_Q14210_OID20708_v1_Inflammation.tar	https://www.synapse.org/Synapse:syn51526901				syn51526901	syn51365306				
EAS	LY75	LY75_O60449_OID20580_v1_Inflammation.tar	https://www.synapse.org/Synapse:syn51533695				syn51533695	syn51365306				
EAS	LY96	LY96_Q9Y6Y9_OID20945_v1_Neurology.tar	https://www.synapse.org/Synapse:syn51533665				syn51533665	syn51365306				
EAS	LY9	LY9_Q9HBG7_OID20670_v1_Inflammation.tar	https://www.synapse.org/Synapse:syn51527220				syn51527220	syn51365306				
EAS	LYAR	LYAR_Q9NX58_OID21264_v1_Oncology.tar	https://www.synapse.org/Synapse:syn51527285				syn51527285	syn51365306				
EAS	LYN	LYN_P07948_OID21350_v1_Oncology.tar	https://www.synapse.org/Synapse:syn51526673				syn51526673	syn51365306				
EAS	LYPD1	LYPD1_Q8N2G4_OID20821_v1_Neurology.tar	https://www.synapse.org/Synapse:syn51526878				syn51526878	syn51365306				
EAS	LYPD3	LYPD3_O95274_OID21530_v1_Oncology.tar	https://www.synapse.org/Synapse:syn51526553				syn51526553	syn51365306				
EAS	LYPD8	LYPD8_Q6UX82_OID21251_v1_Oncology.tar	https://www.synapse.org/Synapse:syn51528220				syn51528220	syn51365306				
EAS	LYPLA2	LYPLA2_O95372_OID30817_v1_Neurology_II.tar	https://www.synapse.org/Synapse:syn52360238				syn52360238	syn51365306				
EAS	LYSMD3	LYSMD3_Q7Z3D4_OID30950_v1_Neurology_II.tar	https://www.synapse.org/Synapse:syn52360791				syn52360791	syn51365306				
EAS	LYVE1	LYVE1_Q9Y5Y7_OID30728_v1_Inflammation_II.tar	https://www.synapse.org/Synapse:syn52361144				syn52361144	syn51365306				
EAS	LYZL2	LYZL2_Q7Z4W2_OID31180_v1_Oncology_II.tar	https://www.synapse.org/Synapse:syn52360281				syn52360281	syn51365306				
EAS	LZTFL1	LZTFL1_Q9NQ48_OID30637_v1_Inflammation_II.tar	https://www.synapse.org/Synapse:syn52360095				syn52360095	syn51365306				
EAS	M6PR	M6PR_P20645_OID30208_v1_Cardiometabolic_II.tar	https://www.synapse.org/Synapse:syn52360815				syn52360815	syn51365306				
EAS	MAD1L1	MAD1L1_Q9Y6D9_OID20904_v1_Neurology.tar	https://www.synapse.org/Synapse:syn51526804				syn51526804	syn51365306				
EAS	MAEA	MAEA_Q7L5Y9_OID21206_v1_Oncology.tar	https://www.synapse.org/Synapse:syn51527050				syn51527050	syn51365306				
EAS	MAGEA3	MAGEA3_P43357_OID31331_v1_Oncology_II.tar	https://www.synapse.org/Synapse:syn52359701				syn52359701	syn51365306				
EAS	MAGED1	MAGED1_Q9Y5V3_OID21181_v1_Oncology.tar	https://www.synapse.org/Synapse:syn51527327				syn51527327	syn51365306				
EAS	MAG	MAG_P20916_OID30967_v1_Neurology_II.tar	https://www.synapse.org/Synapse:syn52361149				syn52361149	syn51365306				
EAS	MAMDC2	MAMDC2_Q7Z304_OID30309_v1_Cardiometabolic_II.tar	https://www.synapse.org/Synapse:syn52360411				syn52360411	syn51365306				
EAS	MAMDC4	MAMDC4_Q6UXC1_OID31342_v1_Oncology_II.tar	https://www.synapse.org/Synapse:syn52359632				syn52359632	syn51365306				
EAS	MAN1A2	MAN1A2_O60476_OID30262_v1_Cardiometabolic_II.tar	https://www.synapse.org/Synapse:syn52360242				syn52360242	syn51365306				
EAS	MAN2B2	MAN2B2_Q9Y2E5_OID30306_v1_Cardiometabolic_II.tar	https://www.synapse.org/Synapse:syn52360581				syn52360581	syn51365306				
EAS	MANEAL	MANEAL_Q5VSG8_OID31244_v1_Oncology_II.tar	https://www.synapse.org/Synapse:syn52360215				syn52360215	syn51365306				
EAS	MANF	MANF_P55145_OID20707_v1_Inflammation.tar	https://www.synapse.org/Synapse:syn51527312				syn51527312	syn51365306				
EAS	MANSC1	MANSC1_Q9H8J5_OID21492_v1_Oncology.tar	https://www.synapse.org/Synapse:syn51527316				syn51527316	syn51365306				
EAS	MANSC4	MANSC4_A6NHS7_OID30141_v1_Cardiometabolic_II.tar	https://www.synapse.org/Synapse:syn52359707				syn52359707	syn51365306				
EAS	MAP1LC3A	MAP1LC3A_Q9H492_OID30868_v1_Neurology_II.tar	https://www.synapse.org/Synapse:syn52359715				syn52359715	syn51365306				
EAS	MAP1LC3B2	MAP1LC3B2_A6NCE7_OID30074_v1_Cardiometabolic_II.tar	https://www.synapse.org/Synapse:syn52361243				syn52361243	syn51365306				
EAS	MAP2K1	MAP2K1_Q02750_OID31468_v1_Oncology_II.tar	https://www.synapse.org/Synapse:syn52361036				syn52361036	syn51365306				
EAS	MAP2K6	MAP2K6_P52564_OID20552_v1_Inflammation.tar	https://www.synapse.org/Synapse:syn51533120				syn51533120	syn51365306				
EAS	MAP2	MAP2_P11137_OID31138_v1_Neurology_II.tar	https://www.synapse.org/Synapse:syn52360602				syn52360602	syn51365306				
EAS	MAP3K5	MAP3K5_Q99683_OID21253_v1_Oncology.tar	https://www.synapse.org/Synapse:syn51527175				syn51527175	syn51365306				
EAS	MAP4K5	MAP4K5_Q9Y4K4_OID20899_v1_Neurology.tar	https://www.synapse.org/Synapse:syn51526705				syn51526705	syn51365306				
EAS	MAPK13	MAPK13_O15264_OID31205_v1_Oncology_II.tar	https://www.synapse.org/Synapse:syn52360520				syn52360520	syn51365306				
EAS	MAPK9	MAPK9_P45984_OID20557_v1_Inflammation.tar	https://www.synapse.org/Synapse:syn51529675				syn51529675	syn51365306				
EAS	MAPKAPK2	MAPKAPK2_P49137_OID31293_v1_Oncology_II.tar	https://www.synapse.org/Synapse:syn52360606				syn52360606	syn51365306				
EAS	MAPRE3	MAPRE3_Q9UPY8_OID31177_v1_Oncology_II.tar	https://www.synapse.org/Synapse:syn52360042				syn52360042	syn51365306				
EAS	MAPT	MAPT_P10636_OID20830_v1_Neurology.tar	https://www.synapse.org/Synapse:syn51526617				syn51526617	syn51365306				
EAS	MARCO	MARCO_Q9UEW3_OID20210_v1_Cardiometabolic.tar	https://www.synapse.org/Synapse:syn51527141				syn51527141	syn51365306				
EAS	MARS1	MARS1_P56192_OID30658_v1_Inflammation_II.tar	https://www.synapse.org/Synapse:syn52360012				syn52360012	syn51365306				
EAS	MASP1	MASP1_P48740_OID20954_v1_Neurology.tar	https://www.synapse.org/Synapse:syn51526903				syn51526903	syn51365306				
EAS	MATN2	MATN2_O00339_OID20767_v1_Inflammation.tar	https://www.synapse.org/Synapse:syn51533179				syn51533179	syn51365306				
EAS	MATN3	MATN3_O15232_OID20979_v1_Neurology.tar	https://www.synapse.org/Synapse:syn51531013				syn51531013	syn51365306				
EAS	MAVS	MAVS_Q7Z434_OID21204_v1_Oncology.tar	https://www.synapse.org/Synapse:syn51530246				syn51530246	syn51365306				
EAS	MAX	MAX_P61244_OID20877_v1_Neurology.tar	https://www.synapse.org/Synapse:syn51527197				syn51527197	syn51365306				
EAS	MBL2	MBL2_P11226_OID30759_v1_Inflammation_II.tar	https://www.synapse.org/Synapse:syn52359725				syn52359725	syn51365306				
EAS	MB	MB_P02144_OID20263_v1_Cardiometabolic.tar	https://www.synapse.org/Synapse:syn51526633				syn51526633	syn51365306				
EAS	MCAM	MCAM_P43121_OID20343_v1_Cardiometabolic.tar	https://www.synapse.org/Synapse:syn51526767				syn51526767	syn51365306				
EAS	MCEE	MCEE_Q96PE7_OID31033_v1_Neurology_II.tar	https://www.synapse.org/Synapse:syn52359900				syn52359900	syn51365306				
EAS	MCEMP1	MCEMP1_Q8IX19_OID30501_v1_Inflammation_II.tar	https://www.synapse.org/Synapse:syn52359706				syn52359706	syn51365306				
EAS	MCFD2	MCFD2_Q8NI22_OID20171_v1_Cardiometabolic.tar	https://www.synapse.org/Synapse:syn51533024				syn51533024	syn51365306				
EAS	MCTS1	MCTS1_Q9ULC4_OID31444_v1_Oncology_II.tar	https://www.synapse.org/Synapse:syn52360270				syn52360270	syn51365306				
EAS	MDGA1	MDGA1_Q8NFP4_OID20951_v1_Neurology.tar	https://www.synapse.org/Synapse:syn51526610				syn51526610	syn51365306				
EAS	MDH1	MDH1_P40925_OID30669_v1_Inflammation_II.tar	https://www.synapse.org/Synapse:syn52360593				syn52360593	syn51365306				
EAS	MDK	MDK_P21741_OID21489_v1_Oncology.tar	https://www.synapse.org/Synapse:syn51526558				syn51526558	syn51365306				
EAS	MDM1	MDM1_Q8TC05_OID30945_v1_Neurology_II.tar	https://www.synapse.org/Synapse:syn52360617				syn52360617	syn51365306				
EAS	MECR	MECR_Q9BV79_OID30274_v1_Cardiometabolic_II.tar	https://www.synapse.org/Synapse:syn52360696				syn52360696	syn51365306				
EAS	MED18	MED18_Q9BUE0_OID21236_v1_Oncology.tar	https://www.synapse.org/Synapse:syn51527193				syn51527193	syn51365306				
EAS	MED21	MED21_Q13503_OID30066_v1_Cardiometabolic_II.tar	https://www.synapse.org/Synapse:syn52360880				syn52360880	syn51365306				
EAS	MEGF10	MEGF10_Q96KG7_OID20746_v1_Inflammation.tar	https://www.synapse.org/Synapse:syn51526868				syn51526868	syn51365306				
EAS	MEGF11	MEGF11_A6BM72_OID30099_v1_Cardiometabolic_II.tar	https://www.synapse.org/Synapse:syn52360040				syn52360040	syn51365306				
EAS	MEGF9	MEGF9_Q9H1U4_OID20285_v1_Cardiometabolic.tar	https://www.synapse.org/Synapse:syn51533242				syn51533242	syn51365306				
EAS	MELTF	MELTF_P08582_OID30347_v1_Cardiometabolic_II.tar	https://www.synapse.org/Synapse:syn52360574				syn52360574	syn51365306				
EAS	MENT	MENT_Q9BUN1_OID30595_v1_Inflammation_II.tar	https://www.synapse.org/Synapse:syn52360583				syn52360583	syn51365306				
EAS	MEP1A	MEP1A_Q16819_OID31459_v1_Oncology_II.tar	https://www.synapse.org/Synapse:syn52359570				syn52359570	syn51365306				
EAS	MEP1B	MEP1B_Q16820_OID20168_v1_Cardiometabolic.tar	https://www.synapse.org/Synapse:syn51533395				syn51533395	syn51365306				
EAS	MEPE	MEPE_Q9NQ76_OID20753_v1_Inflammation.tar	https://www.synapse.org/Synapse:syn51527309				syn51527309	syn51365306				
EAS	MERTK	MERTK_Q12866_OID20657_v1_Inflammation.tar	https://www.synapse.org/Synapse:syn51533139				syn51533139	syn51365306				
EAS	MESD	MESD_Q14696_OID21099_v1_Neurology.tar	https://www.synapse.org/Synapse:syn51533412				syn51533412	syn51365306				
EAS	METAP1D	METAP1D_Q6UB28_OID20519_v1_Inflammation.tar	https://www.synapse.org/Synapse:syn51528978				syn51528978	syn51365306				
EAS	METAP1	METAP1_P53582_OID20815_v1_Neurology.tar	https://www.synapse.org/Synapse:syn51526795				syn51526795	syn51365306				
EAS	METAP2	METAP2_P50579_OID21437_v1_Oncology.tar	https://www.synapse.org/Synapse:syn51527329				syn51527329	syn51365306				
EAS	MET	MET_P08581_OID20269_v1_Cardiometabolic.tar	https://www.synapse.org/Synapse:syn51533218				syn51533218	syn51365306				
EAS	MFAP3L	MFAP3L_O75121_OID30933_v1_Neurology_II.tar	https://www.synapse.org/Synapse:syn52359629				syn52359629	syn51365306				
EAS	MFAP3	MFAP3_P55082_OID20057_v1_Cardiometabolic.tar	https://www.synapse.org/Synapse:syn51527281				syn51527281	syn51365306				
EAS	MFAP4	MFAP4_P55083_OID30598_v1_Inflammation_II.tar	https://www.synapse.org/Synapse:syn52359834				syn52359834	syn51365306				
EAS	MFAP5	MFAP5_Q13361_OID20239_v1_Cardiometabolic.tar	https://www.synapse.org/Synapse:syn51526955				syn51526955	syn51365306				
EAS	MFGE8	MFGE8_Q08431_OID21134_v1_Neurology.tar	https://www.synapse.org/Synapse:syn51527084				syn51527084	syn51365306				
EAS	MGLL	MGLL_Q99685_OID20711_v1_Inflammation.tar	https://www.synapse.org/Synapse:syn51528347				syn51528347	syn51365306				
EAS	MGMT	MGMT_P16455_OID20588_v1_Inflammation.tar	https://www.synapse.org/Synapse:syn51533200				syn51533200	syn51365306				
EAS	MIA	MIA_Q16674_OID21531_v1_Oncology.tar	https://www.synapse.org/Synapse:syn51529367				syn51529367	syn51365306				
EAS	MICALL2	MICALL2_Q8IY33_OID30889_v1_Neurology_II.tar	https://www.synapse.org/Synapse:syn52359825				syn52359825	syn51365306				
EAS	MICB	MICB_MICA_Q29980_Q29983_OID20593_v1_Inflammation.tar	https://www.synapse.org/Synapse:syn51526557				syn51526557	syn51365306				
EAS	MIF	MIF_P14174_OID21073_v1_Neurology.tar	https://www.synapse.org/Synapse:syn51533213				syn51533213	syn51365306				
EAS	MILR1	MILR1_Q7Z6M3_OID20482_v1_Inflammation.tar	https://www.synapse.org/Synapse:syn51530798				syn51530798	syn51365306				
EAS	MINDY1	MINDY1_Q8N5J2_OID31399_v1_Oncology_II.tar	https://www.synapse.org/Synapse:syn52360528				syn52360528	syn51365306				
EAS	MINK1	MINK1_Q8N4C8_OID31156_v1_Neurology_II.tar	https://www.synapse.org/Synapse:syn52360792				syn52360792	syn51365306				
EAS	MITD1	MITD1_Q8WV92_OID20959_v1_Neurology.tar	https://www.synapse.org/Synapse:syn51526817				syn51526817	syn51365306				
EAS	MKI67	MKI67_P46013_OID30455_v1_Inflammation_II.tar	https://www.synapse.org/Synapse:syn52360430				syn52360430	syn51365306				
EAS	MLLT1	MLLT1_Q03111_OID31211_v1_Oncology_II.tar	https://www.synapse.org/Synapse:syn52359680				syn52359680	syn51365306				
EAS	MLN	MLN_P12872_OID20541_v1_Inflammation.tar	https://www.synapse.org/Synapse:syn51526698				syn51526698	syn51365306				
EAS	MME	MME_P08473_OID21307_v1_Oncology.tar	https://www.synapse.org/Synapse:syn51530085				syn51530085	syn51365306				
EAS	MMP10	MMP10_P09238_OID20687_v1_Inflammation.tar	https://www.synapse.org/Synapse:syn51533204				syn51533204	syn51365306				
EAS	MMP12	MMP12_P39900_OID21439_v1_Oncology.tar	https://www.synapse.org/Synapse:syn51527243				syn51527243	syn51365306				
EAS	MMP13	MMP13_P45452_OID20807_v1_Neurology.tar	https://www.synapse.org/Synapse:syn51533340				syn51533340	syn51365306				
EAS	MMP15	MMP15_P51511_OID30299_v1_Cardiometabolic_II.tar	https://www.synapse.org/Synapse:syn52360656				syn52360656	syn51365306				
EAS	MMP1	MMP1_P03956_OID20672_v1_Inflammation.tar	https://www.synapse.org/Synapse:syn51526576				syn51526576	syn51365306				
EAS	MMP3	MMP3_P08254_OID21083_v1_Neurology.tar	https://www.synapse.org/Synapse:syn51527334				syn51527334	syn51365306				
EAS	MMP7	MMP7_P09237_OID20087_v1_Cardiometabolic.tar	https://www.synapse.org/Synapse:syn51526900				syn51526900	syn51365306				
EAS	MMP8	MMP8_P22894_OID21019_v1_Neurology.tar	https://www.synapse.org/Synapse:syn51527244				syn51527244	syn51365306				
EAS	MMP9	MMP9_P14780_OID21103_v1_Neurology.tar	https://www.synapse.org/Synapse:syn51526982				syn51526982	syn51365306				
EAS	MMUT	MMUT_P22033_OID30159_v1_Cardiometabolic_II.tar	https://www.synapse.org/Synapse:syn52360132				syn52360132	syn51365306				
EAS	MN1	MN1_Q10571_OID30908_v1_Neurology_II.tar	https://www.synapse.org/Synapse:syn52360352				syn52360352	syn51365306				
EAS	MNAT1	MNAT1_P51948_OID31327_v1_Oncology_II.tar	https://www.synapse.org/Synapse:syn52360820				syn52360820	syn51365306				
EAS	MNDA	MNDA_P41218_OID20156_v1_Cardiometabolic.tar	https://www.synapse.org/Synapse:syn51533223				syn51533223	syn51365306				
EAS	MOCS2	MOCS2_O96007_OID30638_v1_Inflammation_II.tar	https://www.synapse.org/Synapse:syn52361085				syn52361085	syn51365306				
EAS	MOG	MOG_Q16653_OID21384_v1_Oncology.tar	https://www.synapse.org/Synapse:syn51533205				syn51533205	syn51365306				
EAS	MORC3	MORC3_Q14149_OID31073_v1_Neurology_II.tar	https://www.synapse.org/Synapse:syn52360052				syn52360052	syn51365306				
EAS	MORF4L1	MORF4L1_Q9UBU8_OID31257_v1_Oncology_II.tar	https://www.synapse.org/Synapse:syn52360217				syn52360217	syn51365306				
EAS	MORF4L2	MORF4L2_Q15014_OID31160_v1_Oncology_II.tar	https://www.synapse.org/Synapse:syn52360489				syn52360489	syn51365306				
EAS	MORN4	MORN4_Q8NDC4_OID31217_v1_Oncology_II.tar	https://www.synapse.org/Synapse:syn52359792				syn52359792	syn51365306				
EAS	MPHOSPH8	MPHOSPH8_Q99549_OID20092_v1_Cardiometabolic.tar	https://www.synapse.org/Synapse:syn51533568				syn51533568	syn51365306				
EAS	MPIG6B	MPIG6B_O95866_OID20779_v1_Inflammation.tar	https://www.synapse.org/Synapse:syn51526837				syn51526837	syn51365306				
EAS	MPI	MPI_P34949_OID21288_v1_Oncology.tar	https://www.synapse.org/Synapse:syn51526668				syn51526668	syn51365306				
EAS	MPO	MPO_P05164_OID21100_v1_Neurology.tar	https://www.synapse.org/Synapse:syn51527198				syn51527198	syn51365306				
EAS	MPRIP	MPRIP_Q6WCQ1_OID31420_v1_Oncology_II.tar	https://www.synapse.org/Synapse:syn52359741				syn52359741	syn51365306				
EAS	MRC1	MRC1_P22897_OID30694_v1_Inflammation_II.tar	https://www.synapse.org/Synapse:syn52360548				syn52360548	syn51365306				
EAS	MRI1	MRI1_Q9BV20_OID30891_v1_Neurology_II.tar	https://www.synapse.org/Synapse:syn52360804				syn52360804	syn51365306				
EAS	MRPL24	MRPL24_Q96A35_OID30178_v1_Cardiometabolic_II.tar	https://www.synapse.org/Synapse:syn52360808				syn52360808	syn51365306				
EAS	MRPL28	MRPL28_Q13084_OID31023_v1_Neurology_II.tar	https://www.synapse.org/Synapse:syn52361191				syn52361191	syn51365306				
EAS	MRPL46	MRPL46_Q9H2W6_OID20858_v1_Neurology.tar	https://www.synapse.org/Synapse:syn51526821				syn51526821	syn51365306				
EAS	MRPL52	MRPL52_Q86TS9_OID31239_v1_Oncology_II.tar	https://www.synapse.org/Synapse:syn52360833				syn52360833	syn51365306				
EAS	MRPL58	MRPL58_Q14197_OID31036_v1_Neurology_II.tar	https://www.synapse.org/Synapse:syn52359916				syn52359916	syn51365306				
EAS	MRPS16	MRPS16_Q9Y3D3_OID30489_v1_Inflammation_II.tar	https://www.synapse.org/Synapse:syn52360560				syn52360560	syn51365306				
EAS	MSLNL	MSLNL_Q96KJ4_OID30939_v1_Neurology_II.tar	https://www.synapse.org/Synapse:syn52361183				syn52361183	syn51365306				
EAS	MSLN	MSLN_Q13421_OID21380_v1_Oncology.tar	https://www.synapse.org/Synapse:syn51526864				syn51526864	syn51365306				
EAS	MSMB	MSMB_P08118_OID20275_v1_Cardiometabolic.tar	https://www.synapse.org/Synapse:syn51526753				syn51526753	syn51365306				
EAS	MSR1	MSR1_P21757_OID21063_v1_Neurology.tar	https://www.synapse.org/Synapse:syn51526932				syn51526932	syn51365306				
EAS	MSRA	MSRA_Q9UJ68_OID21513_v1_Oncology.tar	https://www.synapse.org/Synapse:syn51533092				syn51533092	syn51365306				
EAS	MST1	MST1_P26927_OID30713_v1_Inflammation_II.tar	https://www.synapse.org/Synapse:syn52361078				syn52361078	syn51365306				
EAS	MSTN	MSTN_O14793_OID20115_v1_Cardiometabolic.tar	https://www.synapse.org/Synapse:syn51533386				syn51533386	syn51365306				
EAS	MTDH	MTDH_Q86UE4_OID30538_v1_Inflammation_II.tar	https://www.synapse.org/Synapse:syn52359819				syn52359819	syn51365306				
EAS	MTHFD2	MTHFD2_P13995_OID31078_v1_Neurology_II.tar	https://www.synapse.org/Synapse:syn52360334				syn52360334	syn51365306				
EAS	MTHFSD	MTHFSD_Q2M296_OID31305_v1_Oncology_II.tar	https://www.synapse.org/Synapse:syn52360467				syn52360467	syn51365306				
EAS	MTIF3	MTIF3_Q9H2K0_OID31513_v1_Oncology_II.tar	https://www.synapse.org/Synapse:syn52360008				syn52360008	syn51365306				
EAS	MTPN	MTPN_P58546_OID20080_v1_Cardiometabolic.tar	https://www.synapse.org/Synapse:syn51533060				syn51533060	syn51365306				
EAS	MTR	MTR_Q99707_OID30110_v1_Cardiometabolic_II.tar	https://www.synapse.org/Synapse:syn52359821				syn52359821	syn51365306				
EAS	MTSS1	MTSS1_O43312_OID31492_v1_Oncology_II.tar	https://www.synapse.org/Synapse:syn52359984				syn52359984	syn51365306				
EAS	MTSS2	MTSS2_Q765P7_OID31409_v1_Oncology_II.tar	https://www.synapse.org/Synapse:syn52360576				syn52360576	syn51365306				
EAS	MTUS1	MTUS1_Q9ULD2_OID31315_v1_Oncology_II.tar	https://www.synapse.org/Synapse:syn52360777				syn52360777	syn51365306				
EAS	MUC13	MUC13_Q9H3R2_OID20866_v1_Neurology.tar	https://www.synapse.org/Synapse:syn51530624				syn51530624	syn51365306				
EAS	MUC16	MUC16_Q8WXI7_OID21378_v1_Oncology.tar	https://www.synapse.org/Synapse:syn51527247				syn51527247	syn51365306				
EAS	MUC2	MUC2_Q02817_OID30377_v1_Cardiometabolic_II.tar	https://www.synapse.org/Synapse:syn52360464				syn52360464	syn51365306				
EAS	MUCL3	MUCL3_Q3MIW9_OID31170_v1_Oncology_II.tar	https://www.synapse.org/Synapse:syn52360090				syn52360090	syn51365306				
EAS	MVK	MVK_Q03426_OID20459_v1_Inflammation.tar	https://www.synapse.org/Synapse:syn51533072				syn51533072	syn51365306				
EAS	MXRA8	MXRA8_Q9BRK3_OID30583_v1_Inflammation_II.tar	https://www.synapse.org/Synapse:syn52360055				syn52360055	syn51365306				
EAS	MYBPC1	MYBPC1_Q00872_OID30296_v1_Cardiometabolic_II.tar	https://www.synapse.org/Synapse:syn52359817				syn52359817	syn51365306				
EAS	MYBPC2	MYBPC2_Q14324_OID30199_v1_Cardiometabolic_II.tar	https://www.synapse.org/Synapse:syn52360066				syn52360066	syn51365306				
EAS	MYCBP2	MYCBP2_O75592_OID30996_v1_Neurology_II.tar	https://www.synapse.org/Synapse:syn52361213				syn52361213	syn51365306				
EAS	MYDGF	MYDGF_Q969H8_OID30313_v1_Cardiometabolic_II.tar	https://www.synapse.org/Synapse:syn52360004				syn52360004	syn51365306				
EAS	MYH4	MYH4_Q9Y623_OID30061_v1_Cardiometabolic_II.tar	https://www.synapse.org/Synapse:syn52360056				syn52360056	syn51365306				
EAS	MYH7B	MYH7B_A7E2Y1_OID31178_v1_Oncology_II.tar	https://www.synapse.org/Synapse:syn52361168				syn52361168	syn51365306				
EAS	MYH9	MYH9_P35579_OID30382_v1_Cardiometabolic_II.tar	https://www.synapse.org/Synapse:syn52360380				syn52360380	syn51365306				
EAS	MYL1	MYL1_P05976_OID30120_v1_Cardiometabolic_II.tar	https://www.synapse.org/Synapse:syn52359989				syn52359989	syn51365306				
EAS	MYL3	MYL3_P08590_OID30251_v1_Cardiometabolic_II.tar	https://www.synapse.org/Synapse:syn52360152				syn52360152	syn51365306				
EAS	MYL4	MYL4_P12829_OID30245_v1_Cardiometabolic_II.tar	https://www.synapse.org/Synapse:syn52360425				syn52360425	syn51365306				
EAS	MYL6B	MYL6B_P14649_OID30936_v1_Neurology_II.tar	https://www.synapse.org/Synapse:syn52360973				syn52360973	syn51365306				
EAS	MYLPF	MYLPF_Q96A32_OID30917_v1_Neurology_II.tar	https://www.synapse.org/Synapse:syn52360355				syn52360355	syn51365306				
EAS	MYO6	MYO6_Q9UM54_OID30989_v1_Neurology_II.tar	https://www.synapse.org/Synapse:syn52359824				syn52359824	syn51365306				
EAS	MYO9B	MYO9B_Q13459_OID20451_v1_Inflammation.tar	https://www.synapse.org/Synapse:syn51528798				syn51528798	syn51365306				
EAS	MYOC	MYOC_Q99972_OID21121_v1_Neurology.tar	https://www.synapse.org/Synapse:syn51527599				syn51527599	syn51365306				
EAS	MYOM1	MYOM1_P52179_OID30834_v1_Neurology_II.tar	https://www.synapse.org/Synapse:syn52360890				syn52360890	syn51365306				
EAS	MYOM2	MYOM2_P54296_OID30131_v1_Cardiometabolic_II.tar	https://www.synapse.org/Synapse:syn52359695				syn52359695	syn51365306				
EAS	MYOM3	MYOM3_Q5VTT5_OID30633_v1_Inflammation_II.tar	https://www.synapse.org/Synapse:syn52360444				syn52360444	syn51365306				
EAS	MZB1	MZB1_Q8WU39_OID20732_v1_Inflammation.tar	https://www.synapse.org/Synapse:syn51527096				syn51527096	syn51365306				
EAS	MZT1	MZT1_Q08AG7_OID21186_v1_Oncology.tar	https://www.synapse.org/Synapse:syn51533387				syn51533387	syn51365306				
EAS	NAA10	NAA10_P41227_OID30188_v1_Cardiometabolic_II.tar	https://www.synapse.org/Synapse:syn52359818				syn52359818	syn51365306				
EAS	NAA80	NAA80_Q93015_OID30893_v1_Neurology_II.tar	https://www.synapse.org/Synapse:syn52359939				syn52359939	syn51365306				
EAS	NAAA	NAAA_Q02083_OID20931_v1_Neurology.tar	https://www.synapse.org/Synapse:syn51526983				syn51526983	syn51365306				
EAS	NACC1	NACC1_Q96RE7_OID31393_v1_Oncology_II.tar	https://www.synapse.org/Synapse:syn52361119				syn52361119	syn51365306				
EAS	NADK	NADK_O95544_OID20178_v1_Cardiometabolic.tar	https://www.synapse.org/Synapse:syn51527298				syn51527298	syn51365306				
EAS	NAGA	NAGA_P17050_OID30509_v1_Inflammation_II.tar	https://www.synapse.org/Synapse:syn52360846				syn52360846	syn51365306				
EAS	NAGK	NAGK_Q9UJ70_OID30271_v1_Cardiometabolic_II.tar	https://www.synapse.org/Synapse:syn52360422				syn52360422	syn51365306				
EAS	NAGPA	NAGPA_Q9UK23_OID30643_v1_Inflammation_II.tar	https://www.synapse.org/Synapse:syn52359785				syn52359785	syn51365306				
EAS	NAMPT	NAMPT_P43490_OID21227_v1_Oncology.tar	https://www.synapse.org/Synapse:syn51526943				syn51526943	syn51365306				
EAS	NAP1L4	NAP1L4_Q99733_OID31475_v1_Oncology_II.tar	https://www.synapse.org/Synapse:syn52359954				syn52359954	syn51365306				
EAS	NAPRT	NAPRT_Q6XQN6_OID31114_v1_Neurology_II.tar	https://www.synapse.org/Synapse:syn52360729				syn52360729	syn51365306				
EAS	NARS1	NARS1_O43776_OID31035_v1_Neurology_II.tar	https://www.synapse.org/Synapse:syn52360714				syn52360714	syn51365306				
EAS	NBL1	NBL1_P41271_OID21486_v1_Oncology.tar	https://www.synapse.org/Synapse:syn51526956				syn51526956	syn51365306				
EAS	NBN	NBN_O60934_OID20442_v1_Inflammation.tar	https://www.synapse.org/Synapse:syn51526675				syn51526675	syn51365306				
EAS	NCAM1	NCAM1_P13591_OID20354_v1_Cardiometabolic.tar	https://www.synapse.org/Synapse:syn51527266				syn51527266	syn51365306				
EAS	NCAM2	NCAM2_O15394_OID21095_v1_Neurology.tar	https://www.synapse.org/Synapse:syn51526859				syn51526859	syn51365306				
EAS	NCAN	NCAN_O14594_OID21055_v1_Neurology.tar	https://www.synapse.org/Synapse:syn51527303				syn51527303	syn51365306				
EAS	NCF2	NCF2_P19878_OID20567_v1_Inflammation.tar	https://www.synapse.org/Synapse:syn51527183				syn51527183	syn51365306				
EAS	NCK2	NCK2_O43639_OID20683_v1_Inflammation.tar	https://www.synapse.org/Synapse:syn51526806				syn51526806	syn51365306				
EAS	NCLN	NCLN_Q969V3_OID20448_v1_Inflammation.tar	https://www.synapse.org/Synapse:syn51533556				syn51533556	syn51365306				
EAS	NCR1	NCR1_O76036_OID20566_v1_Inflammation.tar	https://www.synapse.org/Synapse:syn51526683				syn51526683	syn51365306				
EAS	NCR3LG1	NCR3LG1_Q68D85_OID31490_v1_Oncology_II.tar	https://www.synapse.org/Synapse:syn52361006				syn52361006	syn51365306				
EAS	NCS1	NCS1_P62166_OID21458_v1_Oncology.tar	https://www.synapse.org/Synapse:syn51533670				syn51533670	syn51365306				
EAS	NDRG1	NDRG1_Q92597_OID20792_v1_Neurology.tar	https://www.synapse.org/Synapse:syn51527227				syn51527227	syn51365306				
EAS	NDST1	NDST1_P52848_OID31369_v1_Oncology_II.tar	https://www.synapse.org/Synapse:syn52360930				syn52360930	syn51365306				
EAS	NDUFA5	NDUFA5_Q16718_OID30520_v1_Inflammation_II.tar	https://www.synapse.org/Synapse:syn52360958				syn52360958	syn51365306				
EAS	NDUFB7	NDUFB7_P17568_OID31521_v1_Oncology_II.tar	https://www.synapse.org/Synapse:syn52360732				syn52360732	syn51365306				
EAS	NDUFS6	NDUFS6_O75380_OID21224_v1_Oncology.tar	https://www.synapse.org/Synapse:syn51533491				syn51533491	syn51365306				
EAS	NEB	NEB_P20929_OID30105_v1_Cardiometabolic_II.tar	https://www.synapse.org/Synapse:syn52360094				syn52360094	syn51365306				
EAS	NECAP2	NECAP2_Q9NVZ3_OID30089_v1_Cardiometabolic_II.tar	https://www.synapse.org/Synapse:syn52360155				syn52360155	syn51365306				
EAS	NECTIN1	NECTIN1_Q15223_OID30545_v1_Inflammation_II.tar	https://www.synapse.org/Synapse:syn52360138				syn52360138	syn51365306				
EAS	NECTIN2	NECTIN2_Q92692_OID20222_v1_Cardiometabolic.tar	https://www.synapse.org/Synapse:syn51533292				syn51533292	syn51365306				
EAS	NECTIN4	NECTIN4_Q96NY8_OID21490_v1_Oncology.tar	https://www.synapse.org/Synapse:syn51527304				syn51527304	syn51365306				
EAS	NEDD4L	NEDD4L_Q96PU5_OID30521_v1_Inflammation_II.tar	https://www.synapse.org/Synapse:syn52360603				syn52360603	syn51365306				
EAS	NEDD9	NEDD9_Q14511_OID30503_v1_Inflammation_II.tar	https://www.synapse.org/Synapse:syn52360921				syn52360921	syn51365306				
EAS	NEFL	NEFL_P07196_OID20871_v1_Neurology.tar	https://www.synapse.org/Synapse:syn51526832				syn51526832	syn51365306				
EAS	NEK7	NEK7_Q8TDX7_OID31250_v1_Oncology_II.tar	https://www.synapse.org/Synapse:syn52360637				syn52360637	syn51365306				
EAS	NELL1	NELL1_Q92832_OID21494_v1_Oncology.tar	https://www.synapse.org/Synapse:syn51527180				syn51527180	syn51365306				
EAS	NELL2	NELL2_Q99435_OID20706_v1_Inflammation.tar	https://www.synapse.org/Synapse:syn51526861				syn51526861	syn51365306				
EAS	NENF	NENF_Q9UMX5_OID31354_v1_Oncology_II.tar	https://www.synapse.org/Synapse:syn52360363				syn52360363	syn51365306				
EAS	NEO1	NEO1_Q92859_OID31066_v1_Neurology_II.tar	https://www.synapse.org/Synapse:syn52360350				syn52360350	syn51365306				
EAS	NEXN	NEXN_Q0ZGT2_OID30678_v1_Inflammation_II.tar	https://www.synapse.org/Synapse:syn52361197				syn52361197	syn51365306				
EAS	NFASC	NFASC_O94856_OID20634_v1_Inflammation.tar	https://www.synapse.org/Synapse:syn51526810				syn51526810	syn51365306				
EAS	NFAT5	NFAT5_O94916_OID30522_v1_Inflammation_II.tar	https://www.synapse.org/Synapse:syn52359523				syn52359523	syn51365306				
EAS	NFATC1	NFATC1_O95644_OID20545_v1_Inflammation.tar	https://www.synapse.org/Synapse:syn51533274				syn51533274	syn51365306				
EAS	NFATC3	NFATC3_Q12968_OID20470_v1_Inflammation.tar	https://www.synapse.org/Synapse:syn51533020				syn51533020	syn51365306				
EAS	NFE2	NFE2_Q16621_OID30268_v1_Cardiometabolic_II.tar	https://www.synapse.org/Synapse:syn52360748				syn52360748	syn51365306				
EAS	NFIC	NFIC_P08651_OID30988_v1_Neurology_II.tar	https://www.synapse.org/Synapse:syn52359689				syn52359689	syn51365306				
EAS	NFKB1	NFKB1_P19838_OID30160_v1_Cardiometabolic_II.tar	https://www.synapse.org/Synapse:syn52359938				syn52359938	syn51365306				
EAS	NFKB2	NFKB2_Q00653_OID31258_v1_Oncology_II.tar	https://www.synapse.org/Synapse:syn52360306				syn52360306	syn51365306				
EAS	NFKBIE	NFKBIE_O00221_OID21212_v1_Oncology.tar	https://www.synapse.org/Synapse:syn51533583				syn51533583	syn51365306				
EAS	NFU1	NFU1_Q9UMS0_OID31510_v1_Oncology_II.tar	https://www.synapse.org/Synapse:syn52361109				syn52361109	syn51365306				
EAS	NFX1	NFX1_Q12986_OID30158_v1_Cardiometabolic_II.tar	https://www.synapse.org/Synapse:syn52360339				syn52360339	syn51365306				
EAS	NFYA	NFYA_P23511_OID30134_v1_Cardiometabolic_II.tar	https://www.synapse.org/Synapse:syn52359786				syn52359786	syn51365306				
EAS	NGFR	NGFR_P08138_OID30300_v1_Cardiometabolic_II.tar	https://www.synapse.org/Synapse:syn52359754				syn52359754	syn51365306				
EAS	NGF	NGF_P01138_OID20920_v1_Neurology.tar	https://www.synapse.org/Synapse:syn51533391				syn51533391	syn51365306				
EAS	NGRN	NGRN_Q9NPE2_OID31115_v1_Neurology_II.tar	https://www.synapse.org/Synapse:syn52360318				syn52360318	syn51365306				
EAS	NHLRC3	NHLRC3_Q5JS37_OID30614_v1_Inflammation_II.tar	https://www.synapse.org/Synapse:syn52359573				syn52359573	syn51365306				
EAS	NID1	NID1_P14543_OID20362_v1_Cardiometabolic.tar	https://www.synapse.org/Synapse:syn51527003				syn51527003	syn51365306				
EAS	NID2	NID2_Q14112_OID21085_v1_Neurology.tar	https://www.synapse.org/Synapse:syn51526522				syn51526522	syn51365306				
EAS	NINJ1	NINJ1_Q92982_OID21167_v1_Oncology.tar	https://www.synapse.org/Synapse:syn51533229				syn51533229	syn51365306				
EAS	NIT1	NIT1_Q86X76_OID30252_v1_Cardiometabolic_II.tar	https://www.synapse.org/Synapse:syn52360113				syn52360113	syn51365306				
EAS	NIT2	NIT2_Q9NQR4_OID30336_v1_Cardiometabolic_II.tar	https://www.synapse.org/Synapse:syn52359600				syn52359600	syn51365306				
EAS	NLGN1	NLGN1_Q8N2Q7_OID30900_v1_Neurology_II.tar	https://www.synapse.org/Synapse:syn52359684				syn52359684	syn51365306				
EAS	NLGN2	NLGN2_Q8NFZ4_OID30878_v1_Neurology_II.tar	https://www.synapse.org/Synapse:syn52359769				syn52359769	syn51365306				
EAS	NME1	NME1_P15531_OID30451_v1_Inflammation_II.tar	https://www.synapse.org/Synapse:syn52359998				syn52359998	syn51365306				
EAS	NME3	NME3_Q13232_OID20789_v1_Inflammation.tar	https://www.synapse.org/Synapse:syn51527007				syn51527007	syn51365306				
EAS	NMI	NMI_Q13287_OID31378_v1_Oncology_II.tar	https://www.synapse.org/Synapse:syn52360750				syn52360750	syn51365306				
EAS	NMNAT1	NMNAT1_Q9HAN9_OID20913_v1_Neurology.tar	https://www.synapse.org/Synapse:syn51527054				syn51527054	syn51365306				
EAS	NMRK2	NMRK2_Q9NPI5_OID31163_v1_Oncology_II.tar	https://www.synapse.org/Synapse:syn52361169				syn52361169	syn51365306				
EAS	NMT1	NMT1_P30419_OID31021_v1_Neurology_II.tar	https://www.synapse.org/Synapse:syn52359915				syn52359915	syn51365306				
EAS	NOMO1	NOMO1_Q15155_OID21106_v1_Neurology.tar	https://www.synapse.org/Synapse:syn51533107				syn51533107	syn51365306				
EAS	NOP56	NOP56_O00567_OID30055_v1_Cardiometabolic_II.tar	https://www.synapse.org/Synapse:syn52360454				syn52360454	syn51365306				
EAS	NOS1	NOS1_P29475_OID20863_v1_Neurology.tar	https://www.synapse.org/Synapse:syn51527086				syn51527086	syn51365306				
EAS	NOS2	NOS2_P35228_OID30087_v1_Cardiometabolic_II.tar	https://www.synapse.org/Synapse:syn52360503				syn52360503	syn51365306				
EAS	NOS3	NOS3_P29474_OID20834_v1_Neurology.tar	https://www.synapse.org/Synapse:syn51533702				syn51533702	syn51365306				
EAS	NOTCH1	NOTCH1_P46531_OID20311_v1_Cardiometabolic.tar	https://www.synapse.org/Synapse:syn51533372				syn51533372	syn51365306				
EAS	NOTCH2	NOTCH2_Q04721_OID30407_v1_Cardiometabolic_II.tar	https://www.synapse.org/Synapse:syn52360135				syn52360135	syn51365306				
EAS	NOTCH3	NOTCH3_Q9UM47_OID20253_v1_Cardiometabolic.tar	https://www.synapse.org/Synapse:syn51526844				syn51526844	syn51365306				
EAS	NPC2	NPC2_P61916_OID30418_v1_Cardiometabolic_II.tar	https://www.synapse.org/Synapse:syn52359993				syn52359993	syn51365306				
EAS	NPDC1	NPDC1_Q9NQX5_OID20205_v1_Cardiometabolic.tar	https://www.synapse.org/Synapse:syn51527330				syn51527330	syn51365306				
EAS	NPHS1	NPHS1_O60500_OID30540_v1_Inflammation_II.tar	https://www.synapse.org/Synapse:syn52360864				syn52360864	syn51365306				
EAS	NPHS2	NPHS2_Q9NP85_OID30462_v1_Inflammation_II.tar	https://www.synapse.org/Synapse:syn52360673				syn52360673	syn51365306				
EAS	NPL	NPL_Q9BXD5_OID30329_v1_Cardiometabolic_II.tar	https://www.synapse.org/Synapse:syn52360475				syn52360475	syn51365306				
EAS	NPM1	NPM1_P06748_OID20961_v1_Neurology.tar	https://www.synapse.org/Synapse:syn51526885				syn51526885	syn51365306				
EAS	NPPB	NPPB_P16860_OID20049_v1_Cardiometabolic.tar	https://www.synapse.org/Synapse:syn51533685				syn51533685	syn51365306				
EAS	NPPC	NPPC_P23582_OID20568_v1_Inflammation.tar	https://www.synapse.org/Synapse:syn51526591				syn51526591	syn51365306				
EAS	NPR1	NPR1_P16066_OID30116_v1_Cardiometabolic_II.tar	https://www.synapse.org/Synapse:syn52359871				syn52359871	syn51365306				
EAS	NPTN	NPTN_Q9Y639_OID21235_v1_Oncology.tar	https://www.synapse.org/Synapse:syn51527135				syn51527135	syn51365306				
EAS	NPTX1	NPTX1_Q15818_OID21074_v1_Neurology.tar	https://www.synapse.org/Synapse:syn51526587				syn51526587	syn51365306				
EAS	NPTX2	NPTX2_P47972_OID30390_v1_Cardiometabolic_II.tar	https://www.synapse.org/Synapse:syn52359672				syn52359672	syn51365306				
EAS	NPTXR	NPTXR_O95502_OID20191_v1_Cardiometabolic.tar	https://www.synapse.org/Synapse:syn51533277				syn51533277	syn51365306				
EAS	NPY	NPY_P01303_OID21388_v1_Oncology.tar	https://www.synapse.org/Synapse:syn51526547				syn51526547	syn51365306				
EAS	NRCAM	NRCAM_Q92823_OID20229_v1_Cardiometabolic.tar	https://www.synapse.org/Synapse:syn51527153				syn51527153	syn51365306				
EAS	NRGN	NRGN_Q92686_OID30674_v1_Inflammation_II.tar	https://www.synapse.org/Synapse:syn52360976				syn52360976	syn51365306				
EAS	NRN1	NRN1_Q9NPD7_OID30983_v1_Neurology_II.tar	https://www.synapse.org/Synapse:syn52360636				syn52360636	syn51365306				
EAS	NRP1	NRP1_O14786_OID20390_v1_Cardiometabolic.tar	https://www.synapse.org/Synapse:syn51533280				syn51533280	syn51365306				
EAS	NRP2	NRP2_O60462_OID21081_v1_Neurology.tar	https://www.synapse.org/Synapse:syn51527954				syn51527954	syn51365306				
EAS	NRTN	NRTN_Q99748_OID20465_v1_Inflammation.tar	https://www.synapse.org/Synapse:syn51533026				syn51533026	syn51365306				
EAS	NRXN3	NRXN3_Q9Y4C0_OID30901_v1_Neurology_II.tar	https://www.synapse.org/Synapse:syn52360616				syn52360616	syn51365306				
EAS	NSFL1C	NSFL1C_Q9UNZ2_OID21022_v1_Neurology.tar	https://www.synapse.org/Synapse:syn51533671				syn51533671	syn51365306				
EAS	NT5C1A	NT5C1A_Q9BXI3_OID31102_v1_Neurology_II.tar	https://www.synapse.org/Synapse:syn52360133				syn52360133	syn51365306				
EAS	NT5C3A	NT5C3A_Q9H0P0_OID20553_v1_Inflammation.tar	https://www.synapse.org/Synapse:syn51526715				syn51526715	syn51365306				
EAS	NT5C	NT5C_Q8TCD5_OID30294_v1_Cardiometabolic_II.tar	https://www.synapse.org/Synapse:syn52359716				syn52359716	syn51365306				
EAS	NT5E	NT5E_P21589_OID21498_v1_Oncology.tar	https://www.synapse.org/Synapse:syn51527000				syn51527000	syn51365306				
EAS	NTF3	NTF3_P20783_OID20591_v1_Inflammation.tar	https://www.synapse.org/Synapse:syn51533424				syn51533424	syn51365306				
EAS	NTF4	NTF4_P34130_OID21208_v1_Oncology.tar	https://www.synapse.org/Synapse:syn51533304				syn51533304	syn51365306				
EAS	NTRK2	NTRK2_Q16620_OID20136_v1_Cardiometabolic.tar	https://www.synapse.org/Synapse:syn51533095				syn51533095	syn51365306				
EAS	NTRK3	NTRK3_Q16288_OID21057_v1_Neurology.tar	https://www.synapse.org/Synapse:syn51527246				syn51527246	syn51365306				
EAS	NTPROBNP	NTproBNP_NTproBNP_OID20125_v1_Cardiometabolic.tar	https://www.synapse.org/Synapse:syn51533305				syn51533305	syn51365306				
EAS	NUB1	NUB1_Q9Y5A7_OID20510_v1_Inflammation.tar	https://www.synapse.org/Synapse:syn51526634				syn51526634	syn51365306				
EAS	NUBP1	NUBP1_P53384_OID31412_v1_Oncology_II.tar	https://www.synapse.org/Synapse:syn52360669				syn52360669	syn51365306				
EAS	NUCB2	NUCB2_P80303_OID21448_v1_Oncology.tar	https://www.synapse.org/Synapse:syn51533390				syn51533390	syn51365306				
EAS	NUDC	NUDC_Q9Y266_OID20623_v1_Inflammation.tar	https://www.synapse.org/Synapse:syn51533377				syn51533377	syn51365306				
EAS	NUDT10	NUDT10_Q8NFP7_OID30198_v1_Cardiometabolic_II.tar	https://www.synapse.org/Synapse:syn52360884				syn52360884	syn51365306				
EAS	NUDT15	NUDT15_Q9NV35_OID30102_v1_Cardiometabolic_II.tar	https://www.synapse.org/Synapse:syn52359853				syn52359853	syn51365306				
EAS	NUDT16	NUDT16_Q96DE0_OID31484_v1_Oncology_II.tar	https://www.synapse.org/Synapse:syn52360022				syn52360022	syn51365306				
EAS	NUDT2	NUDT2_P50583_OID21308_v1_Oncology.tar	https://www.synapse.org/Synapse:syn51533037				syn51533037	syn51365306				
EAS	NUDT5	NUDT5_Q9UKK9_OID21115_v1_Neurology.tar	https://www.synapse.org/Synapse:syn51526687				syn51526687	syn51365306				
EAS	NUMB	NUMB_P49757_OID30568_v1_Inflammation_II.tar	https://www.synapse.org/Synapse:syn52359548				syn52359548	syn51365306				
EAS	NUP50	NUP50_Q9UKX7_OID30100_v1_Cardiometabolic_II.tar	https://www.synapse.org/Synapse:syn52359808				syn52359808	syn51365306				
EAS	NXPE4	NXPE4_Q6UWF7_OID30076_v1_Cardiometabolic_II.tar	https://www.synapse.org/Synapse:syn52361037				syn52361037	syn51365306				
EAS	NXPH1	NXPH1_P58417_OID20849_v1_Neurology.tar	https://www.synapse.org/Synapse:syn51527259				syn51527259	syn51365306				
EAS	NXPH3	NXPH3_O95157_OID30565_v1_Inflammation_II.tar	https://www.synapse.org/Synapse:syn52359895				syn52359895	syn51365306				
EAS	OBP2B	OBP2B_Q9NPH6_OID20980_v1_Neurology.tar	https://www.synapse.org/Synapse:syn51533146				syn51533146	syn51365306				
EAS	OCLN	OCLN_Q16625_OID31069_v1_Neurology_II.tar	https://www.synapse.org/Synapse:syn52359907				syn52359907	syn51365306				
EAS	ODAM	ODAM_A1E959_OID20793_v1_Neurology.tar	https://www.synapse.org/Synapse:syn51526820				syn51526820	syn51365306				
EAS	OFD1	OFD1_O75665_OID31268_v1_Oncology_II.tar	https://www.synapse.org/Synapse:syn52359896				syn52359896	syn51365306				
EAS	OGA	OGA_O60502_OID31465_v1_Oncology_II.tar	https://www.synapse.org/Synapse:syn52360586				syn52360586	syn51365306				
EAS	OGFR	OGFR_Q9NZT2_OID21360_v1_Oncology.tar	https://www.synapse.org/Synapse:syn51527125				syn51527125	syn51365306				
EAS	OGN	OGN_P20774_OID21123_v1_Neurology.tar	https://www.synapse.org/Synapse:syn51526961				syn51526961	syn51365306				
EAS	OGT	OGT_O15294_OID31300_v1_Oncology_II.tar	https://www.synapse.org/Synapse:syn52359683				syn52359683	syn51365306				
EAS	OLFM4	OLFM4_Q6UX06_OID30665_v1_Inflammation_II.tar	https://www.synapse.org/Synapse:syn52359868				syn52359868	syn51365306				
EAS	OLR1	OLR1_P78380_OID20183_v1_Cardiometabolic.tar	https://www.synapse.org/Synapse:syn51532939				syn51532939	syn51365306				
EAS	OMD	OMD_Q99983_OID20725_v1_Inflammation.tar	https://www.synapse.org/Synapse:syn51526849				syn51526849	syn51365306				
EAS	OMG	OMG_P23515_OID21352_v1_Oncology.tar	https://www.synapse.org/Synapse:syn51527051				syn51527051	syn51365306				
EAS	OMP	OMP_P47874_OID30835_v1_Neurology_II.tar	https://www.synapse.org/Synapse:syn52360726				syn52360726	syn51365306				
EAS	OPHN1	OPHN1_O60890_OID31087_v1_Neurology_II.tar	https://www.synapse.org/Synapse:syn52359662				syn52359662	syn51365306				
EAS	OPLAH	OPLAH_O14841_OID30201_v1_Cardiometabolic_II.tar	https://www.synapse.org/Synapse:syn52359718				syn52359718	syn51365306				
EAS	OPTC	OPTC_Q9UBM4_OID21362_v1_Oncology.tar	https://www.synapse.org/Synapse:syn51533551				syn51533551	syn51365306				
EAS	ORM1	ORM1_P02763_OID30768_v1_Inflammation_II.tar	https://www.synapse.org/Synapse:syn52361020				syn52361020	syn51365306				
EAS	OSBPL2	OSBPL2_Q9H1P3_OID31085_v1_Neurology_II.tar	https://www.synapse.org/Synapse:syn52361065				syn52361065	syn51365306				
EAS	OSCAR	OSCAR_Q8IYS5_OID20776_v1_Inflammation.tar	https://www.synapse.org/Synapse:syn51526744				syn51526744	syn51365306				
EAS	OSMR	OSMR_Q99650_OID20356_v1_Cardiometabolic.tar	https://www.synapse.org/Synapse:syn51526567				syn51526567	syn51365306				
EAS	OSM	OSM_P13725_OID20574_v1_Inflammation.tar	https://www.synapse.org/Synapse:syn51533271				syn51533271	syn51365306				
EAS	OSTN	OSTN_P61366_OID30909_v1_Neurology_II.tar	https://www.synapse.org/Synapse:syn52360327				syn52360327	syn51365306				
EAS	OTOA	OTOA_Q7RTW8_OID30825_v1_Neurology_II.tar	https://www.synapse.org/Synapse:syn52360888				syn52360888	syn51365306				
EAS	OTUD6B	OTUD6B_Q8N6M0_OID31487_v1_Oncology_II.tar	https://www.synapse.org/Synapse:syn52360183				syn52360183	syn51365306				
EAS	OTUD7B	OTUD7B_Q6GQQ9_OID31064_v1_Neurology_II.tar	https://www.synapse.org/Synapse:syn52359567				syn52359567	syn51365306				
EAS	OXCT1	OXCT1_P55809_OID30227_v1_Cardiometabolic_II.tar	https://www.synapse.org/Synapse:syn52360572				syn52360572	syn51365306				
EAS	OXT	OXT_P01178_OID21047_v1_Neurology.tar	https://www.synapse.org/Synapse:syn51533379				syn51533379	syn51365306				
EAS	P4HB	P4HB_P07237_OID21509_v1_Oncology.tar	https://www.synapse.org/Synapse:syn51527019				syn51527019	syn51365306				
EAS	PACS2	PACS2_Q86VP3_OID30186_v1_Cardiometabolic_II.tar	https://www.synapse.org/Synapse:syn52360294				syn52360294	syn51365306				
EAS	PADI2	PADI2_Q9Y2J8_OID20467_v1_Inflammation.tar	https://www.synapse.org/Synapse:syn51526874				syn51526874	syn51365306				
EAS	PADI4	PADI4_Q9UM07_OID20832_v1_Neurology.tar	https://www.synapse.org/Synapse:syn51527145				syn51527145	syn51365306				
EAS	PAEP	PAEP_P09466_OID20925_v1_Neurology.tar	https://www.synapse.org/Synapse:syn51532766				syn51532766	syn51365306				
EAS	PAFAH1B3	PAFAH1B3_Q15102_OID30998_v1_Neurology_II.tar	https://www.synapse.org/Synapse:syn52359807				syn52359807	syn51365306				
EAS	PAFAH2	PAFAH2_Q99487_OID31286_v1_Oncology_II.tar	https://www.synapse.org/Synapse:syn52360044				syn52360044	syn51365306				
EAS	PAG1	PAG1_Q9NWQ8_OID20108_v1_Cardiometabolic.tar	https://www.synapse.org/Synapse:syn51531677				syn51531677	syn51365306				
EAS	PAGR1	PAGR1_Q9BTK6_OID30206_v1_Cardiometabolic_II.tar	https://www.synapse.org/Synapse:syn52360202				syn52360202	syn51365306				
EAS	PAIP2B	PAIP2B_Q9ULR5_OID31228_v1_Oncology_II.tar	https://www.synapse.org/Synapse:syn52359902				syn52359902	syn51365306				
EAS	PAK4	PAK4_O96013_OID20819_v1_Neurology.tar	https://www.synapse.org/Synapse:syn51526886				syn51526886	syn51365306				
EAS	PALLD	PALLD_Q8WX93_OID30444_v1_Inflammation_II.tar	https://www.synapse.org/Synapse:syn52360418				syn52360418	syn51365306				
EAS	PALM2	PALM2_Q8IXS6_OID31096_v1_Neurology_II.tar	https://www.synapse.org/Synapse:syn52360099				syn52360099	syn51365306				
EAS	PALM3	PALM3_A6NDB9_OID30182_v1_Cardiometabolic_II.tar	https://www.synapse.org/Synapse:syn52360160				syn52360160	syn51365306				
EAS	PALM	PALM_O75781_OID31515_v1_Oncology_II.tar	https://www.synapse.org/Synapse:syn52360072				syn52360072	syn51365306				
EAS	PAMR1	PAMR1_Q6UXH9_OID21153_v1_Neurology.tar	https://www.synapse.org/Synapse:syn51532895				syn51532895	syn51365306				
EAS	PAM	PAM_P19021_OID20291_v1_Cardiometabolic.tar	https://www.synapse.org/Synapse:syn51526728				syn51526728	syn51365306				
EAS	PAPPA	PAPPA_Q13219_OID20421_v1_Inflammation.tar	https://www.synapse.org/Synapse:syn51527331				syn51527331	syn51365306				
EAS	PARD3	PARD3_Q8TEW0_OID31301_v1_Oncology_II.tar	https://www.synapse.org/Synapse:syn52360678				syn52360678	syn51365306				
EAS	PARK7	PARK7_Q99497_OID21160_v1_Neurology.tar	https://www.synapse.org/Synapse:syn51527279				syn51527279	syn51365306				
EAS	PARP1	PARP1_P09874_OID20500_v1_Inflammation.tar	https://www.synapse.org/Synapse:syn51533258				syn51533258	syn51365306				
EAS	PAXX	PAXX_Q9BUH6_OID30591_v1_Inflammation_II.tar	https://www.synapse.org/Synapse:syn52361005				syn52361005	syn51365306				
EAS	PBK	PBK_Q96KB5_OID31158_v1_Oncology_II.tar	https://www.synapse.org/Synapse:syn52359633				syn52359633	syn51365306				
EAS	PBLD	PBLD_P30039_OID20839_v1_Neurology.tar	https://www.synapse.org/Synapse:syn51533526				syn51533526	syn51365306				
EAS	PBXIP1	PBXIP1_Q96AQ6_OID31435_v1_Oncology_II.tar	https://www.synapse.org/Synapse:syn52360366				syn52360366	syn51365306				
EAS	PCARE	PCARE_A6NGG8_OID30838_v1_Neurology_II.tar	https://www.synapse.org/Synapse:syn52359981				syn52359981	syn51365306				
EAS	PCBD1	PCBD1_P61457_OID30610_v1_Inflammation_II.tar	https://www.synapse.org/Synapse:syn52361033				syn52361033	syn51365306				
EAS	PCBP2	PCBP2_Q15366_OID31003_v1_Neurology_II.tar	https://www.synapse.org/Synapse:syn52359747				syn52359747	syn51365306				
EAS	PCDH12	PCDH12_Q9NPG4_OID31045_v1_Neurology_II.tar	https://www.synapse.org/Synapse:syn52360825				syn52360825	syn51365306				
EAS	PCDH17	PCDH17_O14917_OID20132_v1_Cardiometabolic.tar	https://www.synapse.org/Synapse:syn51533666				syn51533666	syn51365306				
EAS	PCDH1	PCDH1_Q08174_OID20614_v1_Inflammation.tar	https://www.synapse.org/Synapse:syn51533087				syn51533087	syn51365306				
EAS	PCDH7	PCDH7_O60245_OID31456_v1_Oncology_II.tar	https://www.synapse.org/Synapse:syn52360092				syn52360092	syn51365306				
EAS	PCDH9	PCDH9_Q9HC56_OID31516_v1_Oncology_II.tar	https://www.synapse.org/Synapse:syn52360404				syn52360404	syn51365306				
EAS	PCDHB15	PCDHB15_Q9Y5E8_OID31377_v1_Oncology_II.tar	https://www.synapse.org/Synapse:syn52360443				syn52360443	syn51365306				
EAS	PCNA	PCNA_P12004_OID31161_v1_Oncology_II.tar	https://www.synapse.org/Synapse:syn52360364				syn52360364	syn51365306				
EAS	PCOLCE	PCOLCE_Q15113_OID20384_v1_Cardiometabolic.tar	https://www.synapse.org/Synapse:syn51526990				syn51526990	syn51365306				
EAS	PCSK7	PCSK7_Q16549_OID31410_v1_Oncology_II.tar	https://www.synapse.org/Synapse:syn52360389				syn52360389	syn51365306				
EAS	PCSK9	PCSK9_Q8NBP7_OID20235_v1_Cardiometabolic.tar	https://www.synapse.org/Synapse:syn51526772				syn51526772	syn51365306				
EAS	PCYT2	PCYT2_Q99447_OID31519_v1_Oncology_II.tar	https://www.synapse.org/Synapse:syn52360584				syn52360584	syn51365306				
EAS	PDAP1	PDAP1_Q13442_OID30323_v1_Cardiometabolic_II.tar	https://www.synapse.org/Synapse:syn52360790				syn52360790	syn51365306				
EAS	PDCD1LG2	PDCD1LG2_Q9BQ51_OID21273_v1_Oncology.tar	https://www.synapse.org/Synapse:syn51527033				syn51527033	syn51365306				
EAS	PDCD1	PDCD1_Q15116_OID21396_v1_Oncology.tar	https://www.synapse.org/Synapse:syn51526930				syn51526930	syn51365306				
EAS	PDCD5	PDCD5_O14737_OID21021_v1_Neurology.tar	https://www.synapse.org/Synapse:syn51533077				syn51533077	syn51365306				
EAS	PDCD6	PDCD6_O75340_OID20163_v1_Cardiometabolic.tar	https://www.synapse.org/Synapse:syn51533261				syn51533261	syn51365306				
EAS	PDCL2	PDCL2_Q8N4E4_OID31168_v1_Oncology_II.tar	https://www.synapse.org/Synapse:syn52359708				syn52359708	syn51365306				
EAS	PDE1C	PDE1C_Q14123_OID31201_v1_Oncology_II.tar	https://www.synapse.org/Synapse:syn52359795				syn52359795	syn51365306				
EAS	PDE4D	PDE4D_Q08499_OID30084_v1_Cardiometabolic_II.tar	https://www.synapse.org/Synapse:syn52359869				syn52359869	syn51365306				
EAS	PDE5A	PDE5A_O76074_OID30584_v1_Inflammation_II.tar	https://www.synapse.org/Synapse:syn52360652				syn52360652	syn51365306				
EAS	PDGFA	PDGFA_P04085_OID20313_v1_Cardiometabolic.tar	https://www.synapse.org/Synapse:syn51526555				syn51526555	syn51365306				
EAS	PDGFB	PDGFB_P01127_OID20741_v1_Inflammation.tar	https://www.synapse.org/Synapse:syn51533485				syn51533485	syn51365306				
EAS	PDGFC	PDGFC_Q9NRA1_OID21183_v1_Oncology.tar	https://www.synapse.org/Synapse:syn51533322				syn51533322	syn51365306				
EAS	PDGFRA	PDGFRA_P16234_OID20133_v1_Cardiometabolic.tar	https://www.synapse.org/Synapse:syn51527202				syn51527202	syn51365306				
EAS	PDGFRB	PDGFRB_P09619_OID20268_v1_Cardiometabolic.tar	https://www.synapse.org/Synapse:syn51527239				syn51527239	syn51365306				
EAS	PDIA2	PDIA2_Q13087_OID31214_v1_Oncology_II.tar	https://www.synapse.org/Synapse:syn52361214				syn52361214	syn51365306				
EAS	PDIA3	PDIA3_P30101_OID30573_v1_Inflammation_II.tar	https://www.synapse.org/Synapse:syn52360282				syn52360282	syn51365306				
EAS	PDIA4	PDIA4_P13667_OID30375_v1_Cardiometabolic_II.tar	https://www.synapse.org/Synapse:syn52359638				syn52359638	syn51365306				
EAS	PDIA5	PDIA5_Q14554_OID31209_v1_Oncology_II.tar	https://www.synapse.org/Synapse:syn52360150				syn52360150	syn51365306				
EAS	PDLIM5	PDLIM5_Q96HC4_OID31063_v1_Neurology_II.tar	https://www.synapse.org/Synapse:syn52359976				syn52359976	syn51365306				
EAS	PDLIM7	PDLIM7_Q9NR12_OID20729_v1_Inflammation.tar	https://www.synapse.org/Synapse:syn51526770				syn51526770	syn51365306				
EAS	PDP1	PDP1_Q9P0J1_OID21176_v1_Oncology.tar	https://www.synapse.org/Synapse:syn51532472				syn51532472	syn51365306				
EAS	PDRG1	PDRG1_Q9NUG6_OID30912_v1_Neurology_II.tar	https://www.synapse.org/Synapse:syn52360419				syn52360419	syn51365306				
EAS	PDXDC1	PDXDC1_Q6P996_OID31226_v1_Oncology_II.tar	https://www.synapse.org/Synapse:syn52360866				syn52360866	syn51365306				
EAS	PDZD2	PDZD2_O15018_OID30151_v1_Cardiometabolic_II.tar	https://www.synapse.org/Synapse:syn52360410				syn52360410	syn51365306				
EAS	PDZK1	PDZK1_Q5T2W1_OID30550_v1_Inflammation_II.tar	https://www.synapse.org/Synapse:syn52359760				syn52359760	syn51365306				
EAS	PEAR1	PEAR1_Q5VY43_OID20257_v1_Cardiometabolic.tar	https://www.synapse.org/Synapse:syn51533723				syn51533723	syn51365306				
EAS	PEBP1	PEBP1_P30086_OID21087_v1_Neurology.tar	https://www.synapse.org/Synapse:syn51526834				syn51526834	syn51365306				
EAS	PECAM1	PECAM1_P16284_OID21131_v1_Neurology.tar	https://www.synapse.org/Synapse:syn51527289				syn51527289	syn51365306				
EAS	PECR	PECR_Q9BY49_OID30228_v1_Cardiometabolic_II.tar	https://www.synapse.org/Synapse:syn52359946				syn52359946	syn51365306				
EAS	PENK	PENK_P01210_OID30666_v1_Inflammation_II.tar	https://www.synapse.org/Synapse:syn52359628				syn52359628	syn51365306				
EAS	PEPD	PEPD_P12955_OID30688_v1_Inflammation_II.tar	https://www.synapse.org/Synapse:syn52359929				syn52359929	syn51365306				
EAS	PER3	PER3_P56645_OID30511_v1_Inflammation_II.tar	https://www.synapse.org/Synapse:syn52359965				syn52359965	syn51365306				
EAS	PF4	PF4_P02776_OID30764_v1_Inflammation_II.tar	https://www.synapse.org/Synapse:syn52359811				syn52359811	syn51365306				
EAS	PFDN2	PFDN2_Q9UHV9_OID20892_v1_Neurology.tar	https://www.synapse.org/Synapse:syn51533276				syn51533276	syn51365306				
EAS	PFDN4	PFDN4_Q9NQP4_OID31212_v1_Oncology_II.tar	https://www.synapse.org/Synapse:syn52360308				syn52360308	syn51365306				
EAS	PFDN6	PFDN6_O15212_OID30938_v1_Neurology_II.tar	https://www.synapse.org/Synapse:syn52359579				syn52359579	syn51365306				
EAS	PFKFB2	PFKFB2_O60825_OID21356_v1_Oncology.tar	https://www.synapse.org/Synapse:syn51527321				syn51527321	syn51365306				
EAS	PGA4	PGA4_P0DJD7_OID30699_v1_Inflammation_II.tar	https://www.synapse.org/Synapse:syn52360416				syn52360416	syn51365306				
EAS	PGD	PGD_P52209_OID30344_v1_Cardiometabolic_II.tar	https://www.synapse.org/Synapse:syn52360618				syn52360618	syn51365306				
EAS	PGF	PGF_P49763_OID20673_v1_Inflammation.tar	https://www.synapse.org/Synapse:syn51533331				syn51533331	syn51365306				
EAS	PGLYRP1	PGLYRP1_O75594_OID20338_v1_Cardiometabolic.tar	https://www.synapse.org/Synapse:syn51526535				syn51526535	syn51365306				
EAS	PGLYRP2	PGLYRP2_Q96PD5_OID30742_v1_Inflammation_II.tar	https://www.synapse.org/Synapse:syn52361002				syn52361002	syn51365306				
EAS	PGLYRP4	PGLYRP4_Q96LB8_OID30101_v1_Cardiometabolic_II.tar	https://www.synapse.org/Synapse:syn52360645				syn52360645	syn51365306				
EAS	PGM2	PGM2_Q96G03_OID30904_v1_Neurology_II.tar	https://www.synapse.org/Synapse:syn52360659				syn52360659	syn51365306				
EAS	PGR	PGR_P06401_OID30460_v1_Inflammation_II.tar	https://www.synapse.org/Synapse:syn52359933				syn52359933	syn51365306				
EAS	PHACTR2	PHACTR2_O75167_OID31009_v1_Neurology_II.tar	https://www.synapse.org/Synapse:syn52360712				syn52360712	syn51365306				
EAS	PHLDB1	PHLDB1_Q86UU1_OID31467_v1_Oncology_II.tar	https://www.synapse.org/Synapse:syn52360812				syn52360812	syn51365306				
EAS	PHLDB2	PHLDB2_Q86SQ0_OID31167_v1_Oncology_II.tar	https://www.synapse.org/Synapse:syn52360557				syn52360557	syn51365306				
EAS	PHOSPHO1	PHOSPHO1_Q8TCT1_OID20922_v1_Neurology.tar	https://www.synapse.org/Synapse:syn51526685				syn51526685	syn51365306				
EAS	PHYKPL	PHYKPL_Q8IUZ5_OID30634_v1_Inflammation_II.tar	https://www.synapse.org/Synapse:syn52360725				syn52360725	syn51365306				
EAS	PI16	PI16_Q6UXB8_OID30676_v1_Inflammation_II.tar	https://www.synapse.org/Synapse:syn52360667				syn52360667	syn51365306				
EAS	PI3	PI3_P19957_OID20326_v1_Cardiometabolic.tar	https://www.synapse.org/Synapse:syn51527092				syn51527092	syn51365306				
EAS	PIBF1	PIBF1_Q8WXW3-4_OID31061_v1_Neurology_II.tar	https://www.synapse.org/Synapse:syn52359562				syn52359562	syn51365306				
EAS	PIGR	PIGR_P01833_OID21102_v1_Neurology.tar	https://www.synapse.org/Synapse:syn51533285				syn51533285	syn51365306				
EAS	PIK3AP1	PIK3AP1_Q6ZUJ8_OID20587_v1_Inflammation.tar	https://www.synapse.org/Synapse:syn51526805				syn51526805	syn51365306				
EAS	PIK3IP1	PIK3IP1_Q96FE7_OID21094_v1_Neurology.tar	https://www.synapse.org/Synapse:syn51533399				syn51533399	syn51365306				
EAS	PIKFYVE	PIKFYVE_Q9Y2I7_OID30465_v1_Inflammation_II.tar	https://www.synapse.org/Synapse:syn52359797				syn52359797	syn51365306				
EAS	PILRA	PILRA_Q9UKJ1_OID21129_v1_Neurology.tar	https://www.synapse.org/Synapse:syn51533253				syn51533253	syn51365306				
EAS	PILRB	PILRB_Q9UKJ0_OID20197_v1_Cardiometabolic.tar	https://www.synapse.org/Synapse:syn51526802				syn51526802	syn51365306				
EAS	PINLYP	PINLYP_A6NC86_OID30651_v1_Inflammation_II.tar	https://www.synapse.org/Synapse:syn52360641				syn52360641	syn51365306				
EAS	PITHD1	PITHD1_Q9GZP4_OID31215_v1_Oncology_II.tar	https://www.synapse.org/Synapse:syn52360967				syn52360967	syn51365306				
EAS	PKD1	PKD1_P98161_OID30328_v1_Cardiometabolic_II.tar	https://www.synapse.org/Synapse:syn52359911				syn52359911	syn51365306				
EAS	PKD2	PKD2_Q13563_OID30184_v1_Cardiometabolic_II.tar	https://www.synapse.org/Synapse:syn52360211				syn52360211	syn51365306				
EAS	PKLR	PKLR_P30613_OID20682_v1_Inflammation.tar	https://www.synapse.org/Synapse:syn51527271				syn51527271	syn51365306				
EAS	PKN3	PKN3_Q6P5Z2_OID31311_v1_Oncology_II.tar	https://www.synapse.org/Synapse:syn52360940				syn52360940	syn51365306				
EAS	PLA2G10	PLA2G10_O15496_OID21002_v1_Neurology.tar	https://www.synapse.org/Synapse:syn51533209				syn51533209	syn51365306				
EAS	PLA2G15	PLA2G15_Q8NCC3_OID21473_v1_Oncology.tar	https://www.synapse.org/Synapse:syn51526657				syn51526657	syn51365306				
EAS	PLA2G1B	PLA2G1B_P04054_OID20252_v1_Cardiometabolic.tar	https://www.synapse.org/Synapse:syn51533325				syn51533325	syn51365306				
EAS	PLA2G2A	PLA2G2A_P14555_OID20274_v1_Cardiometabolic.tar	https://www.synapse.org/Synapse:syn51533262				syn51533262	syn51365306				
EAS	PLA2G4A	PLA2G4A_P47712_OID20685_v1_Inflammation.tar	https://www.synapse.org/Synapse:syn51526628				syn51526628	syn51365306				
EAS	PLA2G7	PLA2G7_Q13093_OID21105_v1_Neurology.tar	https://www.synapse.org/Synapse:syn51533070				syn51533070	syn51365306				
EAS	PLAT	PLAT_P00750_OID20247_v1_Cardiometabolic.tar	https://www.synapse.org/Synapse:syn51529645				syn51529645	syn51365306				
EAS	PLAUR	PLAUR_Q03405_OID20764_v1_Inflammation.tar	https://www.synapse.org/Synapse:syn51528683				syn51528683	syn51365306				
EAS	PLAU	PLAU_P00749_OID21124_v1_Neurology.tar	https://www.synapse.org/Synapse:syn51533210				syn51533210	syn51365306				
EAS	PLB1	PLB1_Q6P1J6_OID31110_v1_Neurology_II.tar	https://www.synapse.org/Synapse:syn52360316				syn52360316	syn51365306				
EAS	PLCB1	PLCB1_Q9NQ66_OID30484_v1_Inflammation_II.tar	https://www.synapse.org/Synapse:syn52359845				syn52359845	syn51365306				
EAS	PLCB2	PLCB2_Q00722_OID31155_v1_Neurology_II.tar	https://www.synapse.org/Synapse:syn52360222				syn52360222	syn51365306				
EAS	PLEKHO1	PLEKHO1_Q53GL0_OID31088_v1_Neurology_II.tar	https://www.synapse.org/Synapse:syn52361060				syn52361060	syn51365306				
EAS	PLG	PLG_P00747_OID30785_v1_Inflammation_II.tar	https://www.synapse.org/Synapse:syn52360225				syn52360225	syn51365306				
EAS	PLIN1	PLIN1_O60240_OID20835_v1_Neurology.tar	https://www.synapse.org/Synapse:syn51527168				syn51527168	syn51365306				
EAS	PLIN3	PLIN3_O60664_OID20143_v1_Cardiometabolic.tar	https://www.synapse.org/Synapse:syn51533456				syn51533456	syn51365306				
EAS	PLPBP	PLPBP_O94903_OID20144_v1_Cardiometabolic.tar	https://www.synapse.org/Synapse:syn51533713				syn51533713	syn51365306				
EAS	PLSCR3	PLSCR3_Q9NRY6_OID31146_v1_Neurology_II.tar	https://www.synapse.org/Synapse:syn52360789				syn52360789	syn51365306				
EAS	PLTP	PLTP_P55058_OID20238_v1_Cardiometabolic.tar	https://www.synapse.org/Synapse:syn51527041				syn51527041	syn51365306				
EAS	PLXDC1	PLXDC1_Q8IUK5_OID21258_v1_Oncology.tar	https://www.synapse.org/Synapse:syn51533346				syn51533346	syn51365306				
EAS	PLXDC2	PLXDC2_Q6UX71_OID31101_v1_Neurology_II.tar	https://www.synapse.org/Synapse:syn52360406				syn52360406	syn51365306				
EAS	PLXNA4	PLXNA4_Q9HCM2_OID20597_v1_Inflammation.tar	https://www.synapse.org/Synapse:syn51526763				syn51526763	syn51365306				
EAS	PLXNB2	PLXNB2_O15031_OID20317_v1_Cardiometabolic.tar	https://www.synapse.org/Synapse:syn51527142				syn51527142	syn51365306				
EAS	PLXNB3	PLXNB3_Q9ULL4_OID20160_v1_Cardiometabolic.tar	https://www.synapse.org/Synapse:syn51533104				syn51533104	syn51365306				
EAS	PM20D1	PM20D1_Q6GTS8_OID20149_v1_Cardiometabolic.tar	https://www.synapse.org/Synapse:syn51527079				syn51527079	syn51365306				
EAS	PMCH	PMCH_P20382_OID30172_v1_Cardiometabolic_II.tar	https://www.synapse.org/Synapse:syn52359617				syn52359617	syn51365306				
EAS	PMM2	PMM2_O15305_OID30125_v1_Cardiometabolic_II.tar	https://www.synapse.org/Synapse:syn52359830				syn52359830	syn51365306				
EAS	PMS1	PMS1_P54277_OID30943_v1_Neurology_II.tar	https://www.synapse.org/Synapse:syn52360787				syn52360787	syn51365306				
EAS	PMVK	PMVK_Q15126_OID20850_v1_Neurology.tar	https://www.synapse.org/Synapse:syn51526870				syn51526870	syn51365306				
EAS	PNLIPRP1	PNLIPRP1_P54315_OID31122_v1_Neurology_II.tar	https://www.synapse.org/Synapse:syn52360413				syn52360413	syn51365306				
EAS	PNLIPRP2	PNLIPRP2_P54317_OID20775_v1_Inflammation.tar	https://www.synapse.org/Synapse:syn51533360				syn51533360	syn51365306				
EAS	PNLIP	PNLIP_P16233_OID30693_v1_Inflammation_II.tar	https://www.synapse.org/Synapse:syn52360131				syn52360131	syn51365306				
EAS	PNMA1	PNMA1_Q8ND90_OID30194_v1_Cardiometabolic_II.tar	https://www.synapse.org/Synapse:syn52360258				syn52360258	syn51365306				
EAS	PNMA2	PNMA2_Q9UL42_OID30842_v1_Neurology_II.tar	https://www.synapse.org/Synapse:syn52359912				syn52359912	syn51365306				
EAS	PNPT1	PNPT1_Q8TCS8_OID20445_v1_Inflammation.tar	https://www.synapse.org/Synapse:syn51533318				syn51533318	syn51365306				
EAS	PODXL2	PODXL2_Q9NZ53_OID21487_v1_Oncology.tar	https://www.synapse.org/Synapse:syn51533582				syn51533582	syn51365306				
EAS	PODXL	PODXL_O00592_OID21358_v1_Oncology.tar	https://www.synapse.org/Synapse:syn51533111				syn51533111	syn51365306				
EAS	POF1B	POF1B_Q8WVV4_OID30504_v1_Inflammation_II.tar	https://www.synapse.org/Synapse:syn52360795				syn52360795	syn51365306				
EAS	POLR2A	POLR2A_P24928_OID30440_v1_Inflammation_II.tar	https://www.synapse.org/Synapse:syn52360107				syn52360107	syn51365306				
EAS	POLR2F	POLR2F_P61218_OID21283_v1_Oncology.tar	https://www.synapse.org/Synapse:syn51533401				syn51533401	syn51365306				
EAS	POMC	POMC_P01189_OID30282_v1_Cardiometabolic_II.tar	https://www.synapse.org/Synapse:syn52360834				syn52360834	syn51365306				
EAS	PON1	PON1_P27169_OID30704_v1_Inflammation_II.tar	https://www.synapse.org/Synapse:syn52360424				syn52360424	syn51365306				
EAS	PON2	PON2_Q15165_OID20088_v1_Cardiometabolic.tar	https://www.synapse.org/Synapse:syn51526768				syn51526768	syn51365306				
EAS	PON3	PON3_Q15166_OID20777_v1_Inflammation.tar	https://www.synapse.org/Synapse:syn51533115				syn51533115	syn51365306				
EAS	POSTN	POSTN_Q15063_OID30410_v1_Cardiometabolic_II.tar	https://www.synapse.org/Synapse:syn52359648				syn52359648	syn51365306				
EAS	PPBP	PPBP_P02775_OID30761_v1_Inflammation_II.tar	https://www.synapse.org/Synapse:syn52360190				syn52360190	syn51365306				
EAS	PPCDC	PPCDC_Q96CD2_OID21027_v1_Neurology.tar	https://www.synapse.org/Synapse:syn51526853				syn51526853	syn51365306				
EAS	PPIB	PPIB_P23284_OID20331_v1_Cardiometabolic.tar	https://www.synapse.org/Synapse:syn51526827				syn51526827	syn51365306				
EAS	PPIE	PPIE_Q9UNP9_OID31279_v1_Oncology_II.tar	https://www.synapse.org/Synapse:syn52360302				syn52360302	syn51365306				
EAS	PPIF	PPIF_P30405_OID30385_v1_Cardiometabolic_II.tar	https://www.synapse.org/Synapse:syn52359772				syn52359772	syn51365306				
EAS	PPL	PPL_O60437_OID30564_v1_Inflammation_II.tar	https://www.synapse.org/Synapse:syn52359581				syn52359581	syn51365306				
EAS	PPM1A	PPM1A_P35813_OID21184_v1_Oncology.tar	https://www.synapse.org/Synapse:syn51533126				syn51533126	syn51365306				
EAS	PPM1B	PPM1B_O75688_OID30548_v1_Inflammation_II.tar	https://www.synapse.org/Synapse:syn52360205				syn52360205	syn51365306				
EAS	PPM1F	PPM1F_P49593_OID30350_v1_Cardiometabolic_II.tar	https://www.synapse.org/Synapse:syn52360235				syn52360235	syn51365306				
EAS	PPME1	PPME1_Q9Y570_OID21347_v1_Oncology.tar	https://www.synapse.org/Synapse:syn51533254				syn51533254	syn51365306				
EAS	PPP1CC	PPP1CC_P36873_OID31360_v1_Oncology_II.tar	https://www.synapse.org/Synapse:syn52359925				syn52359925	syn51365306				
EAS	PPP1R12A	PPP1R12A_O14974_OID21475_v1_Oncology.tar	https://www.synapse.org/Synapse:syn51527325				syn51527325	syn51365306				
EAS	PPP1R12B	PPP1R12B_O60237_OID31304_v1_Oncology_II.tar	https://www.synapse.org/Synapse:syn52361209				syn52361209	syn51365306				
EAS	PPP1R14A	PPP1R14A_Q96A00_OID31011_v1_Neurology_II.tar	https://www.synapse.org/Synapse:syn52359943				syn52359943	syn51365306				
EAS	PPP1R14D	PPP1R14D_Q9NXH3_OID30997_v1_Neurology_II.tar	https://www.synapse.org/Synapse:syn52360230				syn52360230	syn51365306				
EAS	PPP1R2	PPP1R2_P41236_OID20176_v1_Cardiometabolic.tar	https://www.synapse.org/Synapse:syn51526985				syn51526985	syn51365306				
EAS	PPP1R9B	PPP1R9B_Q96SB3_OID20643_v1_Inflammation.tar	https://www.synapse.org/Synapse:syn51527190				syn51527190	syn51365306				
EAS	PPP2R5A	PPP2R5A_Q15172_OID31502_v1_Oncology_II.tar	https://www.synapse.org/Synapse:syn52360867				syn52360867	syn51365306				
EAS	PPP3R1	PPP3R1_P63098_OID20902_v1_Neurology.tar	https://www.synapse.org/Synapse:syn51533337				syn51533337	syn51365306				
EAS	PPT1	PPT1_P50897_OID30947_v1_Neurology_II.tar	https://www.synapse.org/Synapse:syn52359574				syn52359574	syn51365306				
EAS	PPY	PPY_P01298_OID21516_v1_Oncology.tar	https://www.synapse.org/Synapse:syn51526823				syn51526823	syn51365306				
EAS	PQBP1	PQBP1_O60828_OID21172_v1_Oncology.tar	https://www.synapse.org/Synapse:syn51533269				syn51533269	syn51365306				
EAS	PRAME	PRAME_P78395_OID31165_v1_Oncology_II.tar	https://www.synapse.org/Synapse:syn52361155				syn52361155	syn51365306				
EAS	PRAP1	PRAP1_Q96NZ9_OID30391_v1_Cardiometabolic_II.tar	https://www.synapse.org/Synapse:syn52360029				syn52360029	syn51365306				
EAS	PRC1	PRC1_O43663_OID31345_v1_Oncology_II.tar	https://www.synapse.org/Synapse:syn52361021				syn52361021	syn51365306				
EAS	PRCP	PRCP_P42785_OID20337_v1_Cardiometabolic.tar	https://www.synapse.org/Synapse:syn51527283				syn51527283	syn51365306				
EAS	PRDX1	PRDX1_Q06830_OID20962_v1_Neurology.tar	https://www.synapse.org/Synapse:syn51533265				syn51533265	syn51365306				
EAS	PRDX2	PRDX2_P32119_OID30668_v1_Inflammation_II.tar	https://www.synapse.org/Synapse:syn52359525				syn52359525	syn51365306				
EAS	PRDX3	PRDX3_P30048_OID20483_v1_Inflammation.tar	https://www.synapse.org/Synapse:syn51533339				syn51533339	syn51365306				
EAS	PRDX5	PRDX5_P30044_OID20644_v1_Inflammation.tar	https://www.synapse.org/Synapse:syn51527322				syn51527322	syn51365306				
EAS	PRDX6	PRDX6_P30041_OID21404_v1_Oncology.tar	https://www.synapse.org/Synapse:syn51527029				syn51527029	syn51365306				
EAS	PREB	PREB_Q9HCU5_OID20439_v1_Inflammation.tar	https://www.synapse.org/Synapse:syn51527104				syn51527104	syn51365306				
EAS	PRELP	PRELP_P51888_OID20766_v1_Inflammation.tar	https://www.synapse.org/Synapse:syn51526948				syn51526948	syn51365306				
EAS	PRG2	PRG2_P13727_OID30381_v1_Cardiometabolic_II.tar	https://www.synapse.org/Synapse:syn52359864				syn52359864	syn51365306				
EAS	PRG3	PRG3_Q9Y2Y8_OID30383_v1_Cardiometabolic_II.tar	https://www.synapse.org/Synapse:syn52360506				syn52360506	syn51365306				
EAS	PRKAB1	PRKAB1_Q9Y478_OID20444_v1_Inflammation.tar	https://www.synapse.org/Synapse:syn51526908				syn51526908	syn51365306				
EAS	PRKAG3	PRKAG3_Q9UGI9_OID30941_v1_Neurology_II.tar	https://www.synapse.org/Synapse:syn52360849				syn52360849	syn51365306				
EAS	PRKAR1A	PRKAR1A_P10644_OID20146_v1_Cardiometabolic.tar	https://www.synapse.org/Synapse:syn51533124				syn51533124	syn51365306				
EAS	PRKAR2A	PRKAR2A_P13861_OID31119_v1_Neurology_II.tar	https://www.synapse.org/Synapse:syn52361108				syn52361108	syn51365306				
EAS	PRKCQ	PRKCQ_Q04759_OID20468_v1_Inflammation.tar	https://www.synapse.org/Synapse:syn51527274				syn51527274	syn51365306				
EAS	PRKD2	PRKD2_Q9BZL6_OID30140_v1_Cardiometabolic_II.tar	https://www.synapse.org/Synapse:syn52359921				syn52359921	syn51365306				
EAS	PRKG1	PRKG1_Q13976_OID30621_v1_Inflammation_II.tar	https://www.synapse.org/Synapse:syn52360876				syn52360876	syn51365306				
EAS	PRKRA	PRKRA_O75569_OID21225_v1_Oncology.tar	https://www.synapse.org/Synapse:syn51526619				syn51526619	syn51365306				
EAS	PRL	PRL_P01236_OID21033_v1_Neurology.tar	https://www.synapse.org/Synapse:syn51527421				syn51527421	syn51365306				
EAS	PRND	PRND_Q9UKY0_OID31124_v1_Neurology_II.tar	https://www.synapse.org/Synapse:syn52360676				syn52360676	syn51365306				
EAS	PROCR	PROCR_Q9UNN8_OID30149_v1_Cardiometabolic_II.tar	https://www.synapse.org/Synapse:syn52359863				syn52359863	syn51365306				
EAS	PROC	PROC_P04070_OID20402_v1_Cardiometabolic.tar	https://www.synapse.org/Synapse:syn51531290				syn51531290	syn51365306				
EAS	PROK1	PROK1_P58294_OID20543_v1_Inflammation.tar	https://www.synapse.org/Synapse:syn51526862				syn51526862	syn51365306				
EAS	PROS1	PROS1_P07225_OID30737_v1_Inflammation_II.tar	https://www.synapse.org/Synapse:syn52360816				syn52360816	syn51365306				
EAS	PRR4	PRR4_Q16378_OID30607_v1_Inflammation_II.tar	https://www.synapse.org/Synapse:syn52360165				syn52360165	syn51365306				
EAS	PRR5	PRR5_P85299_OID30457_v1_Inflammation_II.tar	https://www.synapse.org/Synapse:syn52360945				syn52360945	syn51365306				
EAS	PRRT3	PRRT3_Q5FWE3_OID30276_v1_Cardiometabolic_II.tar	https://www.synapse.org/Synapse:syn52359870				syn52359870	syn51365306				
EAS	PRSS22	PRSS22_Q9GZN4_OID30483_v1_Inflammation_II.tar	https://www.synapse.org/Synapse:syn52360620				syn52360620	syn51365306				
EAS	PRSS27	PRSS27_Q9BQR3_OID20212_v1_Cardiometabolic.tar	https://www.synapse.org/Synapse:syn51526927				syn51526927	syn51365306				
EAS	PRSS2	PRSS2_P07478_OID20364_v1_Cardiometabolic.tar	https://www.synapse.org/Synapse:syn51526904				syn51526904	syn51365306				
EAS	PRSS53	PRSS53_Q2L4Q9_OID31093_v1_Neurology_II.tar	https://www.synapse.org/Synapse:syn52360257				syn52360257	syn51365306				
EAS	PRSS8	PRSS8_Q16651_OID20763_v1_Inflammation.tar	https://www.synapse.org/Synapse:syn51533081				syn51533081	syn51365306				
EAS	PRTFDC1	PRTFDC1_Q9NRG1_OID20867_v1_Neurology.tar	https://www.synapse.org/Synapse:syn51526588				syn51526588	syn51365306				
EAS	PRTG	PRTG_Q2VWP7_OID21443_v1_Oncology.tar	https://www.synapse.org/Synapse:syn51533523				syn51533523	syn51365306				
EAS	PRTN3	PRTN3_P24158_OID20329_v1_Cardiometabolic.tar	https://www.synapse.org/Synapse:syn51527191				syn51527191	syn51365306				
EAS	PRUNE2	PRUNE2_Q8WUY3_OID31270_v1_Oncology_II.tar	https://www.synapse.org/Synapse:syn52360838				syn52360838	syn51365306				
EAS	PSAPL1	PSAPL1_Q6NUJ1_OID31473_v1_Oncology_II.tar	https://www.synapse.org/Synapse:syn52360589				syn52360589	syn51365306				
EAS	PSAP	PSAP_P07602_OID30419_v1_Cardiometabolic_II.tar	https://www.synapse.org/Synapse:syn52360662				syn52360662	syn51365306				
EAS	PSCA	PSCA_O43653_OID31493_v1_Oncology_II.tar	https://www.synapse.org/Synapse:syn52359928				syn52359928	syn51365306				
EAS	PSG1	PSG1_P11464_OID20916_v1_Neurology.tar	https://www.synapse.org/Synapse:syn51527058				syn51527058	syn51365306				
EAS	PSIP1	PSIP1_O75475_OID20534_v1_Inflammation.tar	https://www.synapse.org/Synapse:syn51526754				syn51526754	syn51365306				
EAS	PSMA1	PSMA1_P25786_OID21221_v1_Oncology.tar	https://www.synapse.org/Synapse:syn51527219				syn51527219	syn51365306				
EAS	PSMC3	PSMC3_P17980_OID31200_v1_Oncology_II.tar	https://www.synapse.org/Synapse:syn52359735				syn52359735	syn51365306				
EAS	PSMD1	PSMD1_Q99460_OID31058_v1_Neurology_II.tar	https://www.synapse.org/Synapse:syn52360757				syn52360757	syn51365306				
EAS	PSMD5	PSMD5_Q16401_OID30918_v1_Neurology_II.tar	https://www.synapse.org/Synapse:syn52360728				syn52360728	syn51365306				
EAS	PSMD9	PSMD9_O00233_OID21304_v1_Oncology.tar	https://www.synapse.org/Synapse:syn51526596				syn51526596	syn51365306				
EAS	PSME1	PSME1_Q06323_OID20969_v1_Neurology.tar	https://www.synapse.org/Synapse:syn51526998				syn51526998	syn51365306				
EAS	PSME2	PSME2_Q9UL46_OID20989_v1_Neurology.tar	https://www.synapse.org/Synapse:syn51526559				syn51526559	syn51365306				
EAS	PSMG3	PSMG3_Q9BT73_OID20549_v1_Inflammation.tar	https://www.synapse.org/Synapse:syn51526697				syn51526697	syn51365306				
EAS	PSMG4	PSMG4_Q5JS54_OID30514_v1_Inflammation_II.tar	https://www.synapse.org/Synapse:syn52361092				syn52361092	syn51365306				
EAS	PSPN	PSPN_O60542_OID20511_v1_Inflammation.tar	https://www.synapse.org/Synapse:syn51533240				syn51533240	syn51365306				
EAS	PSRC1	PSRC1_Q6PGN9_OID21169_v1_Oncology.tar	https://www.synapse.org/Synapse:syn51526828				syn51526828	syn51365306				
EAS	PSTPIP2	PSTPIP2_Q9H939_OID30596_v1_Inflammation_II.tar	https://www.synapse.org/Synapse:syn52360446				syn52360446	syn51365306				
EAS	PTEN	PTEN_P60484_OID20794_v1_Neurology.tar	https://www.synapse.org/Synapse:syn51527245				syn51527245	syn51365306				
EAS	PTGDS	PTGDS_P41222_OID20408_v1_Cardiometabolic.tar	https://www.synapse.org/Synapse:syn51533273				syn51533273	syn51365306				
EAS	PTGES2	PTGES2_Q9H7Z7_OID30561_v1_Inflammation_II.tar	https://www.synapse.org/Synapse:syn52359809				syn52359809	syn51365306				
EAS	PTGR1	PTGR1_Q14914_OID30297_v1_Cardiometabolic_II.tar	https://www.synapse.org/Synapse:syn52359919				syn52359919	syn51365306				
EAS	PTH1R	PTH1R_Q03431_OID20571_v1_Inflammation.tar	https://www.synapse.org/Synapse:syn51533462				syn51533462	syn51365306				
EAS	PTH	PTH_P01270_OID30963_v1_Neurology_II.tar	https://www.synapse.org/Synapse:syn52360409				syn52360409	syn51365306				
EAS	PTK7	PTK7_Q13308_OID20880_v1_Neurology.tar	https://www.synapse.org/Synapse:syn51527374				syn51527374	syn51365306				
EAS	PTN	PTN_P21246_OID20083_v1_Cardiometabolic.tar	https://www.synapse.org/Synapse:syn51526854				syn51526854	syn51365306				
EAS	PTP4A3	PTP4A3_O75365_OID30469_v1_Inflammation_II.tar	https://www.synapse.org/Synapse:syn52359728				syn52359728	syn51365306				
EAS	PTPN1	PTPN1_P18031_OID20908_v1_Neurology.tar	https://www.synapse.org/Synapse:syn51526902				syn51526902	syn51365306				
EAS	PTPN6	PTPN6_P29350_OID20717_v1_Inflammation.tar	https://www.synapse.org/Synapse:syn51533059				syn51533059	syn51365306				
EAS	PTPN9	PTPN9_P43378_OID30437_v1_Inflammation_II.tar	https://www.synapse.org/Synapse:syn52360783				syn52360783	syn51365306				
EAS	PTPRB	PTPRB_P23467_OID30324_v1_Cardiometabolic_II.tar	https://www.synapse.org/Synapse:syn52360955				syn52360955	syn51365306				
EAS	PTPRC	PTPRC_P08575_OID30380_v1_Cardiometabolic_II.tar	https://www.synapse.org/Synapse:syn52360899				syn52360899	syn51365306				
EAS	PTPRF	PTPRF_P10586_OID20310_v1_Cardiometabolic.tar	https://www.synapse.org/Synapse:syn51527262				syn51527262	syn51365306				
EAS	PTPRH	PTPRH_Q9HD43_OID31433_v1_Oncology_II.tar	https://www.synapse.org/Synapse:syn52360209				syn52360209	syn51365306				
EAS	PTPRK	PTPRK_Q15262_OID31461_v1_Oncology_II.tar	https://www.synapse.org/Synapse:syn52361130				syn52361130	syn51365306				
EAS	PTPRM	PTPRM_P28827_OID20598_v1_Inflammation.tar	https://www.synapse.org/Synapse:syn51527102				syn51527102	syn51365306				
EAS	PTPRN2	PTPRN2_Q92932_OID20912_v1_Neurology.tar	https://www.synapse.org/Synapse:syn51526606				syn51526606	syn51365306				
EAS	PTPRR	PTPRR_Q15256_OID31099_v1_Neurology_II.tar	https://www.synapse.org/Synapse:syn52360457				syn52360457	syn51365306				
EAS	PTPRS	PTPRS_Q13332_OID20306_v1_Cardiometabolic.tar	https://www.synapse.org/Synapse:syn51526684				syn51526684	syn51365306				
EAS	PTPRZ1	PTPRZ1_P23471_OID30343_v1_Cardiometabolic_II.tar	https://www.synapse.org/Synapse:syn52360626				syn52360626	syn51365306				
EAS	PTRHD1	PTRHD1_Q6GMV3_OID30659_v1_Inflammation_II.tar	https://www.synapse.org/Synapse:syn52359585				syn52359585	syn51365306				
EAS	PTS	PTS_Q03393_OID20847_v1_Neurology.tar	https://www.synapse.org/Synapse:syn51526950				syn51526950	syn51365306				
EAS	PTTG1	PTTG1_O95997_OID31326_v1_Oncology_II.tar	https://www.synapse.org/Synapse:syn52359846				syn52359846	syn51365306				
EAS	PTX3	PTX3_P26022_OID20570_v1_Inflammation.tar	https://www.synapse.org/Synapse:syn51526999				syn51526999	syn51365306				
EAS	PVALB	PVALB_P20472_OID21420_v1_Oncology.tar	https://www.synapse.org/Synapse:syn51526814				syn51526814	syn51365306				
EAS	PVR	PVR_P15151_OID21011_v1_Neurology.tar	https://www.synapse.org/Synapse:syn51527166				syn51527166	syn51365306				
EAS	PXDNL	PXDNL_A1KZ92_OID31405_v1_Oncology_II.tar	https://www.synapse.org/Synapse:syn52360703				syn52360703	syn51365306				
EAS	PXN	PXN_P49023_OID20822_v1_Neurology.tar	https://www.synapse.org/Synapse:syn51526612				syn51526612	syn51365306				
EAS	PYDC1	PYDC1_Q8WXC3_OID30202_v1_Cardiometabolic_II.tar	https://www.synapse.org/Synapse:syn52360145				syn52360145	syn51365306				
EAS	PYY	PYY_P10082_OID30150_v1_Cardiometabolic_II.tar	https://www.synapse.org/Synapse:syn52359751				syn52359751	syn51365306				
EAS	PZP	PZP_P20742_OID30730_v1_Inflammation_II.tar	https://www.synapse.org/Synapse:syn52359790				syn52359790	syn51365306				
EAS	QDPR	QDPR_P09417_OID20174_v1_Cardiometabolic.tar	https://www.synapse.org/Synapse:syn51533193				syn51533193	syn51365306				
EAS	QPCT	QPCT_Q16769_OID20320_v1_Cardiometabolic.tar	https://www.synapse.org/Synapse:syn51526548				syn51526548	syn51365306				
EAS	QSOX1	QSOX1_O00391_OID30729_v1_Inflammation_II.tar	https://www.synapse.org/Synapse:syn52360220				syn52360220	syn51365306				
EAS	RAB10	RAB10_P61026_OID30357_v1_Cardiometabolic_II.tar	https://www.synapse.org/Synapse:syn52359748				syn52359748	syn51365306				
EAS	RAB11FIP3	RAB11FIP3_O75154_OID30325_v1_Cardiometabolic_II.tar	https://www.synapse.org/Synapse:syn52361112				syn52361112	syn51365306				
EAS	RAB27B	RAB27B_O00194_OID30354_v1_Cardiometabolic_II.tar	https://www.synapse.org/Synapse:syn52360376				syn52360376	syn51365306				
EAS	RAB2B	RAB2B_Q8WUD1_OID31362_v1_Oncology_II.tar	https://www.synapse.org/Synapse:syn52360562				syn52360562	syn51365306				
EAS	RAB33A	RAB33A_Q14088_OID30122_v1_Cardiometabolic_II.tar	https://www.synapse.org/Synapse:syn52359822				syn52359822	syn51365306				
EAS	RAB37	RAB37_Q96AX2_OID20425_v1_Inflammation.tar	https://www.synapse.org/Synapse:syn51526561				syn51526561	syn51365306				
EAS	RAB39B	RAB39B_Q96DA2_OID30069_v1_Cardiometabolic_II.tar	https://www.synapse.org/Synapse:syn52360254				syn52360254	syn51365306				
EAS	RAB3GAP1	RAB3GAP1_Q15042_OID30829_v1_Neurology_II.tar	https://www.synapse.org/Synapse:syn52360167				syn52360167	syn51365306				
EAS	RAB44	RAB44_Q7Z6P3_OID31346_v1_Oncology_II.tar	https://www.synapse.org/Synapse:syn52360439				syn52360439	syn51365306				
EAS	RAB6A	RAB6A_P20340_OID20608_v1_Inflammation.tar	https://www.synapse.org/Synapse:syn51527267				syn51527267	syn51365306				
EAS	RAB6B	RAB6B_Q9NRW1_OID20817_v1_Neurology.tar	https://www.synapse.org/Synapse:syn51533383				syn51533383	syn51365306				
EAS	RABEP1	RABEP1_Q15276_OID30647_v1_Inflammation_II.tar	https://www.synapse.org/Synapse:syn52360747				syn52360747	syn51365306				
EAS	RABEPK	RABEPK_Q7Z6M1_OID21163_v1_Oncology.tar	https://www.synapse.org/Synapse:syn51527031				syn51527031	syn51365306				
EAS	RABGAP1L	RABGAP1L_Q5R372_OID20447_v1_Inflammation.tar	https://www.synapse.org/Synapse:syn51533236				syn51533236	syn51365306				
EAS	RAC3	RAC3_P60763_OID30958_v1_Neurology_II.tar	https://www.synapse.org/Synapse:syn52360532				syn52360532	syn51365306				
EAS	RAD23B	RAD23B_P54727_OID21166_v1_Oncology.tar	https://www.synapse.org/Synapse:syn51527195				syn51527195	syn51365306				
EAS	RAD51	RAD51_Q06609_OID31254_v1_Oncology_II.tar	https://www.synapse.org/Synapse:syn52361050				syn52361050	syn51365306				
EAS	RALB	RALB_P11234_OID30567_v1_Inflammation_II.tar	https://www.synapse.org/Synapse:syn52359524				syn52359524	syn51365306				
EAS	RALY	RALY_Q9UKM9_OID31382_v1_Oncology_II.tar	https://www.synapse.org/Synapse:syn52361012				syn52361012	syn51365306				
EAS	RANBP1	RANBP1_P43487_OID30258_v1_Cardiometabolic_II.tar	https://www.synapse.org/Synapse:syn52360171				syn52360171	syn51365306				
EAS	RANBP2	RANBP2_P49792_OID30812_v1_Neurology_II.tar	https://www.synapse.org/Synapse:syn52360180				syn52360180	syn51365306				
EAS	RANGAP1	RANGAP1_P46060_OID21203_v1_Oncology.tar	https://www.synapse.org/Synapse:syn51533173				syn51533173	syn51365306				
EAS	RAP1A	RAP1A_P62834_OID30452_v1_Inflammation_II.tar	https://www.synapse.org/Synapse:syn52360448				syn52360448	syn51365306				
EAS	RAPGEF2	RAPGEF2_Q9Y4G8_OID31337_v1_Oncology_II.tar	https://www.synapse.org/Synapse:syn52360375				syn52360375	syn51365306				
EAS	RARRES1	RARRES1_P49788_OID21177_v1_Oncology.tar	https://www.synapse.org/Synapse:syn51533658				syn51533658	syn51365306				
EAS	RARRES2	RARRES2_Q99969_OID20373_v1_Cardiometabolic.tar	https://www.synapse.org/Synapse:syn51526974				syn51526974	syn51365306				
EAS	RASA1	RASA1_P20936_OID20826_v1_Neurology.tar	https://www.synapse.org/Synapse:syn51526919				syn51526919	syn51365306				
EAS	RASGRF1	RASGRF1_Q13972_OID31213_v1_Oncology_II.tar	https://www.synapse.org/Synapse:syn52360568				syn52360568	syn51365306				
EAS	RASSF2	RASSF2_P50749_OID21194_v1_Oncology.tar	https://www.synapse.org/Synapse:syn51526733				syn51526733	syn51365306				
EAS	RBFOX3	RBFOX3_A6NFN3_OID30984_v1_Neurology_II.tar	https://www.synapse.org/Synapse:syn52360317				syn52360317	syn51365306				
EAS	RBKS	RBKS_Q9H477_OID20986_v1_Neurology.tar	https://www.synapse.org/Synapse:syn51533475				syn51533475	syn51365306				
EAS	RBM17	RBM17_Q96I25_OID31034_v1_Neurology_II.tar	https://www.synapse.org/Synapse:syn52360512				syn52360512	syn51365306				
EAS	RBM19	RBM19_Q9Y4C8_OID30090_v1_Cardiometabolic_II.tar	https://www.synapse.org/Synapse:syn52360214				syn52360214	syn51365306				
EAS	RBM25	RBM25_P49756_OID31236_v1_Oncology_II.tar	https://www.synapse.org/Synapse:syn52360124				syn52360124	syn51365306				
EAS	RBP1	RBP1_P09455_OID30913_v1_Neurology_II.tar	https://www.synapse.org/Synapse:syn52360198				syn52360198	syn51365306				
EAS	RBP2	RBP2_P50120_OID21365_v1_Oncology.tar	https://www.synapse.org/Synapse:syn51527148				syn51527148	syn51365306				
EAS	RBP5	RBP5_P82980_OID21369_v1_Oncology.tar	https://www.synapse.org/Synapse:syn51533241				syn51533241	syn51365306				
EAS	RBP7	RBP7_Q96R05_OID31526_v1_Oncology_II.tar	https://www.synapse.org/Synapse:syn52360218				syn52360218	syn51365306				
EAS	RBPMS2	RBPMS2_Q6ZRY4_OID30257_v1_Cardiometabolic_II.tar	https://www.synapse.org/Synapse:syn52360287				syn52360287	syn51365306				
EAS	RBPMS	RBPMS_Q93062_OID30507_v1_Inflammation_II.tar	https://www.synapse.org/Synapse:syn52360278				syn52360278	syn51365306				
EAS	RCC1	RCC1_P18754_OID31356_v1_Oncology_II.tar	https://www.synapse.org/Synapse:syn52360378				syn52360378	syn51365306				
EAS	RCOR1	RCOR1_Q9UKL0_OID20073_v1_Cardiometabolic.tar	https://www.synapse.org/Synapse:syn51528870				syn51528870	syn51365306				
EAS	RECK	RECK_O95980_OID30234_v1_Cardiometabolic_II.tar	https://www.synapse.org/Synapse:syn52359732				syn52359732	syn51365306				
EAS	REEP4	REEP4_Q9H6H4_OID31028_v1_Neurology_II.tar	https://www.synapse.org/Synapse:syn52361194				syn52361194	syn51365306				
EAS	REG1A	REG1A_P05451_OID20415_v1_Cardiometabolic.tar	https://www.synapse.org/Synapse:syn51529285				syn51529285	syn51365306				
EAS	REG1B	REG1B_P48304_OID20266_v1_Cardiometabolic.tar	https://www.synapse.org/Synapse:syn51526896				syn51526896	syn51365306				
EAS	REG3A	REG3A_Q06141_OID20258_v1_Cardiometabolic.tar	https://www.synapse.org/Synapse:syn51528552				syn51528552	syn51365306				
EAS	REG3G	REG3G_Q6UW15_OID31408_v1_Oncology_II.tar	https://www.synapse.org/Synapse:syn52360187				syn52360187	syn51365306				
EAS	REG4	REG4_Q9BYZ8_OID20784_v1_Inflammation.tar	https://www.synapse.org/Synapse:syn51526694				syn51526694	syn51365306				
EAS	RELB	RELB_Q01201_OID30463_v1_Inflammation_II.tar	https://www.synapse.org/Synapse:syn52359873				syn52359873	syn51365306				
EAS	RELT	RELT_Q969Z4_OID21142_v1_Neurology.tar	https://www.synapse.org/Synapse:syn51526529				syn51526529	syn51365306				
EAS	REN	REN_P00797_OID20201_v1_Cardiometabolic.tar	https://www.synapse.org/Synapse:syn51530765				syn51530765	syn51365306				
EAS	REPS1	REPS1_Q96D71_OID30496_v1_Inflammation_II.tar	https://www.synapse.org/Synapse:syn52360071				syn52360071	syn51365306				
EAS	REST	REST_Q13127_OID31248_v1_Oncology_II.tar	https://www.synapse.org/Synapse:syn52360118				syn52360118	syn51365306				
EAS	RETN	RETN_Q9HD89_OID20327_v1_Cardiometabolic.tar	https://www.synapse.org/Synapse:syn51533348				syn51533348	syn51365306				
EAS	RET	RET_P07949_OID21346_v1_Oncology.tar	https://www.synapse.org/Synapse:syn51526560				syn51526560	syn51365306				
EAS	REXO2	REXO2_Q9Y3B8_OID30075_v1_Cardiometabolic_II.tar	https://www.synapse.org/Synapse:syn52359712				syn52359712	syn51365306				
EAS	RFC4	RFC4_P35249_OID31376_v1_Oncology_II.tar	https://www.synapse.org/Synapse:syn52359957				syn52359957	syn51365306				
EAS	RGCC	RGCC_Q9H4X1_OID31060_v1_Neurology_II.tar	https://www.synapse.org/Synapse:syn52360731				syn52360731	syn51365306				
EAS	RGL2	RGL2_O15211_OID31297_v1_Oncology_II.tar	https://www.synapse.org/Synapse:syn52360638				syn52360638	syn51365306				
EAS	RGMA	RGMA_Q96B86_OID21065_v1_Neurology.tar	https://www.synapse.org/Synapse:syn51530559				syn51530559	syn51365306				
EAS	RGMB	RGMB_Q6NW40_OID21045_v1_Neurology.tar	https://www.synapse.org/Synapse:syn51526892				syn51526892	syn51365306				
EAS	RGS10	RGS10_O43665_OID30999_v1_Neurology_II.tar	https://www.synapse.org/Synapse:syn52359860				syn52359860	syn51365306				
EAS	RGS8	RGS8_P57771_OID20454_v1_Inflammation.tar	https://www.synapse.org/Synapse:syn51533441				syn51533441	syn51365306				
EAS	RHOC	RHOC_P08134_OID20950_v1_Neurology.tar	https://www.synapse.org/Synapse:syn51533575				syn51533575	syn51365306				
EAS	RICTOR	RICTOR_Q6R327_OID30433_v1_Inflammation_II.tar	https://www.synapse.org/Synapse:syn52359532				syn52359532	syn51365306				
EAS	RIDA	RIDA_P52758_OID30635_v1_Inflammation_II.tar	https://www.synapse.org/Synapse:syn52360266				syn52360266	syn51365306				
EAS	RILPL2	RILPL2_Q969X0_OID30342_v1_Cardiometabolic_II.tar	https://www.synapse.org/Synapse:syn52360292				syn52360292	syn51365306				
EAS	RILP	RILP_Q96NA2_OID21436_v1_Oncology.tar	https://www.synapse.org/Synapse:syn51526880				syn51526880	syn51365306				
EAS	RIPK4	RIPK4_P57078_OID30138_v1_Cardiometabolic_II.tar	https://www.synapse.org/Synapse:syn52360882				syn52360882	syn51365306				
EAS	RLN1	RLN1_P04808_OID30995_v1_Neurology_II.tar	https://www.synapse.org/Synapse:syn52360288				syn52360288	syn51365306				
EAS	RLN2	RLN2_P04090_OID30601_v1_Inflammation_II.tar	https://www.synapse.org/Synapse:syn52360301				syn52360301	syn51365306				
EAS	RNASE10	RNASE10_Q5GAN6_OID30238_v1_Cardiometabolic_II.tar	https://www.synapse.org/Synapse:syn52359542				syn52359542	syn51365306				
EAS	RNASE1	RNASE1_P07998_OID30672_v1_Inflammation_II.tar	https://www.synapse.org/Synapse:syn52360957				syn52360957	syn51365306				
EAS	RNASE3	RNASE3_P12724_OID20203_v1_Cardiometabolic.tar	https://www.synapse.org/Synapse:syn51528015				syn51528015	syn51365306				
EAS	RNASE4	RNASE4_P34096_OID30705_v1_Inflammation_II.tar	https://www.synapse.org/Synapse:syn52361178				syn52361178	syn51365306				
EAS	RNASE6	RNASE6_Q93091_OID30689_v1_Inflammation_II.tar	https://www.synapse.org/Synapse:syn52360587				syn52360587	syn51365306				
EAS	RNASEH2A	RNASEH2A_O75792_OID31027_v1_Neurology_II.tar	https://www.synapse.org/Synapse:syn52359717				syn52359717	syn51365306				
EAS	RNASET2	RNASET2_O00584_OID20321_v1_Cardiometabolic.tar	https://www.synapse.org/Synapse:syn51526994				syn51526994	syn51365306				
EAS	RNF149	RNF149_Q8NC42_OID30235_v1_Cardiometabolic_II.tar	https://www.synapse.org/Synapse:syn52360580				syn52360580	syn51365306				
EAS	RNF168	RNF168_Q8IYW5_OID30506_v1_Inflammation_II.tar	https://www.synapse.org/Synapse:syn52360483				syn52360483	syn51365306				
EAS	RNF31	RNF31_Q96EP0_OID30473_v1_Inflammation_II.tar	https://www.synapse.org/Synapse:syn52361039				syn52361039	syn51365306				
EAS	RNF41	RNF41_Q9H4P4_OID21179_v1_Oncology.tar	https://www.synapse.org/Synapse:syn51527238				syn51527238	syn51365306				
EAS	RNF43	RNF43_Q68DV7_OID31291_v1_Oncology_II.tar	https://www.synapse.org/Synapse:syn52360370				syn52360370	syn51365306				
EAS	RNF4	RNF4_P78317_OID31321_v1_Oncology_II.tar	https://www.synapse.org/Synapse:syn52360233				syn52360233	syn51365306				
EAS	RNF5	RNF5_Q99942_OID30218_v1_Cardiometabolic_II.tar	https://www.synapse.org/Synapse:syn52360196				syn52360196	syn51365306				
EAS	ROBO1	ROBO1_Q9Y6N7_OID20734_v1_Inflammation.tar	https://www.synapse.org/Synapse:syn51533715				syn51533715	syn51365306				
EAS	ROBO2	ROBO2_Q9HCK4_OID21007_v1_Neurology.tar	https://www.synapse.org/Synapse:syn51527098				syn51527098	syn51365306				
EAS	ROBO4	ROBO4_Q8WZ75_OID30226_v1_Cardiometabolic_II.tar	https://www.synapse.org/Synapse:syn52361146				syn52361146	syn51365306				
EAS	ROR1	ROR1_Q01973_OID20224_v1_Cardiometabolic.tar	https://www.synapse.org/Synapse:syn51526745				syn51526745	syn51365306				
EAS	RP2	RP2_O75695_OID21302_v1_Oncology.tar	https://www.synapse.org/Synapse:syn51526905				syn51526905	syn51365306				
EAS	RPA2	RPA2_P15927_OID30453_v1_Inflammation_II.tar	https://www.synapse.org/Synapse:syn52360105				syn52360105	syn51365306				
EAS	RPE	RPE_Q96AT9_OID31324_v1_Oncology_II.tar	https://www.synapse.org/Synapse:syn52360015				syn52360015	syn51365306				
EAS	RPGR	RPGR_Q92834_OID30959_v1_Neurology_II.tar	https://www.synapse.org/Synapse:syn52361162				syn52361162	syn51365306				
EAS	RPL14	RPL14_P50914_OID30284_v1_Cardiometabolic_II.tar	https://www.synapse.org/Synapse:syn52360342				syn52360342	syn51365306				
EAS	RPS10	RPS10_P46783_OID30070_v1_Cardiometabolic_II.tar	https://www.synapse.org/Synapse:syn52360896				syn52360896	syn51365306				
EAS	RRAS	RRAS_P10301_OID30961_v1_Neurology_II.tar	https://www.synapse.org/Synapse:syn52359742				syn52359742	syn51365306				
EAS	RRM2B	RRM2B_Q7LG56_OID21174_v1_Oncology.tar	https://www.synapse.org/Synapse:syn51526929				syn51526929	syn51365306				
EAS	RRM2	RRM2_P31350_OID21187_v1_Oncology.tar	https://www.synapse.org/Synapse:syn51527100				syn51527100	syn51365306				
EAS	RRP15	RRP15_Q9Y3B9_OID30867_v1_Neurology_II.tar	https://www.synapse.org/Synapse:syn52361048				syn52361048	syn51365306				
EAS	RSPO1	RSPO1_Q2MKA7_OID20938_v1_Neurology.tar	https://www.synapse.org/Synapse:syn51533041				syn51533041	syn51365306				
EAS	RSPO3	RSPO3_Q9BXY4_OID21415_v1_Oncology.tar	https://www.synapse.org/Synapse:syn51533125				syn51533125	syn51365306				
EAS	RTBDN	RTBDN_Q9BSG5_OID21343_v1_Oncology.tar	https://www.synapse.org/Synapse:syn51527131				syn51527131	syn51365306				
EAS	RTKN2	RTKN2_Q8IZC4_OID30049_v1_Cardiometabolic_II.tar	https://www.synapse.org/Synapse:syn52360377				syn52360377	syn51365306				
EAS	RTN4IP1	RTN4IP1_Q8WWV3_OID31030_v1_Neurology_II.tar	https://www.synapse.org/Synapse:syn52360088				syn52360088	syn51365306				
EAS	RTN4R	RTN4R_Q9BZR6_OID21424_v1_Oncology.tar	https://www.synapse.org/Synapse:syn51527094				syn51527094	syn51365306				
EAS	RUVBL1	RUVBL1_Q9Y265_OID21211_v1_Oncology.tar	https://www.synapse.org/Synapse:syn51533319				syn51533319	syn51365306				
EAS	RWDD1	RWDD1_Q9H446_OID21015_v1_Neurology.tar	https://www.synapse.org/Synapse:syn51526643				syn51526643	syn51365306				
EAS	RYR1	RYR1_P21817_OID30085_v1_Cardiometabolic_II.tar	https://www.synapse.org/Synapse:syn52360078				syn52360078	syn51365306				
EAS	S100A11	S100A11_P31949_OID20130_v1_Cardiometabolic.tar	https://www.synapse.org/Synapse:syn51533172				syn51533172	syn51365306				
EAS	S100A12	S100A12_P80511_OID21374_v1_Oncology.tar	https://www.synapse.org/Synapse:syn51533492				syn51533492	syn51365306				
EAS	S100A13	S100A13_Q99584_OID30529_v1_Inflammation_II.tar	https://www.synapse.org/Synapse:syn52360296				syn52360296	syn51365306				
EAS	S100A14	S100A14_Q9HCY8_OID30987_v1_Neurology_II.tar	https://www.synapse.org/Synapse:syn52361171				syn52361171	syn51365306				
EAS	S100A16	S100A16_Q96FQ6_OID20878_v1_Neurology.tar	https://www.synapse.org/Synapse:syn51526866				syn51526866	syn51365306				
EAS	S100A3	S100A3_P33764_OID31352_v1_Oncology_II.tar	https://www.synapse.org/Synapse:syn52361176				syn52361176	syn51365306				
EAS	S100A4	S100A4_P26447_OID21519_v1_Oncology.tar	https://www.synapse.org/Synapse:syn51527132				syn51527132	syn51365306				
EAS	S100G	S100G_P29377_OID31051_v1_Neurology_II.tar	https://www.synapse.org/Synapse:syn52359952				syn52359952	syn51365306				
EAS	S100P	S100P_P25815_OID20103_v1_Cardiometabolic.tar	https://www.synapse.org/Synapse:syn51533295				syn51533295	syn51365306				
EAS	SAA4	SAA4_P35542_OID30726_v1_Inflammation_II.tar	https://www.synapse.org/Synapse:syn52360374				syn52360374	syn51365306				
EAS	SAFB2	SAFB2_Q14151_OID31012_v1_Neurology_II.tar	https://www.synapse.org/Synapse:syn52360149				syn52360149	syn51365306				
EAS	SAG	SAG_P10523_OID30874_v1_Neurology_II.tar	https://www.synapse.org/Synapse:syn52360992				syn52360992	syn51365306				
EAS	SAMD9L	SAMD9L_Q8IVG5_OID20536_v1_Inflammation.tar	https://www.synapse.org/Synapse:syn51533410				syn51533410	syn51365306				
EAS	SAP18	SAP18_O00422_OID31323_v1_Oncology_II.tar	https://www.synapse.org/Synapse:syn52360272				syn52360272	syn51365306				
EAS	SARG	SARG_Q9BW04_OID30331_v1_Cardiometabolic_II.tar	https://www.synapse.org/Synapse:syn52359563				syn52359563	syn51365306				
EAS	SART1	SART1_O43290_OID30113_v1_Cardiometabolic_II.tar	https://www.synapse.org/Synapse:syn52361204				syn52361204	syn51365306				
EAS	SAT1	SAT1_P21673_OID30111_v1_Cardiometabolic_II.tar	https://www.synapse.org/Synapse:syn52361084				syn52361084	syn51365306				
EAS	SAT2	SAT2_Q96F10_OID31306_v1_Oncology_II.tar	https://www.synapse.org/Synapse:syn52361016				syn52361016	syn51365306				
EAS	SATB1	SATB1_Q01826_OID31038_v1_Neurology_II.tar	https://www.synapse.org/Synapse:syn52360989				syn52360989	syn51365306				
EAS	SBSN	SBSN_Q6UWP8_OID30398_v1_Cardiometabolic_II.tar	https://www.synapse.org/Synapse:syn52360613				syn52360613	syn51365306				
EAS	SCAMP3	SCAMP3_O14828_OID21332_v1_Oncology.tar	https://www.synapse.org/Synapse:syn51533267				syn51533267	syn51365306				
EAS	SCARA5	SCARA5_Q6ZMJ2_OID21058_v1_Neurology.tar	https://www.synapse.org/Synapse:syn51527258				syn51527258	syn51365306				
EAS	SCARB1	SCARB1_Q8WTV0_OID20805_v1_Neurology.tar	https://www.synapse.org/Synapse:syn51526616				syn51526616	syn51365306				
EAS	SCARB2	SCARB2_Q14108_OID20943_v1_Neurology.tar	https://www.synapse.org/Synapse:syn51526831				syn51526831	syn51365306				
EAS	SCARF1	SCARF1_Q14162_OID20297_v1_Cardiometabolic.tar	https://www.synapse.org/Synapse:syn51526594				syn51526594	syn51365306				
EAS	SCARF2	SCARF2_Q96GP6_OID21048_v1_Neurology.tar	https://www.synapse.org/Synapse:syn51533106				syn51533106	syn51365306				
EAS	SCG2	SCG2_P13521_OID21400_v1_Oncology.tar	https://www.synapse.org/Synapse:syn51533228				syn51533228	syn51365306				
EAS	SCG3	SCG3_Q8WXD2_OID20728_v1_Inflammation.tar	https://www.synapse.org/Synapse:syn51527221				syn51527221	syn51365306				
EAS	SCGB1A1	SCGB1A1_P11684_OID20688_v1_Inflammation.tar	https://www.synapse.org/Synapse:syn51533300				syn51533300	syn51365306				
EAS	SCGB2A2	SCGB2A2_Q13296_OID30104_v1_Cardiometabolic_II.tar	https://www.synapse.org/Synapse:syn52360206				syn52360206	syn51365306				
EAS	SCGB3A1	SCGB3A1_Q96QR1_OID30577_v1_Inflammation_II.tar	https://www.synapse.org/Synapse:syn52360398				syn52360398	syn51365306				
EAS	SCGB3A2	SCGB3A2_Q96PL1_OID20723_v1_Inflammation.tar	https://www.synapse.org/Synapse:syn51533133				syn51533133	syn51365306				
EAS	SCGN	SCGN_O76038_OID20457_v1_Inflammation.tar	https://www.synapse.org/Synapse:syn51526783				syn51526783	syn51365306				
EAS	SCIN	SCIN_Q9Y6U3_OID30857_v1_Neurology_II.tar	https://www.synapse.org/Synapse:syn52360465				syn52360465	syn51365306				
EAS	SCLY	SCLY_Q96I15_OID21425_v1_Oncology.tar	https://www.synapse.org/Synapse:syn51526577				syn51526577	syn51365306				
EAS	SCN2A	SCN2A_Q99250_OID30833_v1_Neurology_II.tar	https://www.synapse.org/Synapse:syn52359835				syn52359835	syn51365306				
EAS	SCN2B	SCN2B_O60939_OID30948_v1_Neurology_II.tar	https://www.synapse.org/Synapse:syn52360280				syn52360280	syn51365306				
EAS	SCN3A	SCN3A_Q9NY46_OID30903_v1_Neurology_II.tar	https://www.synapse.org/Synapse:syn52360319				syn52360319	syn51365306				
EAS	SCN3B	SCN3B_Q9NY72_OID30804_v1_Neurology_II.tar	https://www.synapse.org/Synapse:syn52360601				syn52360601	syn51365306				
EAS	SCN4B	SCN4B_Q8IWT1_OID30277_v1_Cardiometabolic_II.tar	https://www.synapse.org/Synapse:syn52360802				syn52360802	syn51365306				
EAS	SCP2	SCP2_P22307_OID21161_v1_Oncology.tar	https://www.synapse.org/Synapse:syn51533712				syn51533712	syn51365306				
EAS	SCPEP1	SCPEP1_Q9HB40_OID30278_v1_Cardiometabolic_II.tar	https://www.synapse.org/Synapse:syn52361049				syn52361049	syn51365306				
EAS	SCRG1	SCRG1_O75711_OID30333_v1_Cardiometabolic_II.tar	https://www.synapse.org/Synapse:syn52359848				syn52359848	syn51365306				
EAS	SCRIB	SCRIB_Q14160_OID30225_v1_Cardiometabolic_II.tar	https://www.synapse.org/Synapse:syn52360059				syn52360059	syn51365306				
EAS	SCRIB	SCRIB_Q14160_OID30558_v1_Inflammation_II.tar	https://www.synapse.org/Synapse:syn52359688				syn52359688	syn51365306				
EAS	SCRIB	SCRIB_Q14160_OID31046_v1_Neurology_II.tar	https://www.synapse.org/Synapse:syn52360968				syn52360968	syn51365306				
EAS	SCRIB	SCRIB_Q14160_OID31455_v1_Oncology_II.tar	https://www.synapse.org/Synapse:syn52360851				syn52360851	syn51365306				
EAS	SCRN1	SCRN1_Q12765_OID20542_v1_Inflammation.tar	https://www.synapse.org/Synapse:syn51527093				syn51527093	syn51365306				
EAS	SCT	SCT_P09683_OID30951_v1_Neurology_II.tar	https://www.synapse.org/Synapse:syn52359645				syn52359645	syn51365306				
EAS	SDC1	SDC1_P18827_OID20169_v1_Cardiometabolic.tar	https://www.synapse.org/Synapse:syn51526952				syn51526952	syn51365306				
EAS	SDC4	SDC4_P31431_OID20216_v1_Cardiometabolic.tar	https://www.synapse.org/Synapse:syn51526538				syn51526538	syn51365306				
EAS	SDCCAG8	SDCCAG8_Q86SQ7_OID31423_v1_Oncology_II.tar	https://www.synapse.org/Synapse:syn52360028				syn52360028	syn51365306				
EAS	SDHB	SDHB_P21912_OID31436_v1_Oncology_II.tar	https://www.synapse.org/Synapse:syn52360395				syn52360395	syn51365306				
EAS	SDK2	SDK2_Q58EX2_OID30662_v1_Inflammation_II.tar	https://www.synapse.org/Synapse:syn52361069				syn52361069	syn51365306				
EAS	SEC31A	SEC31A_O94979_OID30269_v1_Cardiometabolic_II.tar	https://www.synapse.org/Synapse:syn52360592				syn52360592	syn51365306				
EAS	SEL1L	SEL1L_Q9UBV2_OID30196_v1_Cardiometabolic_II.tar	https://www.synapse.org/Synapse:syn52359901				syn52359901	syn51365306				
EAS	SELENOP	SELENOP_P49908_OID30745_v1_Inflammation_II.tar	https://www.synapse.org/Synapse:syn52360651				syn52360651	syn51365306				
EAS	SELE	SELE_P16581_OID20290_v1_Cardiometabolic.tar	https://www.synapse.org/Synapse:syn51527069				syn51527069	syn51365306				
EAS	SELL	SELL_P14151_OID30752_v1_Inflammation_II.tar	https://www.synapse.org/Synapse:syn52360336				syn52360336	syn51365306				
EAS	SELPLG	SELPLG_Q14242_OID20560_v1_Inflammation.tar	https://www.synapse.org/Synapse:syn51533256				syn51533256	syn51365306				
EAS	SELP	SELP_P16109_OID20379_v1_Cardiometabolic.tar	https://www.synapse.org/Synapse:syn51527291				syn51527291	syn51365306				
EAS	SEMA3F	SEMA3F_Q13275_OID20186_v1_Cardiometabolic.tar	https://www.synapse.org/Synapse:syn51526678				syn51526678	syn51365306				
EAS	SEMA3G	SEMA3G_Q9NS98_OID30599_v1_Inflammation_II.tar	https://www.synapse.org/Synapse:syn52360298				syn52360298	syn51365306				
EAS	SEMA4C	SEMA4C_Q9C0C4_OID21329_v1_Oncology.tar	https://www.synapse.org/Synapse:syn51526851				syn51526851	syn51365306				
EAS	SEMA4D	SEMA4D_Q92854_OID21020_v1_Neurology.tar	https://www.synapse.org/Synapse:syn51529536				syn51529536	syn51365306				
EAS	SEMA6C	SEMA6C_Q9H3T2_OID30531_v1_Inflammation_II.tar	https://www.synapse.org/Synapse:syn52360057				syn52360057	syn51365306				
EAS	SEMA7A	SEMA7A_O75326_OID20283_v1_Cardiometabolic.tar	https://www.synapse.org/Synapse:syn51526597				syn51526597	syn51365306				
EAS	SEPTIN3	SEPTIN3_Q9UH03_OID31025_v1_Neurology_II.tar	https://www.synapse.org/Synapse:syn52360928				syn52360928	syn51365306				
EAS	SEPTIN7	SEPTIN7_Q16181_OID31288_v1_Oncology_II.tar	https://www.synapse.org/Synapse:syn52360938				syn52360938	syn51365306				
EAS	SEPTIN8	SEPTIN8_Q92599_OID31079_v1_Neurology_II.tar	https://www.synapse.org/Synapse:syn52360688				syn52360688	syn51365306				
EAS	SEPTIN9	SEPTIN9_Q9UHD8_OID21279_v1_Oncology.tar	https://www.synapse.org/Synapse:syn51527158				syn51527158	syn51365306				
EAS	SERPINA11	SERPINA11_Q86U17_OID20281_v1_Cardiometabolic.tar	https://www.synapse.org/Synapse:syn51527335				syn51527335	syn51365306				
EAS	SERPINA12	SERPINA12_Q8IW75_OID20219_v1_Cardiometabolic.tar	https://www.synapse.org/Synapse:syn51527252				syn51527252	syn51365306				
EAS	SERPINA1	SERPINA1_P01009_OID30750_v1_Inflammation_II.tar	https://www.synapse.org/Synapse:syn52360354				syn52360354	syn51365306				
EAS	SERPINA3	SERPINA3_P01011_OID30786_v1_Inflammation_II.tar	https://www.synapse.org/Synapse:syn52361075				syn52361075	syn51365306				
EAS	SERPINA4	SERPINA4_P29622_OID30774_v1_Inflammation_II.tar	https://www.synapse.org/Synapse:syn52360540				syn52360540	syn51365306				
EAS	SERPINA5	SERPINA5_P05154_OID30763_v1_Inflammation_II.tar	https://www.synapse.org/Synapse:syn52360857				syn52360857	syn51365306				
EAS	SERPINA6	SERPINA6_P08185_OID30743_v1_Inflammation_II.tar	https://www.synapse.org/Synapse:syn52359765				syn52359765	syn51365306				
EAS	SERPINA7	SERPINA7_P05543_OID30724_v1_Inflammation_II.tar	https://www.synapse.org/Synapse:syn52361017				syn52361017	syn51365306				
EAS	SERPINA9	SERPINA9_Q86WD7_OID21284_v1_Oncology.tar	https://www.synapse.org/Synapse:syn51527149				syn51527149	syn51365306				
EAS	SERPINB1	SERPINB1_P30740_OID21088_v1_Neurology.tar	https://www.synapse.org/Synapse:syn51526764				syn51526764	syn51365306				
EAS	SERPINB5	SERPINB5_P36952_OID20064_v1_Cardiometabolic.tar	https://www.synapse.org/Synapse:syn51533257				syn51533257	syn51365306				
EAS	SERPINB6	SERPINB6_P35237_OID21023_v1_Neurology.tar	https://www.synapse.org/Synapse:syn51526720				syn51526720	syn51365306				
EAS	SERPINB8	SERPINB8_P50452_OID20630_v1_Inflammation.tar	https://www.synapse.org/Synapse:syn51527027				syn51527027	syn51365306				
EAS	SERPINB9	SERPINB9_P50453_OID20932_v1_Neurology.tar	https://www.synapse.org/Synapse:syn51533239				syn51533239	syn51365306				
EAS	SERPINC1	SERPINC1_P01008_OID30789_v1_Inflammation_II.tar	https://www.synapse.org/Synapse:syn52360216				syn52360216	syn51365306				
EAS	SERPIND1	SERPIND1_P05546_OID30767_v1_Inflammation_II.tar	https://www.synapse.org/Synapse:syn52360273				syn52360273	syn51365306				
EAS	SERPINE1	SERPINE1_P05121_OID20342_v1_Cardiometabolic.tar	https://www.synapse.org/Synapse:syn51526895				syn51526895	syn51365306				
EAS	SERPINE2	SERPINE2_P07093_OID30359_v1_Cardiometabolic_II.tar	https://www.synapse.org/Synapse:syn52359550				syn52359550	syn51365306				
EAS	SERPINF1	SERPINF1_P36955_OID30757_v1_Inflammation_II.tar	https://www.synapse.org/Synapse:syn52360717				syn52360717	syn51365306				
EAS	SERPINF2	SERPINF2_P08697_OID30779_v1_Inflammation_II.tar	https://www.synapse.org/Synapse:syn52360134				syn52360134	syn51365306				
EAS	SERPING1	SERPING1_P05155_OID30777_v1_Inflammation_II.tar	https://www.synapse.org/Synapse:syn52360391				syn52360391	syn51365306				
EAS	SERPINH1	SERPINH1_P50454_OID31322_v1_Oncology_II.tar	https://www.synapse.org/Synapse:syn52361188				syn52361188	syn51365306				
EAS	SERPINI1	SERPINI1_Q99574_OID30604_v1_Inflammation_II.tar	https://www.synapse.org/Synapse:syn52360830				syn52360830	syn51365306				
EAS	SERPINI2	SERPINI2_O75830_OID31504_v1_Oncology_II.tar	https://www.synapse.org/Synapse:syn52360426				syn52360426	syn51365306				
EAS	SESTD1	SESTD1_Q86VW0_OID20790_v1_Neurology.tar	https://www.synapse.org/Synapse:syn51526833				syn51526833	syn51365306				
EAS	SETMAR	SETMAR_Q53H47_OID20948_v1_Neurology.tar	https://www.synapse.org/Synapse:syn51533031				syn51533031	syn51365306				
EAS	SEZ6L2	SEZ6L2_Q6UXD5_OID21289_v1_Oncology.tar	https://www.synapse.org/Synapse:syn51533579				syn51533579	syn51365306				
EAS	SEZ6L	SEZ6L_Q9BYH1_OID21488_v1_Oncology.tar	https://www.synapse.org/Synapse:syn51526897				syn51526897	syn51365306				
EAS	SEZ6	SEZ6_Q53EL9_OID30968_v1_Neurology_II.tar	https://www.synapse.org/Synapse:syn52361061				syn52361061	syn51365306				
EAS	SF3B4	SF3B4_Q15427_OID21278_v1_Oncology.tar	https://www.synapse.org/Synapse:syn51527045				syn51527045	syn51365306				
EAS	SFRP1	SFRP1_Q8N474_OID20984_v1_Neurology.tar	https://www.synapse.org/Synapse:syn51533345				syn51533345	syn51365306				
EAS	SFRP4	SFRP4_Q6FHJ7_OID30648_v1_Inflammation_II.tar	https://www.synapse.org/Synapse:syn52360075				syn52360075	syn51365306				
EAS	SFTPA1	SFTPA1_Q8IWL2_OID21165_v1_Oncology.tar	https://www.synapse.org/Synapse:syn51532344				syn51532344	syn51365306				
EAS	SFTPA2	SFTPA2_Q8IWL1_OID21218_v1_Oncology.tar	https://www.synapse.org/Synapse:syn51527273				syn51527273	syn51365306				
EAS	SFTPD	SFTPD_P35247_OID20214_v1_Cardiometabolic.tar	https://www.synapse.org/Synapse:syn51527017				syn51527017	syn51365306				
EAS	SGSH	SGSH_P51688_OID30341_v1_Cardiometabolic_II.tar	https://www.synapse.org/Synapse:syn52360369				syn52360369	syn51365306				
EAS	SH2B3	SH2B3_Q9UQQ2_OID21222_v1_Oncology.tar	https://www.synapse.org/Synapse:syn51529968				syn51529968	syn51365306				
EAS	SH2D1A	SH2D1A_O60880_OID20514_v1_Inflammation.tar	https://www.synapse.org/Synapse:syn51526554				syn51526554	syn51365306				
EAS	SH3BGRL2	SH3BGRL2_Q9UJC5_OID30863_v1_Neurology_II.tar	https://www.synapse.org/Synapse:syn52359639				syn52359639	syn51365306				
EAS	SH3BP1	SH3BP1_Q9Y3L3_OID31439_v1_Oncology_II.tar	https://www.synapse.org/Synapse:syn52360358				syn52360358	syn51365306				
EAS	SH3GL3	SH3GL3_Q99963_OID31334_v1_Oncology_II.tar	https://www.synapse.org/Synapse:syn52361082				syn52361082	syn51365306				
EAS	SH3GLB2	SH3GLB2_Q9NR46_OID31145_v1_Neurology_II.tar	https://www.synapse.org/Synapse:syn52359763				syn52359763	syn51365306				
EAS	SHBG	SHBG_P04278_OID30685_v1_Inflammation_II.tar	https://www.synapse.org/Synapse:syn52360756				syn52360756	syn51365306				
EAS	SHC1	SHC1_P29353_OID31222_v1_Oncology_II.tar	https://www.synapse.org/Synapse:syn52359753				syn52359753	syn51365306				
EAS	SHD	SHD_Q96IW2_OID30098_v1_Cardiometabolic_II.tar	https://www.synapse.org/Synapse:syn52360892				syn52360892	syn51365306				
EAS	SHH	SHH_Q15465_OID30516_v1_Inflammation_II.tar	https://www.synapse.org/Synapse:syn52359816				syn52359816	syn51365306				
EAS	SHISA5	SHISA5_Q8N114_OID30387_v1_Cardiometabolic_II.tar	https://www.synapse.org/Synapse:syn52361066				syn52361066	syn51365306				
EAS	SHMT1	SHMT1_P34896_OID20714_v1_Inflammation.tar	https://www.synapse.org/Synapse:syn51533719				syn51533719	syn51365306				
EAS	SHPK	SHPK_Q9UHJ6_OID31292_v1_Oncology_II.tar	https://www.synapse.org/Synapse:syn52360590				syn52360590	syn51365306				
EAS	SIAE	SIAE_Q9HAT2_OID21503_v1_Oncology.tar	https://www.synapse.org/Synapse:syn51526873				syn51526873	syn51365306				
EAS	SIGLEC10	SIGLEC10_Q96LC7_OID20537_v1_Inflammation.tar	https://www.synapse.org/Synapse:syn51531226				syn51531226	syn51365306				
EAS	SIGLEC15	SIGLEC15_Q6ZMC9_OID20812_v1_Neurology.tar	https://www.synapse.org/Synapse:syn51526791				syn51526791	syn51365306				
EAS	SIGLEC1	SIGLEC1_Q9BZZ2_OID20690_v1_Inflammation.tar	https://www.synapse.org/Synapse:syn51533617				syn51533617	syn51365306				
EAS	SIGLEC5	SIGLEC5_O15389_OID21082_v1_Neurology.tar	https://www.synapse.org/Synapse:syn51526632				syn51526632	syn51365306				
EAS	SIGLEC6	SIGLEC6_O43699_OID21394_v1_Oncology.tar	https://www.synapse.org/Synapse:syn51533248				syn51533248	syn51365306				
EAS	SIGLEC7	SIGLEC7_Q9Y286_OID20190_v1_Cardiometabolic.tar	https://www.synapse.org/Synapse:syn51526623				syn51526623	syn51365306				
EAS	SIGLEC8	SIGLEC8_Q9NYZ4_OID30261_v1_Cardiometabolic_II.tar	https://www.synapse.org/Synapse:syn52359810				syn52359810	syn51365306				
EAS	SIGLEC9	SIGLEC9_Q9Y336_OID21390_v1_Oncology.tar	https://www.synapse.org/Synapse:syn51533148				syn51533148	syn51365306				
EAS	SIL1	SIL1_Q9H173_OID30207_v1_Cardiometabolic_II.tar	https://www.synapse.org/Synapse:syn52360944				syn52360944	syn51365306				
EAS	SIRPA	SIRPA_P78324_OID20304_v1_Cardiometabolic.tar	https://www.synapse.org/Synapse:syn51527260				syn51527260	syn51365306				
EAS	SIRPB1	SIRPB1_O00241_OID20739_v1_Inflammation.tar	https://www.synapse.org/Synapse:syn51527235				syn51527235	syn51365306				
EAS	SIRT1	SIRT1_Q96EB6_OID30439_v1_Inflammation_II.tar	https://www.synapse.org/Synapse:syn52359587				syn52359587	syn51365306				
EAS	SIRT2	SIRT2_Q8IXJ6_OID21375_v1_Oncology.tar	https://www.synapse.org/Synapse:syn51533198				syn51533198	syn51365306				
EAS	SIRT5	SIRT5_Q9NXA8_OID20820_v1_Neurology.tar	https://www.synapse.org/Synapse:syn51533055				syn51533055	syn51365306				
EAS	SIT1	SIT1_Q9Y3P8_OID20462_v1_Inflammation.tar	https://www.synapse.org/Synapse:syn51533299				syn51533299	syn51365306				
EAS	SKAP1	SKAP1_Q86WV1_OID20906_v1_Neurology.tar	https://www.synapse.org/Synapse:syn51526574				syn51526574	syn51365306				
EAS	SKAP2	SKAP2_O75563_OID20761_v1_Inflammation.tar	https://www.synapse.org/Synapse:syn51526826				syn51526826	syn51365306				
EAS	SKIV2L	SKIV2L_Q15477_OID30056_v1_Cardiometabolic_II.tar	https://www.synapse.org/Synapse:syn52361042				syn52361042	syn51365306				
EAS	SLA2	SLA2_Q9H6Q3_OID31017_v1_Neurology_II.tar	https://www.synapse.org/Synapse:syn52360619				syn52360619	syn51365306				
EAS	SLAMF1	SLAMF1_Q13291_OID20496_v1_Inflammation.tar	https://www.synapse.org/Synapse:syn51527184				syn51527184	syn51365306				
EAS	SLAMF6	SLAMF6_Q96DU3_OID21254_v1_Oncology.tar	https://www.synapse.org/Synapse:syn51526542				syn51526542	syn51365306				
EAS	SLAMF7	SLAMF7_Q9NQ25_OID20602_v1_Inflammation.tar	https://www.synapse.org/Synapse:syn51533057				syn51533057	syn51365306				
EAS	SLAMF8	SLAMF8_Q9P0V8_OID21214_v1_Oncology.tar	https://www.synapse.org/Synapse:syn51533215				syn51533215	syn51365306				
EAS	SLC12A2	SLC12A2_P55011_OID30077_v1_Cardiometabolic_II.tar	https://www.synapse.org/Synapse:syn52360900				syn52360900	syn51365306				
EAS	SLC13A1	SLC13A1_Q9BZW2_OID31388_v1_Oncology_II.tar	https://www.synapse.org/Synapse:syn52360146				syn52360146	syn51365306				
EAS	SLC16A1	SLC16A1_P53985_OID20799_v1_Neurology.tar	https://www.synapse.org/Synapse:syn51530938				syn51530938	syn51365306				
EAS	SLC1A4	SLC1A4_P43007_OID30926_v1_Neurology_II.tar	https://www.synapse.org/Synapse:syn52360774				syn52360774	syn51365306				
EAS	SLC27A4	SLC27A4_Q6P1M0_OID20814_v1_Neurology.tar	https://www.synapse.org/Synapse:syn51526780				syn51526780	syn51365306				
EAS	SLC28A1	SLC28A1_O00337_OID31220_v1_Oncology_II.tar	https://www.synapse.org/Synapse:syn52360500				syn52360500	syn51365306				
EAS	SLC34A3	SLC34A3_Q8N130_OID31203_v1_Oncology_II.tar	https://www.synapse.org/Synapse:syn52359730				syn52359730	syn51365306				
EAS	SLC39A14	SLC39A14_Q15043_OID20852_v1_Neurology.tar	https://www.synapse.org/Synapse:syn51533728				syn51533728	syn51365306				
EAS	SLC39A5	SLC39A5_Q6ZMH5_OID20539_v1_Inflammation.tar	https://www.synapse.org/Synapse:syn51526882				syn51526882	syn51365306				
EAS	SLC44A4	SLC44A4_Q53GD3_OID30897_v1_Neurology_II.tar	https://www.synapse.org/Synapse:syn52359694				syn52359694	syn51365306				
EAS	SLC4A1	SLC4A1_P02730_OID30369_v1_Cardiometabolic_II.tar	https://www.synapse.org/Synapse:syn52360009				syn52360009	syn51365306				
EAS	SLC51B	SLC51B_Q86UW2_OID30107_v1_Cardiometabolic_II.tar	https://www.synapse.org/Synapse:syn52360091				syn52360091	syn51365306				
EAS	SLC9A3R1	SLC9A3R1_O14745_OID30630_v1_Inflammation_II.tar	https://www.synapse.org/Synapse:syn52359913				syn52359913	syn51365306				
EAS	SLC9A3R2	SLC9A3R2_Q15599_OID31445_v1_Oncology_II.tar	https://www.synapse.org/Synapse:syn52360917				syn52360917	syn51365306				
EAS	SLIRP	SLIRP_Q9GZT3_OID31174_v1_Oncology_II.tar	https://www.synapse.org/Synapse:syn52360016				syn52360016	syn51365306				
EAS	SLIT2	SLIT2_O94813_OID20862_v1_Neurology.tar	https://www.synapse.org/Synapse:syn51527025				syn51527025	syn51365306				
EAS	SLITRK1	SLITRK1_Q96PX8_OID30510_v1_Inflammation_II.tar	https://www.synapse.org/Synapse:syn52360689				syn52360689	syn51365306				
EAS	SLITRK2	SLITRK2_Q9H156_OID21409_v1_Oncology.tar	https://www.synapse.org/Synapse:syn51526703				syn51526703	syn51365306				
EAS	SLITRK6	SLITRK6_Q9H5Y7_OID20094_v1_Cardiometabolic.tar	https://www.synapse.org/Synapse:syn51533311				syn51533311	syn51365306				
EAS	SLK	SLK_Q9H2G2_OID31282_v1_Oncology_II.tar	https://www.synapse.org/Synapse:syn52360741				syn52360741	syn51365306				
EAS	SLMAP	SLMAP_Q14BN4_OID31441_v1_Oncology_II.tar	https://www.synapse.org/Synapse:syn52360110				syn52360110	syn51365306				
EAS	SLURP1	SLURP1_P55000_OID30404_v1_Cardiometabolic_II.tar	https://www.synapse.org/Synapse:syn52360129				syn52360129	syn51365306				
EAS	SMAD1	SMAD1_Q15797_OID21180_v1_Oncology.tar	https://www.synapse.org/Synapse:syn51526665				syn51526665	syn51365306				
EAS	SMAD2	SMAD2_Q15796_OID31353_v1_Oncology_II.tar	https://www.synapse.org/Synapse:syn52360885				syn52360885	syn51365306				
EAS	SMAD3	SMAD3_P84022_OID31418_v1_Oncology_II.tar	https://www.synapse.org/Synapse:syn52361170				syn52361170	syn51365306				
EAS	SMAD5	SMAD5_Q99717_OID21353_v1_Oncology.tar	https://www.synapse.org/Synapse:syn51526581				syn51526581	syn51365306				
EAS	SMARCA2	SMARCA2_P51531_OID20796_v1_Neurology.tar	https://www.synapse.org/Synapse:syn51533608				syn51533608	syn51365306				
EAS	SMC3	SMC3_Q9UQE7_OID31195_v1_Oncology_II.tar	https://www.synapse.org/Synapse:syn52359771				syn52359771	syn51365306				
EAS	SMNDC1	SMNDC1_O75940_OID31471_v1_Oncology_II.tar	https://www.synapse.org/Synapse:syn52360081				syn52360081	syn51365306				
EAS	SMOC1	SMOC1_Q9H4F8_OID21461_v1_Oncology.tar	https://www.synapse.org/Synapse:syn51526570				syn51526570	syn51365306				
EAS	SMOC2	SMOC2_Q9H3U7_OID20730_v1_Inflammation.tar	https://www.synapse.org/Synapse:syn51527119				syn51527119	syn51365306				
EAS	SMPD1	SMPD1_P17405_OID21028_v1_Neurology.tar	https://www.synapse.org/Synapse:syn51527157				syn51527157	syn51365306				
EAS	SMPD3	SMPD3_Q9NY59_OID30477_v1_Inflammation_II.tar	https://www.synapse.org/Synapse:syn52359659				syn52359659	syn51365306				
EAS	SMPDL3A	SMPDL3A_Q92484_OID20676_v1_Inflammation.tar	https://www.synapse.org/Synapse:syn51526758				syn51526758	syn51365306				
EAS	SMPDL3B	SMPDL3B_Q92485_OID31387_v1_Oncology_II.tar	https://www.synapse.org/Synapse:syn52361040				syn52361040	syn51365306				
EAS	SMS	SMS_P52788_OID30853_v1_Neurology_II.tar	https://www.synapse.org/Synapse:syn52360459				syn52360459	syn51365306				
EAS	SMTN	SMTN_P53814_OID31154_v1_Neurology_II.tar	https://www.synapse.org/Synapse:syn52360200				syn52360200	syn51365306				
EAS	SNAP23	SNAP23_O00161_OID20218_v1_Cardiometabolic.tar	https://www.synapse.org/Synapse:syn51533478				syn51533478	syn51365306				
EAS	SNAP25	SNAP25_P60880_OID30811_v1_Neurology_II.tar	https://www.synapse.org/Synapse:syn52360853				syn52360853	syn51365306				
EAS	SNAP29	SNAP29_O95721_OID21506_v1_Oncology.tar	https://www.synapse.org/Synapse:syn51527167				syn51527167	syn51365306				
EAS	SNAPIN	SNAPIN_O95295_OID31019_v1_Neurology_II.tar	https://www.synapse.org/Synapse:syn52359924				syn52359924	syn51365306				
EAS	SNCA	SNCA_P37840_OID30645_v1_Inflammation_II.tar	https://www.synapse.org/Synapse:syn52359803				syn52359803	syn51365306				
EAS	SNCG	SNCG_O76070_OID20971_v1_Neurology.tar	https://www.synapse.org/Synapse:syn51526659				syn51526659	syn51365306				
EAS	SNED1	SNED1_Q8TER0_OID30205_v1_Cardiometabolic_II.tar	https://www.synapse.org/Synapse:syn52360279				syn52360279	syn51365306				
EAS	SNRPB2	SNRPB2_P08579_OID31132_v1_Neurology_II.tar	https://www.synapse.org/Synapse:syn52359561				syn52359561	syn51365306				
EAS	SNU13	SNU13_P55769_OID30052_v1_Cardiometabolic_II.tar	https://www.synapse.org/Synapse:syn52361076				syn52361076	syn51365306				
EAS	SNX15	SNX15_Q9NRS6_OID30644_v1_Inflammation_II.tar	https://www.synapse.org/Synapse:syn52359937				syn52359937	syn51365306				
EAS	SNX18	SNX18_Q96RF0_OID31476_v1_Oncology_II.tar	https://www.synapse.org/Synapse:syn52360265				syn52360265	syn51365306				
EAS	SNX2	SNX2_O60749_OID31374_v1_Oncology_II.tar	https://www.synapse.org/Synapse:syn52360975				syn52360975	syn51365306				
EAS	SNX5	SNX5_Q9Y5X3_OID30215_v1_Cardiometabolic_II.tar	https://www.synapse.org/Synapse:syn52359533				syn52359533	syn51365306				
EAS	SNX9	SNX9_Q9Y5X1_OID20135_v1_Cardiometabolic.tar	https://www.synapse.org/Synapse:syn51533538				syn51533538	syn51365306				
EAS	SOD1	SOD1_P00441_OID20386_v1_Cardiometabolic.tar	https://www.synapse.org/Synapse:syn51526674				syn51526674	syn51365306				
EAS	SOD2	SOD2_P04179_OID21114_v1_Neurology.tar	https://www.synapse.org/Synapse:syn51527076				syn51527076	syn51365306				
EAS	SOD3	SOD3_P08294_OID30683_v1_Inflammation_II.tar	https://www.synapse.org/Synapse:syn52359857				syn52359857	syn51365306				
EAS	SORBS1	SORBS1_Q9BX66_OID30978_v1_Neurology_II.tar	https://www.synapse.org/Synapse:syn52359893				syn52359893	syn51365306				
EAS	SORCS2	SORCS2_Q96PQ0_OID21262_v1_Oncology.tar	https://www.synapse.org/Synapse:syn51527065				syn51527065	syn51365306				
EAS	SORD	SORD_Q00796_OID21453_v1_Oncology.tar	https://www.synapse.org/Synapse:syn51526525				syn51526525	syn51365306				
EAS	SORT1	SORT1_Q99523_OID20213_v1_Cardiometabolic.tar	https://www.synapse.org/Synapse:syn51526959				syn51526959	syn51365306				
EAS	SOST	SOST_Q9BQB4_OID20204_v1_Cardiometabolic.tar	https://www.synapse.org/Synapse:syn51526784				syn51526784	syn51365306				
EAS	SOWAHA	SOWAHA_Q2M3V2_OID30888_v1_Neurology_II.tar	https://www.synapse.org/Synapse:syn52360245				syn52360245	syn51365306				
EAS	SOX2	SOX2_P48431_OID30981_v1_Neurology_II.tar	https://www.synapse.org/Synapse:syn52360248				syn52360248	syn51365306				
EAS	SOX9	SOX9_P48436_OID30905_v1_Neurology_II.tar	https://www.synapse.org/Synapse:syn52360544				syn52360544	syn51365306				
EAS	SPACA5	SPACA5_SPACA5B_Q96QH8_OID30990_v1_Neurology_II.tar	https://www.synapse.org/Synapse:syn52359607				syn52359607	syn51365306				
EAS	SPAG1	SPAG1_Q07617_OID30979_v1_Neurology_II.tar	https://www.synapse.org/Synapse:syn52360897				syn52360897	syn51365306				
EAS	SPARCL1	SPARCL1_Q14515_OID20361_v1_Cardiometabolic.tar	https://www.synapse.org/Synapse:syn51533289				syn51533289	syn51365306				
EAS	SPARC	SPARC_P09486_OID21511_v1_Oncology.tar	https://www.synapse.org/Synapse:syn51533129				syn51533129	syn51365306				
EAS	SPART	SPART_Q8N0X7_OID30656_v1_Inflammation_II.tar	https://www.synapse.org/Synapse:syn52360293				syn52360293	syn51365306				
EAS	SPESP1	SPESP1_Q6UW49_OID30298_v1_Cardiometabolic_II.tar	https://www.synapse.org/Synapse:syn52361193				syn52361193	syn51365306				
EAS	SPINK1	SPINK1_P00995_OID21097_v1_Neurology.tar	https://www.synapse.org/Synapse:syn51533343				syn51533343	syn51365306				
EAS	SPINK2	SPINK2_P20155_OID30627_v1_Inflammation_II.tar	https://www.synapse.org/Synapse:syn52359985				syn52359985	syn51365306				
EAS	SPINK4	SPINK4_O60575_OID20509_v1_Inflammation.tar	https://www.synapse.org/Synapse:syn51527276				syn51527276	syn51365306				
EAS	SPINK5	SPINK5_Q9NQ38_OID21148_v1_Neurology.tar	https://www.synapse.org/Synapse:syn51526539				syn51526539	syn51365306				
EAS	SPINK6	SPINK6_Q6UWN8_OID21450_v1_Oncology.tar	https://www.synapse.org/Synapse:syn51533364				syn51533364	syn51365306				
EAS	SPINK8	SPINK8_P0C7L1_OID30153_v1_Cardiometabolic_II.tar	https://www.synapse.org/Synapse:syn52360960				syn52360960	syn51365306				
EAS	SPINT1	SPINT1_O43278_OID21109_v1_Neurology.tar	https://www.synapse.org/Synapse:syn51527242				syn51527242	syn51365306				
EAS	SPINT2	SPINT2_O43291_OID20720_v1_Inflammation.tar	https://www.synapse.org/Synapse:syn51533400				syn51533400	syn51365306				
EAS	SPINT3	SPINT3_P49223_OID31509_v1_Oncology_II.tar	https://www.synapse.org/Synapse:syn52360108				syn52360108	syn51365306				
EAS	SPOCK1	SPOCK1_Q08629_OID20924_v1_Neurology.tar	https://www.synapse.org/Synapse:syn51533290				syn51533290	syn51365306				
EAS	SPON1	SPON1_Q9HCB6_OID20759_v1_Inflammation.tar	https://www.synapse.org/Synapse:syn51526602				syn51526602	syn51365306				
EAS	SPON2	SPON2_Q9BUD6_OID20221_v1_Cardiometabolic.tar	https://www.synapse.org/Synapse:syn51526712				syn51526712	syn51365306				
EAS	SPP1	SPP1_P10451_OID20322_v1_Cardiometabolic.tar	https://www.synapse.org/Synapse:syn51526702				syn51526702	syn51365306				
EAS	SPRED2	SPRED2_Q7Z698_OID30423_v1_Inflammation_II.tar	https://www.synapse.org/Synapse:syn52360653				syn52360653	syn51365306				
EAS	SPRING1	SPRING1_Q9H741_OID31197_v1_Oncology_II.tar	https://www.synapse.org/Synapse:syn52360213				syn52360213	syn51365306				
EAS	SPRR1B	SPRR1B_P22528_OID31296_v1_Oncology_II.tar	https://www.synapse.org/Synapse:syn52360943				syn52360943	syn51365306				
EAS	SPRR3	SPRR3_Q9UBC9_OID31131_v1_Neurology_II.tar	https://www.synapse.org/Synapse:syn52360428				syn52360428	syn51365306				
EAS	SPRY2	SPRY2_O43597_OID20475_v1_Inflammation.tar	https://www.synapse.org/Synapse:syn51527136				syn51527136	syn51365306				
EAS	SPTBN2	SPTBN2_O15020_OID30876_v1_Neurology_II.tar	https://www.synapse.org/Synapse:syn52359842				syn52359842	syn51365306				
EAS	SPTLC1	SPTLC1_O15269_OID31086_v1_Neurology_II.tar	https://www.synapse.org/Synapse:syn52360344				syn52360344	syn51365306				
EAS	SRC	SRC_P12931_OID21521_v1_Oncology.tar	https://www.synapse.org/Synapse:syn51526915				syn51526915	syn51365306				
EAS	SRP14	SRP14_P37108_OID21324_v1_Oncology.tar	https://www.synapse.org/Synapse:syn51526725				syn51526725	syn51365306				
EAS	SRPK2	SRPK2_P78362_OID20502_v1_Inflammation.tar	https://www.synapse.org/Synapse:syn51526995				syn51526995	syn51365306				
EAS	SRPX	SRPX_P78539_OID30310_v1_Cardiometabolic_II.tar	https://www.synapse.org/Synapse:syn52360244				syn52360244	syn51365306				
EAS	SSBP1	SSBP1_Q04837_OID30468_v1_Inflammation_II.tar	https://www.synapse.org/Synapse:syn52360501				syn52360501	syn51365306				
EAS	SSB	SSB_P05455_OID20818_v1_Neurology.tar	https://www.synapse.org/Synapse:syn51533027				syn51533027	syn51365306				
EAS	SSC4D	SSC4D_Q8WTU2_OID20182_v1_Cardiometabolic.tar	https://www.synapse.org/Synapse:syn51533176				syn51533176	syn51365306				
EAS	SSC5D	SSC5D_A1L4H1_OID20351_v1_Cardiometabolic.tar	https://www.synapse.org/Synapse:syn51526541				syn51526541	syn51365306				
EAS	SSH3	SSH3_Q8TE77_OID31216_v1_Oncology_II.tar	https://www.synapse.org/Synapse:syn52361110				syn52361110	syn51365306				
EAS	SSNA1	SSNA1_O43805_OID31453_v1_Oncology_II.tar	https://www.synapse.org/Synapse:syn52359630				syn52359630	syn51365306				
EAS	ST13	ST13_P50502_OID30624_v1_Inflammation_II.tar	https://www.synapse.org/Synapse:syn52360381				syn52360381	syn51365306				
EAS	ST3GAL1	ST3GAL1_Q11201_OID21322_v1_Oncology.tar	https://www.synapse.org/Synapse:syn51527466				syn51527466	syn51365306				
EAS	ST6GAL1	ST6GAL1_P15907_OID20302_v1_Cardiometabolic.tar	https://www.synapse.org/Synapse:syn51526601				syn51526601	syn51365306				
EAS	ST8SIA1	ST8SIA1_Q92185_OID30442_v1_Inflammation_II.tar	https://www.synapse.org/Synapse:syn52359770				syn52359770	syn51365306				
EAS	STAB2	STAB2_Q8WWQ8_OID30401_v1_Cardiometabolic_II.tar	https://www.synapse.org/Synapse:syn52360083				syn52360083	syn51365306				
EAS	STAMBP	STAMBP_O95630_OID20955_v1_Neurology.tar	https://www.synapse.org/Synapse:syn51533716				syn51533716	syn51365306				
EAS	STAM	STAM_Q92783_OID31425_v1_Oncology_II.tar	https://www.synapse.org/Synapse:syn52360521				syn52360521	syn51365306				
EAS	STAT2	STAT2_P52630_OID30536_v1_Inflammation_II.tar	https://www.synapse.org/Synapse:syn52360951				syn52360951	syn51365306				
EAS	STAT5B	STAT5B_P51692_OID21277_v1_Oncology.tar	https://www.synapse.org/Synapse:syn51532125				syn51532125	syn51365306				
EAS	STAU1	STAU1_O95793_OID31210_v1_Oncology_II.tar	https://www.synapse.org/Synapse:syn52360328				syn52360328	syn51365306				
EAS	STC1	STC1_P52823_OID21014_v1_Neurology.tar	https://www.synapse.org/Synapse:syn51533185				syn51533185	syn51365306				
EAS	STC2	STC2_O76061_OID21157_v1_Neurology.tar	https://www.synapse.org/Synapse:syn51533310				syn51533310	syn51365306				
EAS	STEAP4	STEAP4_Q687X5_OID30846_v1_Neurology_II.tar	https://www.synapse.org/Synapse:syn52360115				syn52360115	syn51365306				
EAS	STIP1	STIP1_P31948_OID21077_v1_Neurology.tar	https://www.synapse.org/Synapse:syn51533612				syn51533612	syn51365306				
EAS	STK11	STK11_Q15831_OID20077_v1_Cardiometabolic.tar	https://www.synapse.org/Synapse:syn51527067				syn51527067	syn51365306				
EAS	STK24	STK24_Q9Y6E0_OID20837_v1_Neurology.tar	https://www.synapse.org/Synapse:syn51526709				syn51526709	syn51365306				
EAS	STK4	STK4_Q13043_OID20140_v1_Cardiometabolic.tar	https://www.synapse.org/Synapse:syn51533073				syn51533073	syn51365306				
EAS	STOML2	STOML2_Q9UJZ1_OID31183_v1_Oncology_II.tar	https://www.synapse.org/Synapse:syn52360491				syn52360491	syn51365306				
EAS	STX16	STX16_O14662_OID21170_v1_Oncology.tar	https://www.synapse.org/Synapse:syn51527165				syn51527165	syn51365306				
EAS	STX1B	STX1B_P61266_OID30934_v1_Neurology_II.tar	https://www.synapse.org/Synapse:syn52360017				syn52360017	syn51365306				
EAS	STX3	STX3_Q13277_OID31090_v1_Neurology_II.tar	https://www.synapse.org/Synapse:syn52359794				syn52359794	syn51365306				
EAS	STX4	STX4_Q12846_OID21326_v1_Oncology.tar	https://www.synapse.org/Synapse:syn51533062				syn51533062	syn51365306				
EAS	STX5	STX5_Q13190_OID30432_v1_Inflammation_II.tar	https://www.synapse.org/Synapse:syn52361087				syn52361087	syn51365306				
EAS	STX6	STX6_O43752_OID21219_v1_Oncology.tar	https://www.synapse.org/Synapse:syn51533690				syn51533690	syn51365306				
EAS	STX7	STX7_O15400_OID30560_v1_Inflammation_II.tar	https://www.synapse.org/Synapse:syn52360126				syn52360126	syn51365306				
EAS	STX8	STX8_Q9UNK0_OID20531_v1_Inflammation.tar	https://www.synapse.org/Synapse:syn51527021				syn51527021	syn51365306				
EAS	STXBP1	STXBP1_P61764_OID31054_v1_Neurology_II.tar	https://www.synapse.org/Synapse:syn52359709				syn52359709	syn51365306				
EAS	STXBP3	STXBP3_O00186_OID21240_v1_Oncology.tar	https://www.synapse.org/Synapse:syn51533727				syn51533727	syn51365306				
EAS	SUGP1	SUGP1_Q8IWZ8_OID31524_v1_Oncology_II.tar	https://www.synapse.org/Synapse:syn52359722				syn52359722	syn51365306				
EAS	SUGT1	SUGT1_Q9Y2Z0_OID21229_v1_Oncology.tar	https://www.synapse.org/Synapse:syn51533145				syn51533145	syn51365306				
EAS	SULT1A1	SULT1A1_P50225_OID21031_v1_Neurology.tar	https://www.synapse.org/Synapse:syn51527319				syn51527319	syn51365306				
EAS	SULT2A1	SULT2A1_Q06520_OID20508_v1_Inflammation.tar	https://www.synapse.org/Synapse:syn51533047				syn51533047	syn51365306				
EAS	SUMF1	SUMF1_Q8NBK3_OID30486_v1_Inflammation_II.tar	https://www.synapse.org/Synapse:syn52359762				syn52359762	syn51365306				
EAS	SUMF2	SUMF2_Q8NBJ7_OID21032_v1_Neurology.tar	https://www.synapse.org/Synapse:syn51526637				syn51526637	syn51365306				
EAS	SUOX	SUOX_P51687_OID31031_v1_Neurology_II.tar	https://www.synapse.org/Synapse:syn52360243				syn52360243	syn51365306				
EAS	SUSD1	SUSD1_Q6UWL2_OID20072_v1_Cardiometabolic.tar	https://www.synapse.org/Synapse:syn51533149				syn51533149	syn51365306				
EAS	SUSD2	SUSD2_Q9UGT4_OID21098_v1_Neurology.tar	https://www.synapse.org/Synapse:syn51533116				syn51533116	syn51365306				
EAS	SUSD4	SUSD4_Q5VX71_OID31398_v1_Oncology_II.tar	https://www.synapse.org/Synapse:syn52360539				syn52360539	syn51365306				
EAS	SUSD5	SUSD5_O60279_OID30650_v1_Inflammation_II.tar	https://www.synapse.org/Synapse:syn52359932				syn52359932	syn51365306				
EAS	SV2A	SV2A_Q7L0J3_OID30965_v1_Neurology_II.tar	https://www.synapse.org/Synapse:syn52360070				syn52360070	syn51365306				
EAS	SWAP70	SWAP70_Q9UH65_OID31477_v1_Oncology_II.tar	https://www.synapse.org/Synapse:syn52361104				syn52361104	syn51365306				
EAS	SYAP1	SYAP1_Q96A49_OID30636_v1_Inflammation_II.tar	https://www.synapse.org/Synapse:syn52360966				syn52360966	syn51365306				
EAS	SYNGAP1	SYNGAP1_Q96PV0_OID30797_v1_Neurology_II.tar	https://www.synapse.org/Synapse:syn52359749				syn52359749	syn51365306				
EAS	SYT1	SYT1_P21579_OID31089_v1_Neurology_II.tar	https://www.synapse.org/Synapse:syn52360545				syn52360545	syn51365306				
EAS	SYTL4	SYTL4_Q96C24_OID30339_v1_Cardiometabolic_II.tar	https://www.synapse.org/Synapse:syn52360516				syn52360516	syn51365306				
EAS	TAB2	TAB2_Q9NYJ8_OID31319_v1_Oncology_II.tar	https://www.synapse.org/Synapse:syn52359894				syn52359894	syn51365306				
EAS	TACC3	TACC3_Q9Y6A5_OID21285_v1_Oncology.tar	https://www.synapse.org/Synapse:syn51526625				syn51526625	syn51365306				
EAS	TACSTD2	TACSTD2_P09758_OID21447_v1_Oncology.tar	https://www.synapse.org/Synapse:syn51527296				syn51527296	syn51365306				
EAS	TADA3	TADA3_O75528_OID31422_v1_Oncology_II.tar	https://www.synapse.org/Synapse:syn52361158				syn52361158	syn51365306				
EAS	TAFA5	TAFA5_Q7Z5A7_OID21321_v1_Oncology.tar	https://www.synapse.org/Synapse:syn51533717				syn51533717	syn51365306				
EAS	TAGLN3	TAGLN3_Q9UI15_OID31225_v1_Oncology_II.tar	https://www.synapse.org/Synapse:syn52360313				syn52360313	syn51365306				
EAS	TALDO1	TALDO1_P37837_OID30414_v1_Cardiometabolic_II.tar	https://www.synapse.org/Synapse:syn52360189				syn52360189	syn51365306				
EAS	TANK	TANK_Q92844_OID20474_v1_Inflammation.tar	https://www.synapse.org/Synapse:syn51526958				syn51526958	syn51365306				
EAS	TAP1	TAP1_Q03518_OID31289_v1_Oncology_II.tar	https://www.synapse.org/Synapse:syn52359778				syn52359778	syn51365306				
EAS	TARBP2	TARBP2_Q15633_OID20870_v1_Neurology.tar	https://www.synapse.org/Synapse:syn51531712				syn51531712	syn51365306				
EAS	TARM1	TARM1_B6A8C7_OID30937_v1_Neurology_II.tar	https://www.synapse.org/Synapse:syn52359656				syn52359656	syn51365306				
EAS	TARS1	TARS1_P26639_OID31343_v1_Oncology_II.tar	https://www.synapse.org/Synapse:syn52360330				syn52360330	syn51365306				
EAS	TAX1BP1	TAX1BP1_Q86VP1_OID31075_v1_Neurology_II.tar	https://www.synapse.org/Synapse:syn52360919				syn52360919	syn51365306				
EAS	TBC1D17	TBC1D17_Q9HA65_OID20844_v1_Neurology.tar	https://www.synapse.org/Synapse:syn51533619				syn51533619	syn51365306				
EAS	TBC1D23	TBC1D23_Q9NUY8_OID21286_v1_Oncology.tar	https://www.synapse.org/Synapse:syn51526863				syn51526863	syn51365306				
EAS	TBC1D5	TBC1D5_Q92609_OID20521_v1_Inflammation.tar	https://www.synapse.org/Synapse:syn51529757				syn51529757	syn51365306				
EAS	TBCA	TBCA_O75347_OID30616_v1_Inflammation_II.tar	https://www.synapse.org/Synapse:syn52360455				syn52360455	syn51365306				
EAS	TBCB	TBCB_Q99426_OID20993_v1_Neurology.tar	https://www.synapse.org/Synapse:syn51533327				syn51533327	syn51365306				
EAS	TBCC	TBCC_Q15814_OID20942_v1_Neurology.tar	https://www.synapse.org/Synapse:syn51527005				syn51527005	syn51365306				
EAS	TBL1X	TBL1X_O60907_OID21220_v1_Oncology.tar	https://www.synapse.org/Synapse:syn51533669				syn51533669	syn51365306				
EAS	TBR1	TBR1_Q16650_OID30923_v1_Neurology_II.tar	https://www.synapse.org/Synapse:syn52359855				syn52359855	syn51365306				
EAS	TCL1A	TCL1A_P56279_OID20987_v1_Neurology.tar	https://www.synapse.org/Synapse:syn51526713				syn51526713	syn51365306				
EAS	TCL1B	TCL1B_O95988_OID20058_v1_Cardiometabolic.tar	https://www.synapse.org/Synapse:syn51526836				syn51526836	syn51365306				
EAS	TCN1	TCN1_P20061_OID30687_v1_Inflammation_II.tar	https://www.synapse.org/Synapse:syn52360069				syn52360069	syn51365306				
EAS	TCN2	TCN2_P20062_OID20341_v1_Cardiometabolic.tar	https://www.synapse.org/Synapse:syn51533040				syn51533040	syn51365306				
EAS	TCOF1	TCOF1_Q13428_OID30316_v1_Cardiometabolic_II.tar	https://www.synapse.org/Synapse:syn52360608				syn52360608	syn51365306				
EAS	TCP11	TCP11_Q8WWU5_OID31267_v1_Oncology_II.tar	https://www.synapse.org/Synapse:syn52361034				syn52361034	syn51365306				
EAS	TCTN3	TCTN3_Q6NUS6_OID30326_v1_Cardiometabolic_II.tar	https://www.synapse.org/Synapse:syn52360821				syn52360821	syn51365306				
EAS	TDGF1	TDGF1_P13385_OID20816_v1_Neurology.tar	https://www.synapse.org/Synapse:syn51533035				syn51533035	syn51365306				
EAS	TDO2	TDO2_P48775_OID30910_v1_Neurology_II.tar	https://www.synapse.org/Synapse:syn52359885				syn52359885	syn51365306				
EAS	TDP1	TDP1_Q9NUW8_OID31403_v1_Oncology_II.tar	https://www.synapse.org/Synapse:syn52359711				syn52359711	syn51365306				
EAS	TDRKH	TDRKH_Q9Y2W6_OID20875_v1_Neurology.tar	https://www.synapse.org/Synapse:syn51527034				syn51527034	syn51365306				
EAS	TEF	TEF_Q10587_OID30103_v1_Cardiometabolic_II.tar	https://www.synapse.org/Synapse:syn52361150				syn52361150	syn51365306				
EAS	TEK	TEK_Q02763_OID21496_v1_Oncology.tar	https://www.synapse.org/Synapse:syn51533078				syn51533078	syn51365306				
EAS	TERF1	TERF1_P54274_OID30480_v1_Inflammation_II.tar	https://www.synapse.org/Synapse:syn52361093				syn52361093	syn51365306				
EAS	TET2	TET2_Q6N021_OID31266_v1_Oncology_II.tar	https://www.synapse.org/Synapse:syn52360950				syn52360950	syn51365306				
EAS	TEX101	TEX101_Q9BY14_OID30971_v1_Neurology_II.tar	https://www.synapse.org/Synapse:syn52360711				syn52360711	syn51365306				
EAS	TEX33	TEX33_O43247_OID31280_v1_Oncology_II.tar	https://www.synapse.org/Synapse:syn52360526				syn52360526	syn51365306				
EAS	TFAP2A	TFAP2A_P05549_OID30848_v1_Neurology_II.tar	https://www.synapse.org/Synapse:syn52360141				syn52360141	syn51365306				
EAS	TFF1	TFF1_P04155_OID21154_v1_Neurology.tar	https://www.synapse.org/Synapse:syn51533184				syn51533184	syn51365306				
EAS	TFF2	TFF2_Q03403_OID20787_v1_Inflammation.tar	https://www.synapse.org/Synapse:syn51533692				syn51533692	syn51365306				
EAS	TFF3	TFF3_Q07654_OID20371_v1_Cardiometabolic.tar	https://www.synapse.org/Synapse:syn51527170				syn51527170	syn51365306				
EAS	TFPI2	TFPI2_P48307_OID21512_v1_Oncology.tar	https://www.synapse.org/Synapse:syn51527177				syn51527177	syn51365306				
EAS	TFPI	TFPI_P10646_OID20388_v1_Cardiometabolic.tar	https://www.synapse.org/Synapse:syn51533354				syn51533354	syn51365306				
EAS	TFRC	TFRC_P02786_OID20369_v1_Cardiometabolic.tar	https://www.synapse.org/Synapse:syn51526564				syn51526564	syn51365306				
EAS	TF	TF_P02787_OID30783_v1_Inflammation_II.tar	https://www.synapse.org/Synapse:syn52360871				syn52360871	syn51365306				
EAS	TGFA	TGFA_P01135_OID20600_v1_Inflammation.tar	https://www.synapse.org/Synapse:syn51527306				syn51527306	syn51365306				
EAS	TGFB1	TGFB1_P01137_OID20621_v1_Inflammation.tar	https://www.synapse.org/Synapse:syn51533571				syn51533571	syn51365306				
EAS	TGFB2	TGFB2_P61812_OID31417_v1_Oncology_II.tar	https://www.synapse.org/Synapse:syn52359997				syn52359997	syn51365306				
EAS	TGFBI	TGFBI_Q15582_OID20417_v1_Cardiometabolic.tar	https://www.synapse.org/Synapse:syn51526635				syn51526635	syn51365306				
EAS	TGFBR1	TGFBR1_P36897_OID30502_v1_Inflammation_II.tar	https://www.synapse.org/Synapse:syn52361174				syn52361174	syn51365306				
EAS	TGFBR2	TGFBR2_P37173_OID21493_v1_Oncology.tar	https://www.synapse.org/Synapse:syn51527931				syn51527931	syn51365306				
EAS	TGFBR3	TGFBR3_Q03167_OID20255_v1_Cardiometabolic.tar	https://www.synapse.org/Synapse:syn51533096				syn51533096	syn51365306				
EAS	TGM2	TGM2_P21980_OID20141_v1_Cardiometabolic.tar	https://www.synapse.org/Synapse:syn51526975				syn51526975	syn51365306				
EAS	TGOLN2	TGOLN2_O43493_OID30691_v1_Inflammation_II.tar	https://www.synapse.org/Synapse:syn52360800				syn52360800	syn51365306				
EAS	TG	TG_P01266_OID31359_v1_Oncology_II.tar	https://www.synapse.org/Synapse:syn52359559				syn52359559	syn51365306				
EAS	THAP12	THAP12_O43422_OID31238_v1_Oncology_II.tar	https://www.synapse.org/Synapse:syn52361105				syn52361105	syn51365306				
EAS	THBD	THBD_P07204_OID20231_v1_Cardiometabolic.tar	https://www.synapse.org/Synapse:syn51532379				syn51532379	syn51365306				
EAS	THBS2	THBS2_P35442_OID21104_v1_Neurology.tar	https://www.synapse.org/Synapse:syn51526563				syn51526563	syn51365306				
EAS	THBS4	THBS4_P35443_OID20368_v1_Cardiometabolic.tar	https://www.synapse.org/Synapse:syn51533063				syn51533063	syn51365306				
EAS	THOP1	THOP1_P52888_OID20194_v1_Cardiometabolic.tar	https://www.synapse.org/Synapse:syn51527313				syn51527313	syn51365306				
EAS	THPO	THPO_P40225_OID20098_v1_Cardiometabolic.tar	https://www.synapse.org/Synapse:syn51526607				syn51526607	syn51365306				
EAS	THRAP3	THRAP3_Q9Y2W1_OID30053_v1_Cardiometabolic_II.tar	https://www.synapse.org/Synapse:syn52360708				syn52360708	syn51365306				
EAS	THSD1	THSD1_Q9NS62_OID30476_v1_Inflammation_II.tar	https://www.synapse.org/Synapse:syn52360991				syn52360991	syn51365306				
EAS	THTPA	THTPA_Q9BU02_OID31375_v1_Oncology_II.tar	https://www.synapse.org/Synapse:syn52360348				syn52360348	syn51365306				
EAS	THY1	THY1_P04216_OID21050_v1_Neurology.tar	https://www.synapse.org/Synapse:syn51533380				syn51533380	syn51365306				
EAS	TIA1	TIA1_P31483_OID20068_v1_Cardiometabolic.tar	https://www.synapse.org/Synapse:syn51533093				syn51533093	syn51365306				
EAS	TIE1	TIE1_P35590_OID20303_v1_Cardiometabolic.tar	https://www.synapse.org/Synapse:syn51527122				syn51527122	syn51365306				
EAS	TIGAR	TIGAR_Q9NQ88_OID20894_v1_Neurology.tar	https://www.synapse.org/Synapse:syn51526815				syn51526815	syn51365306				
EAS	TIGIT	TIGIT_Q495A1_OID31320_v1_Oncology_II.tar	https://www.synapse.org/Synapse:syn52360644				syn52360644	syn51365306				
EAS	TIMD4	TIMD4_Q96H15_OID20375_v1_Cardiometabolic.tar	https://www.synapse.org/Synapse:syn51533279				syn51533279	syn51365306				
EAS	TIMM10	TIMM10_P62072_OID30358_v1_Cardiometabolic_II.tar	https://www.synapse.org/Synapse:syn52360646				syn52360646	syn51365306				
EAS	TIMM8A	TIMM8A_O60220_OID31143_v1_Neurology_II.tar	https://www.synapse.org/Synapse:syn52359729				syn52359729	syn51365306				
EAS	TIMP1	TIMP1_P01033_OID20418_v1_Cardiometabolic.tar	https://www.synapse.org/Synapse:syn51527049				syn51527049	syn51365306				
EAS	TIMP2	TIMP2_P16035_OID30318_v1_Cardiometabolic_II.tar	https://www.synapse.org/Synapse:syn52360237				syn52360237	syn51365306				
EAS	TIMP3	TIMP3_P35625_OID20684_v1_Inflammation.tar	https://www.synapse.org/Synapse:syn51533217				syn51533217	syn51365306				
EAS	TIMP4	TIMP4_Q99727_OID21147_v1_Neurology.tar	https://www.synapse.org/Synapse:syn51533317				syn51533317	syn51365306				
EAS	TINAGL1	TINAGL1_Q9GZM7_OID20180_v1_Cardiometabolic.tar	https://www.synapse.org/Synapse:syn51526917				syn51526917	syn51365306				
EAS	TJAP1	TJAP1_Q5JTD0_OID21477_v1_Oncology.tar	https://www.synapse.org/Synapse:syn51528520				syn51528520	syn51365306				
EAS	TJP3	TJP3_O95049_OID30798_v1_Neurology_II.tar	https://www.synapse.org/Synapse:syn52360742				syn52360742	syn51365306				
EAS	TK1	TK1_P04183_OID31294_v1_Oncology_II.tar	https://www.synapse.org/Synapse:syn52359838				syn52359838	syn51365306				
EAS	TLR1	TLR1_Q15399_OID30532_v1_Inflammation_II.tar	https://www.synapse.org/Synapse:syn52359949				syn52359949	syn51365306				
EAS	TLR2	TLR2_O60603_OID31290_v1_Oncology_II.tar	https://www.synapse.org/Synapse:syn52360996				syn52360996	syn51365306				
EAS	TLR3	TLR3_O15455_OID20612_v1_Inflammation.tar	https://www.synapse.org/Synapse:syn51527016				syn51527016	syn51365306				
EAS	TLR4	TLR4_O00206_OID30428_v1_Inflammation_II.tar	https://www.synapse.org/Synapse:syn52360558				syn52360558	syn51365306				
EAS	TMCO5A	TMCO5A_Q8N6Q1_OID30940_v1_Neurology_II.tar	https://www.synapse.org/Synapse:syn52359942				syn52359942	syn51365306				
EAS	TMED10	TMED10_P49755_OID30068_v1_Cardiometabolic_II.tar	https://www.synapse.org/Synapse:syn52360169				syn52360169	syn51365306				
EAS	TMED1	TMED1_Q13445_OID31278_v1_Oncology_II.tar	https://www.synapse.org/Synapse:syn52359905				syn52359905	syn51365306				
EAS	TMED4	TMED4_Q7Z7H5_OID30154_v1_Cardiometabolic_II.tar	https://www.synapse.org/Synapse:syn52361142				syn52361142	syn51365306				
EAS	TMED8	TMED8_Q6PL24_OID31462_v1_Oncology_II.tar	https://www.synapse.org/Synapse:syn52359558				syn52359558	syn51365306				
EAS	TMEM106A	TMEM106A_Q96A25_OID31411_v1_Oncology_II.tar	https://www.synapse.org/Synapse:syn52361128				syn52361128	syn51365306				
EAS	TMEM132A	TMEM132A_Q24JP5_OID30287_v1_Cardiometabolic_II.tar	https://www.synapse.org/Synapse:syn52360902				syn52360902	syn51365306				
EAS	TMEM25	TMEM25_Q86YD3_OID31015_v1_Neurology_II.tar	https://www.synapse.org/Synapse:syn52361059				syn52361059	syn51365306				
EAS	TMOD4	TMOD4_Q9NZQ9_OID31246_v1_Oncology_II.tar	https://www.synapse.org/Synapse:syn52360365				syn52360365	syn51365306				
EAS	TMPRSS11B	TMPRSS11B_Q86T26_OID30852_v1_Neurology_II.tar	https://www.synapse.org/Synapse:syn52361067				syn52361067	syn51365306				
EAS	TMPRSS11D	TMPRSS11D_O60235_OID31103_v1_Neurology_II.tar	https://www.synapse.org/Synapse:syn52360403				syn52360403	syn51365306				
EAS	TMPRSS15	TMPRSS15_P98073_OID21364_v1_Oncology.tar	https://www.synapse.org/Synapse:syn51527127				syn51527127	syn51365306				
EAS	TMPRSS5	TMPRSS5_Q9H3S3_OID20947_v1_Neurology.tar	https://www.synapse.org/Synapse:syn51533460				syn51533460	syn51365306				
EAS	TMSB10	TMSB10_P63313_OID21118_v1_Neurology.tar	https://www.synapse.org/Synapse:syn51526670				syn51526670	syn51365306				
EAS	TNC	TNC_P24821_OID20359_v1_Cardiometabolic.tar	https://www.synapse.org/Synapse:syn51533197				syn51533197	syn51365306				
EAS	TNFAIP2	TNFAIP2_Q03169_OID31446_v1_Oncology_II.tar	https://www.synapse.org/Synapse:syn52359909				syn52359909	syn51365306				
EAS	TNFAIP8L2	TNFAIP8L2_Q6P589_OID30629_v1_Inflammation_II.tar	https://www.synapse.org/Synapse:syn52360959				syn52360959	syn51365306				
EAS	TNFAIP8	TNFAIP8_O95379_OID20433_v1_Inflammation.tar	https://www.synapse.org/Synapse:syn51531436				syn51531436	syn51365306				
EAS	TNFRSF10A	TNFRSF10A_O00220_OID20967_v1_Neurology.tar	https://www.synapse.org/Synapse:syn51526624				syn51526624	syn51365306				
EAS	TNFRSF10B	TNFRSF10B_O14763_OID20981_v1_Neurology.tar	https://www.synapse.org/Synapse:syn51526723				syn51526723	syn51365306				
EAS	TNFRSF10C	TNFRSF10C_O14798_OID20265_v1_Cardiometabolic.tar	https://www.synapse.org/Synapse:syn51533373				syn51533373	syn51365306				
EAS	TNFRSF11A	TNFRSF11A_Q9Y6Q6_OID20646_v1_Inflammation.tar	https://www.synapse.org/Synapse:syn51533705				syn51533705	syn51365306				
EAS	TNFRSF11B	TNFRSF11B_O00300_OID20735_v1_Inflammation.tar	https://www.synapse.org/Synapse:syn51526790				syn51526790	syn51365306				
EAS	TNFRSF12A	TNFRSF12A_Q9NP84_OID21482_v1_Oncology.tar	https://www.synapse.org/Synapse:syn51533039				syn51533039	syn51365306				
EAS	TNFRSF13B	TNFRSF13B_O14836_OID20702_v1_Inflammation.tar	https://www.synapse.org/Synapse:syn51533663				syn51533663	syn51365306				
EAS	TNFRSF13C	TNFRSF13C_Q96RJ3_OID20480_v1_Inflammation.tar	https://www.synapse.org/Synapse:syn51526798				syn51526798	syn51365306				
EAS	TNFRSF14	TNFRSF14_Q92956_OID20783_v1_Inflammation.tar	https://www.synapse.org/Synapse:syn51533282				syn51533282	syn51365306				
EAS	TNFRSF17	TNFRSF17_Q02223_OID30589_v1_Inflammation_II.tar	https://www.synapse.org/Synapse:syn52360314				syn52360314	syn51365306				
EAS	TNFRSF19	TNFRSF19_Q9NS68_OID21446_v1_Oncology.tar	https://www.synapse.org/Synapse:syn51526638				syn51526638	syn51365306				
EAS	TNFRSF1A	TNFRSF1A_P19438_OID21155_v1_Neurology.tar	https://www.synapse.org/Synapse:syn51526631				syn51526631	syn51365306				
EAS	TNFRSF1B	TNFRSF1B_P20333_OID21145_v1_Neurology.tar	https://www.synapse.org/Synapse:syn51526944				syn51526944	syn51365306				
EAS	TNFRSF21	TNFRSF21_O75509_OID21052_v1_Neurology.tar	https://www.synapse.org/Synapse:syn51533606				syn51533606	syn51365306				
EAS	TNFRSF4	TNFRSF4_P43489_OID20653_v1_Inflammation.tar	https://www.synapse.org/Synapse:syn51533384				syn51533384	syn51365306				
EAS	TNFRSF6B	TNFRSF6B_O95407_OID20964_v1_Neurology.tar	https://www.synapse.org/Synapse:syn51527048				syn51527048	syn51365306				
EAS	TNFRSF8	TNFRSF8_P28908_OID21049_v1_Neurology.tar	https://www.synapse.org/Synapse:syn51526794				syn51526794	syn51365306				
EAS	TNFRSF9	TNFRSF9_Q07011_OID20985_v1_Neurology.tar	https://www.synapse.org/Synapse:syn51533349				syn51533349	syn51365306				
EAS	TNFSF10	TNFSF10_P50591_OID20611_v1_Inflammation.tar	https://www.synapse.org/Synapse:syn51533275				syn51533275	syn51365306				
EAS	TNFSF11	TNFSF11_O14788_OID20592_v1_Inflammation.tar	https://www.synapse.org/Synapse:syn51527268				syn51527268	syn51365306				
EAS	TNFSF12	TNFSF12_O43508_OID20624_v1_Inflammation.tar	https://www.synapse.org/Synapse:syn51527144				syn51527144	syn51365306				
EAS	TNFSF13B	TNFSF13B_Q9Y275_OID20272_v1_Cardiometabolic.tar	https://www.synapse.org/Synapse:syn51526907				syn51526907	syn51365306				
EAS	TNFSF13	TNFSF13_O75888_OID20733_v1_Inflammation.tar	https://www.synapse.org/Synapse:syn51533044				syn51533044	syn51365306				
EAS	TNFSF14	TNFSF14_O43557_OID20953_v1_Neurology.tar	https://www.synapse.org/Synapse:syn51527169				syn51527169	syn51365306				
EAS	TNFSF8	TNFSF8_P32971_OID30384_v1_Cardiometabolic_II.tar	https://www.synapse.org/Synapse:syn52360447				syn52360447	syn51365306				
EAS	TNF	TNF_P01375_OID20074_v1_Cardiometabolic.tar	https://www.synapse.org/Synapse:syn51526845				syn51526845	syn51365306				
EAS	TNF	TNF_P01375_OID20473_v1_Inflammation.tar	https://www.synapse.org/Synapse:syn51527194				syn51527194	syn51365306				
EAS	TNF	TNF_P01375_OID20848_v1_Neurology.tar	https://www.synapse.org/Synapse:syn51526960				syn51526960	syn51365306				
EAS	TNF	TNF_P01375_OID21237_v1_Oncology.tar	https://www.synapse.org/Synapse:syn51533221				syn51533221	syn51365306				
EAS	TNIP1	TNIP1_Q15025_OID31120_v1_Neurology_II.tar	https://www.synapse.org/Synapse:syn52360263				syn52360263	syn51365306				
EAS	TNNI3	TNNI3_P19429_OID20050_v1_Cardiometabolic.tar	https://www.synapse.org/Synapse:syn51527277				syn51527277	syn51365306				
EAS	TNN	TNN_Q9UQP3_OID30412_v1_Cardiometabolic_II.tar	https://www.synapse.org/Synapse:syn52361148				syn52361148	syn51365306				
EAS	TNPO1	TNPO1_Q92973_OID31330_v1_Oncology_II.tar	https://www.synapse.org/Synapse:syn52360158				syn52360158	syn51365306				
EAS	TNR	TNR_Q92752_OID20957_v1_Neurology.tar	https://www.synapse.org/Synapse:syn51526693				syn51526693	syn51365306				
EAS	TNXB	TNXB_P22105_OID21107_v1_Neurology.tar	https://www.synapse.org/Synapse:syn51533329				syn51533329	syn51365306				
EAS	TOMM20	TOMM20_Q15388_OID30353_v1_Cardiometabolic_II.tar	https://www.synapse.org/Synapse:syn52360372				syn52360372	syn51365306				
EAS	TOP1MT	TOP1MT_Q969P6_OID31233_v1_Oncology_II.tar	https://www.synapse.org/Synapse:syn52359889				syn52359889	syn51365306				
EAS	TOP1	TOP1_P11387_OID31449_v1_Oncology_II.tar	https://www.synapse.org/Synapse:syn52361035				syn52361035	syn51365306				
EAS	TOP2B	TOP2B_Q02880_OID30559_v1_Inflammation_II.tar	https://www.synapse.org/Synapse:syn52360511				syn52360511	syn51365306				
EAS	TOR1AIP1	TOR1AIP1_Q5JTV8_OID30195_v1_Cardiometabolic_II.tar	https://www.synapse.org/Synapse:syn52360530				syn52360530	syn51365306				
EAS	TP53BP1	TP53BP1_Q12888_OID30470_v1_Inflammation_II.tar	https://www.synapse.org/Synapse:syn52360588				syn52360588	syn51365306				
EAS	TP53I3	TP53I3_Q53FA7_OID30632_v1_Inflammation_II.tar	https://www.synapse.org/Synapse:syn52359773				syn52359773	syn51365306				
EAS	TP53INP1	TP53INP1_Q96A56_OID20120_v1_Cardiometabolic.tar	https://www.synapse.org/Synapse:syn51533163				syn51533163	syn51365306				
EAS	TP53	TP53_P04637_OID21232_v1_Oncology.tar	https://www.synapse.org/Synapse:syn51533620				syn51533620	syn51365306				
EAS	TP73	TP73_O15350_OID30879_v1_Neurology_II.tar	https://www.synapse.org/Synapse:syn52360622				syn52360622	syn51365306				
EAS	TPBGL	TPBGL_P0DKB5_OID30928_v1_Neurology_II.tar	https://www.synapse.org/Synapse:syn52360343				syn52360343	syn51365306				
EAS	TPD52L2	TPD52L2_O43399_OID30609_v1_Inflammation_II.tar	https://www.synapse.org/Synapse:syn52359990				syn52359990	syn51365306				
EAS	TPK1	TPK1_Q9H3S4_OID30338_v1_Cardiometabolic_II.tar	https://www.synapse.org/Synapse:syn52359904				syn52359904	syn51365306				
EAS	TPM3	TPM3_P06753_OID30058_v1_Cardiometabolic_II.tar	https://www.synapse.org/Synapse:syn52360466				syn52360466	syn51365306				
EAS	TPMT	TPMT_P51580_OID21270_v1_Oncology.tar	https://www.synapse.org/Synapse:syn51529249				syn51529249	syn51365306				
EAS	TPP1	TPP1_O14773_OID20750_v1_Inflammation.tar	https://www.synapse.org/Synapse:syn51526816				syn51526816	syn51365306				
EAS	TPPP2	TPPP2_P59282_OID31274_v1_Oncology_II.tar	https://www.synapse.org/Synapse:syn52359967				syn52359967	syn51365306				
EAS	TPPP3	TPPP3_Q9BW30_OID20842_v1_Neurology.tar	https://www.synapse.org/Synapse:syn51526906				syn51526906	syn51365306				
EAS	TPRKB	TPRKB_Q9Y3C4_OID31234_v1_Oncology_II.tar	https://www.synapse.org/Synapse:syn52360164				syn52360164	syn51365306				
EAS	TPR	TPR_P12270_OID30143_v1_Cardiometabolic_II.tar	https://www.synapse.org/Synapse:syn52360435				syn52360435	syn51365306				
EAS	TPSAB1	TPSAB1_Q15661_OID20642_v1_Inflammation.tar	https://www.synapse.org/Synapse:syn51527214				syn51527214	syn51365306				
EAS	TPSD1	TPSD1_Q9BZJ3_OID30982_v1_Neurology_II.tar	https://www.synapse.org/Synapse:syn52360533				syn52360533	syn51365306				
EAS	TPSG1	TPSG1_Q9NRR2_OID30424_v1_Inflammation_II.tar	https://www.synapse.org/Synapse:syn52360508				syn52360508	syn51365306				
EAS	TPT1	TPT1_P13693_OID20476_v1_Inflammation.tar	https://www.synapse.org/Synapse:syn51527095				syn51527095	syn51365306				
EAS	TRAF2	TRAF2_Q12933_OID20507_v1_Inflammation.tar	https://www.synapse.org/Synapse:syn51533121				syn51533121	syn51365306				
EAS	TRAF3IP2	TRAF3IP2_O43734_OID30054_v1_Cardiometabolic_II.tar	https://www.synapse.org/Synapse:syn52359740				syn52359740	syn51365306				
EAS	TRAF3	TRAF3_Q13114-2_OID30479_v1_Inflammation_II.tar	https://www.synapse.org/Synapse:syn52360605				syn52360605	syn51365306				
EAS	TRDMT1	TRDMT1_O14717_OID31335_v1_Oncology_II.tar	https://www.synapse.org/Synapse:syn52359779				syn52359779	syn51365306				
EAS	TREH	TREH_O43280_OID30388_v1_Cardiometabolic_II.tar	https://www.synapse.org/Synapse:syn52360818				syn52360818	syn51365306				
EAS	TREM2	TREM2_Q9NZC2_OID20731_v1_Inflammation.tar	https://www.synapse.org/Synapse:syn51526735				syn51526735	syn51365306				
EAS	TREML1	TREML1_Q86YW5_OID30682_v1_Inflammation_II.tar	https://www.synapse.org/Synapse:syn52361027				syn52361027	syn51365306				
EAS	TREML2	TREML2_Q5T2D2_OID21120_v1_Neurology.tar	https://www.synapse.org/Synapse:syn51533152				syn51533152	syn51365306				
EAS	TRIAP1	TRIAP1_O43715_OID21403_v1_Oncology.tar	https://www.synapse.org/Synapse:syn51527187				syn51527187	syn51365306				
EAS	TRIM21	TRIM21_P19474_OID20533_v1_Inflammation.tar	https://www.synapse.org/Synapse:syn51533140				syn51533140	syn51365306				
EAS	TRIM24	TRIM24_O15164_OID31271_v1_Oncology_II.tar	https://www.synapse.org/Synapse:syn52361165				syn52361165	syn51365306				
EAS	TRIM25	TRIM25_Q14258_OID31482_v1_Oncology_II.tar	https://www.synapse.org/Synapse:syn52360527				syn52360527	syn51365306				
EAS	TRIM26	TRIM26_Q12899_OID31207_v1_Oncology_II.tar	https://www.synapse.org/Synapse:syn52361120				syn52361120	syn51365306				
EAS	TRIM40	TRIM40_Q6P9F5_OID30885_v1_Neurology_II.tar	https://www.synapse.org/Synapse:syn52359614				syn52359614	syn51365306				
EAS	TRIM58	TRIM58_Q8NG06_OID31429_v1_Oncology_II.tar	https://www.synapse.org/Synapse:syn52361123				syn52361123	syn51365306				
EAS	TRIM5	TRIM5_Q9C035_OID20526_v1_Inflammation.tar	https://www.synapse.org/Synapse:syn51526579				syn51526579	syn51365306				
EAS	TRPV3	TRPV3_Q8NET8_OID30128_v1_Cardiometabolic_II.tar	https://www.synapse.org/Synapse:syn52360827				syn52360827	syn51365306				
EAS	TSC1	TSC1_Q92574_OID30478_v1_Inflammation_II.tar	https://www.synapse.org/Synapse:syn52359690				syn52359690	syn51365306				
EAS	TSC22D1	TSC22D1_Q15714_OID31016_v1_Neurology_II.tar	https://www.synapse.org/Synapse:syn52360623				syn52360623	syn51365306				
EAS	TSHB	TSHB_P01222_OID20129_v1_Cardiometabolic.tar	https://www.synapse.org/Synapse:syn51533117				syn51533117	syn51365306				
EAS	TSLP	TSLP_Q969D9_OID20056_v1_Cardiometabolic.tar	https://www.synapse.org/Synapse:syn51526988				syn51526988	syn51365306				
EAS	TSNAX	TSNAX_Q99598_OID30185_v1_Cardiometabolic_II.tar	https://www.synapse.org/Synapse:syn52359756				syn52359756	syn51365306				
EAS	TSPAN15	TSPAN15_O95858_OID30095_v1_Cardiometabolic_II.tar	https://www.synapse.org/Synapse:syn52361055				syn52361055	syn51365306				
EAS	TSPAN1	TSPAN1_O60635_OID20078_v1_Cardiometabolic.tar	https://www.synapse.org/Synapse:syn51533559				syn51533559	syn51365306				
EAS	TSPAN7	TSPAN7_P41732_OID30810_v1_Neurology_II.tar	https://www.synapse.org/Synapse:syn52359832				syn52359832	syn51365306				
EAS	TSPAN8	TSPAN8_P19075_OID31470_v1_Oncology_II.tar	https://www.synapse.org/Synapse:syn52360690				syn52360690	syn51365306				
EAS	TSPYL1	TSPYL1_Q9H0U9_OID30512_v1_Inflammation_II.tar	https://www.synapse.org/Synapse:syn52359922				syn52359922	syn51365306				
EAS	TST	TST_Q16762_OID20868_v1_Neurology.tar	https://www.synapse.org/Synapse:syn51533378				syn51533378	syn51365306				
EAS	TTF2	TTF2_Q9UNY4_OID30942_v1_Neurology_II.tar	https://www.synapse.org/Synapse:syn52360682				syn52360682	syn51365306				
EAS	TTN	TTN_Q8WZ42_OID30108_v1_Cardiometabolic_II.tar	https://www.synapse.org/Synapse:syn52360427				syn52360427	syn51365306				
EAS	TTR	TTR_P02766_OID30782_v1_Inflammation_II.tar	https://www.synapse.org/Synapse:syn52361099				syn52361099	syn51365306				
EAS	TUBB3	TUBB3_Q13509_OID30799_v1_Neurology_II.tar	https://www.synapse.org/Synapse:syn52360994				syn52360994	syn51365306				
EAS	TWF2	TWF2_Q6IBS0_OID30386_v1_Cardiometabolic_II.tar	https://www.synapse.org/Synapse:syn52360120				syn52360120	syn51365306				
EAS	TXK	TXK_P42681_OID31262_v1_Oncology_II.tar	https://www.synapse.org/Synapse:syn52360663				syn52360663	syn51365306				
EAS	TXLNA	TXLNA_P40222_OID20952_v1_Neurology.tar	https://www.synapse.org/Synapse:syn51526701				syn51526701	syn51365306				
EAS	TXNDC15	TXNDC15_Q96J42_OID21495_v1_Oncology.tar	https://www.synapse.org/Synapse:syn51526696				syn51526696	syn51365306				
EAS	TXNDC5	TXNDC5_Q8NBS9_OID21012_v1_Neurology.tar	https://www.synapse.org/Synapse:syn51533268				syn51533268	syn51365306				
EAS	TXNDC9	TXNDC9_O14530_OID31121_v1_Neurology_II.tar	https://www.synapse.org/Synapse:syn52359651				syn52359651	syn51365306				
EAS	TXNL1	TXNL1_O43396_OID30872_v1_Neurology_II.tar	https://www.synapse.org/Synapse:syn52361127				syn52361127	syn51365306				
EAS	TXNRD1	TXNRD1_Q16881_OID21135_v1_Neurology.tar	https://www.synapse.org/Synapse:syn51526769				syn51526769	syn51365306				
EAS	TXN	TXN_P10599_OID30670_v1_Inflammation_II.tar	https://www.synapse.org/Synapse:syn52360559				syn52360559	syn51365306				
EAS	TYMP	TYMP_P19971_OID20234_v1_Cardiometabolic.tar	https://www.synapse.org/Synapse:syn51526627				syn51526627	syn51365306				
EAS	TYRO3	TYRO3_Q06418_OID20161_v1_Cardiometabolic.tar	https://www.synapse.org/Synapse:syn51533539				syn51533539	syn51365306				
EAS	TYRP1	TYRP1_P17643_OID30517_v1_Inflammation_II.tar	https://www.synapse.org/Synapse:syn52359681				syn52359681	syn51365306				
EAS	UBAC1	UBAC1_Q9BSL1_OID21336_v1_Oncology.tar	https://www.synapse.org/Synapse:syn51526813				syn51526813	syn51365306				
EAS	UBE2B	UBE2B_P63146_OID31368_v1_Oncology_II.tar	https://www.synapse.org/Synapse:syn52361202				syn52361202	syn51365306				
EAS	UBE2L6	UBE2L6_O14933_OID30321_v1_Cardiometabolic_II.tar	https://www.synapse.org/Synapse:syn52359787				syn52359787	syn51365306				
EAS	UBE2Z	UBE2Z_Q9H832_OID30427_v1_Inflammation_II.tar	https://www.synapse.org/Synapse:syn52360003				syn52360003	syn51365306				
EAS	UBQLN3	UBQLN3_Q9H347_OID30096_v1_Cardiometabolic_II.tar	https://www.synapse.org/Synapse:syn52359577				syn52359577	syn51365306				
EAS	UBXN1	UBXN1_Q04323_OID30654_v1_Inflammation_II.tar	https://www.synapse.org/Synapse:syn52361007				syn52361007	syn51365306				
EAS	UFD1	UFD1_Q92890_OID31486_v1_Oncology_II.tar	https://www.synapse.org/Synapse:syn52359820				syn52359820	syn51365306				
EAS	UGDH	UGDH_O60701_OID30081_v1_Cardiometabolic_II.tar	https://www.synapse.org/Synapse:syn52359613				syn52359613	syn51365306				
EAS	UHRF2	UHRF2_Q96PU4_OID30171_v1_Cardiometabolic_II.tar	https://www.synapse.org/Synapse:syn52360472				syn52360472	syn51365306				
EAS	ULBP2	ULBP2_Q9BZM5_OID20919_v1_Neurology.tar	https://www.synapse.org/Synapse:syn51527256				syn51527256	syn51365306				
EAS	UMOD	UMOD_P07911_OID20237_v1_Cardiometabolic.tar	https://www.synapse.org/Synapse:syn51526839				syn51526839	syn51365306				
EAS	UNC5D	UNC5D_Q6UXZ4_OID30447_v1_Inflammation_II.tar	https://www.synapse.org/Synapse:syn52360106				syn52360106	syn51365306				
EAS	UNC79	UNC79_Q9P2D8_OID31181_v1_Oncology_II.tar	https://www.synapse.org/Synapse:syn52360458				syn52360458	syn51365306				
EAS	UNG	UNG_P13051_OID31419_v1_Oncology_II.tar	https://www.synapse.org/Synapse:syn52359603				syn52359603	syn51365306				
EAS	UPB1	UPB1_Q9UBR1_OID30352_v1_Cardiometabolic_II.tar	https://www.synapse.org/Synapse:syn52360240				syn52360240	syn51365306				
EAS	UPK3A	UPK3A_O75631_OID30794_v1_Neurology_II.tar	https://www.synapse.org/Synapse:syn52359608				syn52359608	syn51365306				
EAS	UPK3BL1	UPK3BL1_B0FP48_OID31281_v1_Oncology_II.tar	https://www.synapse.org/Synapse:syn52360349				syn52360349	syn51365306				
EAS	UROD	UROD_P06132_OID30603_v1_Inflammation_II.tar	https://www.synapse.org/Synapse:syn52359605				syn52359605	syn51365306				
EAS	UROS	UROS_P10746_OID30964_v1_Neurology_II.tar	https://www.synapse.org/Synapse:syn52361115				syn52361115	syn51365306				
EAS	USO1	USO1_O60763_OID21367_v1_Oncology.tar	https://www.synapse.org/Synapse:syn51527207				syn51527207	syn51365306				
EAS	USP25	USP25_Q9UHP3_OID31428_v1_Oncology_II.tar	https://www.synapse.org/Synapse:syn52359861				syn52359861	syn51365306				
EAS	USP28	USP28_Q96RU2_OID31084_v1_Neurology_II.tar	https://www.synapse.org/Synapse:syn52360468				syn52360468	syn51365306				
EAS	USP47	USP47_Q96K76_OID30119_v1_Cardiometabolic_II.tar	https://www.synapse.org/Synapse:syn52360609				syn52360609	syn51365306				
EAS	USP8	USP8_P40818_OID20110_v1_Cardiometabolic.tar	https://www.synapse.org/Synapse:syn51527116				syn51527116	syn51365306				
EAS	UXS1	UXS1_Q8NBZ7_OID21189_v1_Oncology.tar	https://www.synapse.org/Synapse:syn51533123				syn51533123	syn51365306				
EAS	VAMP5	VAMP5_O95183_OID20071_v1_Cardiometabolic.tar	https://www.synapse.org/Synapse:syn51533514				syn51533514	syn51365306				
EAS	VAMP8	VAMP8_Q9BV40_OID30555_v1_Inflammation_II.tar	https://www.synapse.org/Synapse:syn52360162				syn52360162	syn51365306				
EAS	VASH1	VASH1_Q7L8A9_OID20516_v1_Inflammation.tar	https://www.synapse.org/Synapse:syn51526584				syn51526584	syn51365306				
EAS	VASN	VASN_Q6EMK4_OID20345_v1_Cardiometabolic.tar	https://www.synapse.org/Synapse:syn51533232				syn51533232	syn51365306				
EAS	VASP	VASP_P50552_OID30692_v1_Inflammation_II.tar	https://www.synapse.org/Synapse:syn52359625				syn52359625	syn51365306				
EAS	VAT1	VAT1_Q99536_OID21382_v1_Oncology.tar	https://www.synapse.org/Synapse:syn51533486				syn51533486	syn51365306				
EAS	VAV3	VAV3_Q9UKW4_OID30795_v1_Neurology_II.tar	https://www.synapse.org/Synapse:syn52360486				syn52360486	syn51365306				
EAS	VCAM1	VCAM1_P19320_OID20396_v1_Cardiometabolic.tar	https://www.synapse.org/Synapse:syn51527301				syn51527301	syn51365306				
EAS	VCAN	VCAN_P13611_OID21026_v1_Neurology.tar	https://www.synapse.org/Synapse:syn51527189				syn51527189	syn51365306				
EAS	VCPKMT	VCPKMT_Q9H867_OID31179_v1_Oncology_II.tar	https://www.synapse.org/Synapse:syn52360956				syn52360956	syn51365306				
EAS	VEGFA	VEGFA_P15692_OID20650_v1_Inflammation.tar	https://www.synapse.org/Synapse:syn51526818				syn51526818	syn51365306				
EAS	VEGFB	VEGFB_P49765_OID30554_v1_Inflammation_II.tar	https://www.synapse.org/Synapse:syn52359739				syn52359739	syn51365306				
EAS	VEGFC	VEGFC_P49767_OID21524_v1_Oncology.tar	https://www.synapse.org/Synapse:syn51527060				syn51527060	syn51365306				
EAS	VEGFD	VEGFD_O43915_OID20662_v1_Inflammation.tar	https://www.synapse.org/Synapse:syn51526891				syn51526891	syn51365306				
EAS	VGF	VGF_O15240_OID31067_v1_Neurology_II.tar	https://www.synapse.org/Synapse:syn52360768				syn52360768	syn51365306				
EAS	VIM	VIM_P08670_OID20053_v1_Cardiometabolic.tar	https://www.synapse.org/Synapse:syn51533495				syn51533495	syn51365306				
EAS	VIPR1	VIPR1_P32241_OID30193_v1_Cardiometabolic_II.tar	https://www.synapse.org/Synapse:syn52359721				syn52359721	syn51365306				
EAS	VIT	VIT_Q6UXI7_OID30334_v1_Cardiometabolic_II.tar	https://www.synapse.org/Synapse:syn52360999				syn52360999	syn51365306				
EAS	VMO1	VMO1_Q7Z5L0_OID21381_v1_Oncology.tar	https://www.synapse.org/Synapse:syn51533306				syn51533306	syn51365306				
EAS	VNN1	VNN1_O95497_OID30711_v1_Inflammation_II.tar	https://www.synapse.org/Synapse:syn52361161				syn52361161	syn51365306				
EAS	VNN2	VNN2_O95498_OID21310_v1_Oncology.tar	https://www.synapse.org/Synapse:syn51533091				syn51533091	syn51365306				
EAS	VPS28	VPS28_Q9UK41_OID31273_v1_Oncology_II.tar	https://www.synapse.org/Synapse:syn52361103				syn52361103	syn51365306				
EAS	VPS37A	VPS37A_Q8NEZ2_OID21355_v1_Oncology.tar	https://www.synapse.org/Synapse:syn51527250				syn51527250	syn51365306				
EAS	VPS4B	VPS4B_O75351_OID31386_v1_Oncology_II.tar	https://www.synapse.org/Synapse:syn52360813				syn52360813	syn51365306				
EAS	VPS53	VPS53_Q5VIR6_OID21281_v1_Oncology.tar	https://www.synapse.org/Synapse:syn51528087				syn51528087	syn51365306				
EAS	VSIG10L	VSIG10L_Q86VR7_OID30189_v1_Cardiometabolic_II.tar	https://www.synapse.org/Synapse:syn52360054				syn52360054	syn51365306				
EAS	VSIG10	VSIG10_Q8N0Z9_OID31400_v1_Oncology_II.tar	https://www.synapse.org/Synapse:syn52361166				syn52361166	syn51365306				
EAS	VSIG2	VSIG2_Q96IQ7_OID31371_v1_Oncology_II.tar	https://www.synapse.org/Synapse:syn52360984				syn52360984	syn51365306				
EAS	VSIG4	VSIG4_Q9Y279_OID21144_v1_Neurology.tar	https://www.synapse.org/Synapse:syn51533477				syn51533477	syn51365306				
EAS	VSIR	VSIR_Q9H7M9_OID20131_v1_Cardiometabolic.tar	https://www.synapse.org/Synapse:syn51526792				syn51526792	syn51365306				
EAS	VSNL1	VSNL1_P62760_OID31105_v1_Neurology_II.tar	https://www.synapse.org/Synapse:syn52359987				syn52359987	syn51365306				
EAS	VSTM1	VSTM1_Q6UX27_OID20851_v1_Neurology.tar	https://www.synapse.org/Synapse:syn51533065				syn51533065	syn51365306				
EAS	VSTM2B	VSTM2B_A6NLU5_OID31272_v1_Oncology_II.tar	https://www.synapse.org/Synapse:syn52361080				syn52361080	syn51365306				
EAS	VSTM2L	VSTM2L_Q96N03_OID20067_v1_Cardiometabolic.tar	https://www.synapse.org/Synapse:syn51527211				syn51527211	syn51365306				
EAS	VTA1	VTA1_Q9NP79_OID21016_v1_Neurology.tar	https://www.synapse.org/Synapse:syn51526716				syn51526716	syn51365306				
EAS	VTCN1	VTCN1_Q7Z7D3_OID21164_v1_Oncology.tar	https://www.synapse.org/Synapse:syn51533662				syn51533662	syn51365306				
EAS	VTI1A	VTI1A_Q96AJ9_OID30640_v1_Inflammation_II.tar	https://www.synapse.org/Synapse:syn52360906				syn52360906	syn51365306				
EAS	VWA1	VWA1_Q6PCB0_OID21421_v1_Oncology.tar	https://www.synapse.org/Synapse:syn51533224				syn51533224	syn51365306				
EAS	VWA5A	VWA5A_O00534_OID31198_v1_Oncology_II.tar	https://www.synapse.org/Synapse:syn52360309				syn52360309	syn51365306				
EAS	VWC2L	VWC2L_B2RUY7_OID31002_v1_Neurology_II.tar	https://www.synapse.org/Synapse:syn52360970				syn52360970	syn51365306				
EAS	VWC2	VWC2_Q2TAL6_OID20936_v1_Neurology.tar	https://www.synapse.org/Synapse:syn51527204				syn51527204	syn51365306				
EAS	VWF	VWF_P04275_OID20256_v1_Cardiometabolic.tar	https://www.synapse.org/Synapse:syn51527284				syn51527284	syn51365306				
EAS	WARS	WARS_P23381_OID21084_v1_Neurology.tar	https://www.synapse.org/Synapse:syn51526651				syn51526651	syn51365306				
EAS	WASF1	WASF1_Q92558_OID20091_v1_Cardiometabolic.tar	https://www.synapse.org/Synapse:syn51533611				syn51533611	syn51365306				
EAS	WASF3	WASF3_Q9UPY6_OID20882_v1_Neurology.tar	https://www.synapse.org/Synapse:syn51533302				syn51533302	syn51365306				
EAS	WASHC3	WASHC3_Q9Y3C0_OID31123_v1_Neurology_II.tar	https://www.synapse.org/Synapse:syn52360705				syn52360705	syn51365306				
EAS	WASL	WASL_O00401_OID30467_v1_Inflammation_II.tar	https://www.synapse.org/Synapse:syn52360879				syn52360879	syn51365306				
EAS	WAS	WAS_P42768_OID20479_v1_Inflammation.tar	https://www.synapse.org/Synapse:syn51526811				syn51526811	syn51365306				
EAS	WDR46	WDR46_O15213_OID31389_v1_Oncology_II.tar	https://www.synapse.org/Synapse:syn52360657				syn52360657	syn51365306				
EAS	WFDC12	WFDC12_Q8WWY7_OID21462_v1_Oncology.tar	https://www.synapse.org/Synapse:syn51526729				syn51526729	syn51365306				
EAS	WFDC1	WFDC1_Q9HC57_OID31366_v1_Oncology_II.tar	https://www.synapse.org/Synapse:syn52359812				syn52359812	syn51365306				
EAS	WFDC2	WFDC2_Q14508_OID21505_v1_Oncology.tar	https://www.synapse.org/Synapse:syn51527236				syn51527236	syn51365306				
EAS	WFIKKN1	WFIKKN1_Q96NZ8_OID20939_v1_Neurology.tar	https://www.synapse.org/Synapse:syn51526589				syn51526589	syn51365306				
EAS	WFIKKN2	WFIKKN2_Q8TEU8_OID20785_v1_Inflammation.tar	https://www.synapse.org/Synapse:syn51526925				syn51526925	syn51365306				
EAS	WIF1	WIF1_Q9Y5W5_OID21464_v1_Oncology.tar	https://www.synapse.org/Synapse:syn51526976				syn51526976	syn51365306				
EAS	WNT9A	WNT9A_O14904_OID20460_v1_Inflammation.tar	https://www.synapse.org/Synapse:syn51531510				syn51531510	syn51365306				
EAS	WWP2	WWP2_O00308_OID20926_v1_Neurology.tar	https://www.synapse.org/Synapse:syn51527253				syn51527253	syn51365306				
EAS	XCL1	XCL1_P47992_OID21398_v1_Oncology.tar	https://www.synapse.org/Synapse:syn51526653				syn51526653	syn51365306				
EAS	XG	XG_P55808_OID20259_v1_Cardiometabolic.tar	https://www.synapse.org/Synapse:syn51527205				syn51527205	syn51365306				
EAS	XIAP	XIAP_P98170_OID30490_v1_Inflammation_II.tar	https://www.synapse.org/Synapse:syn52359531				syn52359531	syn51365306				
EAS	XPNPEP2	XPNPEP2_O43895_OID21508_v1_Oncology.tar	https://www.synapse.org/Synapse:syn51526677				syn51526677	syn51365306				
EAS	XRCC4	XRCC4_Q13426_OID20869_v1_Neurology.tar	https://www.synapse.org/Synapse:syn51528173				syn51528173	syn51365306				
EAS	YAP1	YAP1_P46937_OID31113_v1_Neurology_II.tar	https://www.synapse.org/Synapse:syn52359777				syn52359777	syn51365306				
EAS	YARS1	YARS1_P54577_OID31494_v1_Oncology_II.tar	https://www.synapse.org/Synapse:syn52359758				syn52359758	syn51365306				
EAS	YES1	YES1_P07947_OID21348_v1_Oncology.tar	https://www.synapse.org/Synapse:syn51526600				syn51526600	syn51365306				
EAS	YJU2	YJU2_Q9BW85_OID31404_v1_Oncology_II.tar	https://www.synapse.org/Synapse:syn52359699				syn52359699	syn51365306				
EAS	YOD1	YOD1_Q5VVQ6_OID30181_v1_Cardiometabolic_II.tar	https://www.synapse.org/Synapse:syn52360570				syn52360570	syn51365306				
EAS	YTHDF3	YTHDF3_Q7Z739_OID20478_v1_Inflammation.tar	https://www.synapse.org/Synapse:syn51526656				syn51526656	syn51365306				
EAS	YWHAQ	YWHAQ_P27348_OID30605_v1_Inflammation_II.tar	https://www.synapse.org/Synapse:syn52359582				syn52359582	syn51365306				
EAS	YY1	YY1_P25490_OID30446_v1_Inflammation_II.tar	https://www.synapse.org/Synapse:syn52360063				syn52360063	syn51365306				
EAS	ZBP1	ZBP1_Q9H171_OID30526_v1_Inflammation_II.tar	https://www.synapse.org/Synapse:syn52359547				syn52359547	syn51365306				
EAS	ZBTB16	ZBTB16_Q05516_OID21205_v1_Oncology.tar	https://www.synapse.org/Synapse:syn51526757				syn51526757	syn51365306				
EAS	ZBTB17	ZBTB17_Q13105_OID20082_v1_Cardiometabolic.tar	https://www.synapse.org/Synapse:syn51526922				syn51526922	syn51365306				
EAS	ZCCHC8	ZCCHC8_Q6NZY4_OID30117_v1_Cardiometabolic_II.tar	https://www.synapse.org/Synapse:syn52360144				syn52360144	syn51365306				
EAS	ZFYVE19	ZFYVE19_Q96K21_OID31452_v1_Oncology_II.tar	https://www.synapse.org/Synapse:syn52360694				syn52360694	syn51365306				
EAS	ZHX2	ZHX2_Q9Y6X8_OID31140_v1_Neurology_II.tar	https://www.synapse.org/Synapse:syn52360271				syn52360271	syn51365306				
EAS	ZNF174	ZNF174_Q15697_OID30508_v1_Inflammation_II.tar	https://www.synapse.org/Synapse:syn52360937				syn52360937	syn51365306				
EAS	ZNF75D	ZNF75D_P51815_OID31303_v1_Oncology_II.tar	https://www.synapse.org/Synapse:syn52359571				syn52359571	syn51365306				
EAS	ZNF830	ZNF830_Q96NB3_OID31350_v1_Oncology_II.tar	https://www.synapse.org/Synapse:syn52359693				syn52359693	syn51365306				
EAS	ZNRD2	ZNRD2_O60232_OID31450_v1_Oncology_II.tar	https://www.synapse.org/Synapse:syn52360400				syn52360400	syn51365306				
EAS	ZNRF4	ZNRF4_Q8WWF5_OID31347_v1_Oncology_II.tar	https://www.synapse.org/Synapse:syn52360170				syn52360170	syn51365306				
EAS	ZP3	ZP3_P21754_OID30265_v1_Cardiometabolic_II.tar	https://www.synapse.org/Synapse:syn52359982				syn52359982	syn51365306				
EAS	ZP4	ZP4_Q12836_OID31185_v1_Oncology_II.tar	https://www.synapse.org/Synapse:syn52360260				syn52360260	syn51365306				
EAS	ZPR1	ZPR1_O75312_OID30801_v1_Neurology_II.tar	https://www.synapse.org/Synapse:syn52361031				syn52361031	syn51365306				
